user_id,last_order,frequency,monetary,recency,r_score,f_score,m_score,rfm_segment
U000001,2025-10-09,10,8489.630000000001,83,2,5,5,Loyal
U000002,2025-12-26,6,6918.15,5,5,4,5,Champions
U000003,2025-09-01,4,2921.68,121,2,2,3,Hibernating
U000004,2025-12-05,9,5288.06,26,4,5,5,Champions
U000005,2025-07-25,5,3112.69,159,1,3,3,At Risk
U000006,2025-12-11,3,2325.62,20,4,2,3,New & Promising
U000007,2025-07-22,5,5739.969999999999,162,1,3,5,At Risk
U000008,2025-12-11,2,741.9100000000001,20,4,1,1,New & Promising
U000009,2025-12-01,7,5269.38,30,4,4,5,Champions
U000010,2025-01-26,1,657.26,339,1,1,1,Hibernating
U000011,2025-12-16,3,2546.45,15,5,2,3,New & Promising
U000012,2025-11-09,9,7442.8,52,3,5,5,Loyal
U000013,2025-11-09,2,5119.73,52,3,1,5,Potential Loyalists
U000014,2025-10-14,2,1686.4,78,2,1,2,Hibernating
U000015,2025-09-07,2,596.98,115,2,1,1,Hibernating
U000017,2025-10-29,3,937.8599999999999,63,3,2,1,Potential Loyalists
U000018,2025-08-10,4,5824.48,143,1,2,5,Hibernating
U000019,2025-11-14,2,1568.93,47,3,1,2,Potential Loyalists
U000020,2025-07-15,4,2778.7000000000003,169,1,2,3,Hibernating
U000021,2025-06-21,6,2010.68,193,1,4,2,Loyal
U000022,2025-08-26,7,5873.23,127,2,4,5,Loyal
U000023,2025-09-24,6,3893.0699999999997,98,2,4,4,Loyal
U000024,2025-11-06,1,414.11,55,3,1,1,Potential Loyalists
U000025,2025-12-29,4,1890.99,2,5,2,2,New & Promising
U000026,2025-11-10,2,1064.54,51,3,1,1,Potential Loyalists
U000027,2025-09-15,5,3757.57,107,2,3,4,At Risk
U000028,2025-12-14,3,2202.27,17,5,2,3,New & Promising
U000030,2025-12-27,6,4126.22,4,5,4,4,Champions
U000031,2025-06-28,1,223.11,186,1,1,1,Hibernating
U000032,2025-09-03,8,4138.7300000000005,119,2,5,4,Loyal
U000033,2025-11-16,4,1534.4299999999998,45,3,2,2,Potential Loyalists
U000034,2025-11-28,7,3024.74,33,4,4,3,Champions
U000035,2025-12-27,2,3711.7700000000004,4,5,1,4,New & Promising
U000036,2025-12-08,7,4060.17,23,4,4,4,Champions
U000037,2025-10-12,8,3905.36,80,2,5,4,Loyal
U000038,2025-12-19,11,8421.22,12,5,5,5,Champions
U000039,2025-11-03,3,1546.29,58,3,2,2,Potential Loyalists
U000040,2025-08-13,5,2302.8399999999997,140,1,3,3,At Risk
U000041,2025-12-27,10,4492.360000000001,4,5,5,4,Champions
U000042,2025-10-27,3,1979.95,65,3,2,2,Potential Loyalists
U000043,2025-09-25,5,2242.27,97,2,3,3,At Risk
U000044,2025-12-18,5,3087.63,13,5,3,3,Potential Loyalists
U000045,2025-12-13,16,11749.039999999999,18,4,5,5,Champions
U000046,2025-12-27,4,1878.56,4,5,2,2,New & Promising
U000047,2025-09-04,1,768.74,118,2,1,1,Hibernating
U000048,2025-12-09,4,2960.8500000000004,22,4,2,3,New & Promising
U000049,2025-11-01,11,5714.36,60,3,5,5,Loyal
U000050,2025-10-03,7,3673.3500000000004,89,2,4,4,Loyal
U000051,2025-12-21,12,8140.57,10,5,5,5,Champions
U000052,2025-12-26,9,4105.99,5,5,5,4,Champions
U000053,2025-12-06,11,6412.9,25,4,5,5,Champions
U000054,2025-09-26,1,561.66,96,2,1,1,Hibernating
U000055,2025-08-23,3,1353.27,130,1,2,2,Hibernating
U000056,2025-10-31,10,8976.75,61,3,5,5,Loyal
U000057,2025-09-23,4,1525.1100000000001,99,2,2,2,Hibernating
U000058,2025-11-14,5,2205.5299999999997,47,3,3,3,Potential Loyalists
U000059,2025-09-16,4,1651.9,106,2,2,2,Hibernating
U000060,2025-11-16,6,2164.7200000000003,45,3,4,3,Loyal
U000061,2025-09-30,6,4123.71,92,2,4,4,Loyal
U000062,2025-12-11,15,7319.16,20,4,5,5,Champions
U000064,2025-09-06,3,1718.47,116,2,2,2,Hibernating
U000065,2025-11-04,4,3568.46,57,3,2,4,Potential Loyalists
U000066,2025-09-23,4,4145.69,99,2,2,4,Hibernating
U000067,2025-09-11,3,1888.85,111,2,2,2,Hibernating
U000068,2025-12-21,4,3507.36,10,5,2,4,New & Promising
U000069,2025-11-07,4,3270.2700000000004,54,3,2,4,Potential Loyalists
U000070,2025-12-14,4,1744.3799999999999,17,5,2,2,New & Promising
U000071,2025-03-10,2,387.0,296,1,1,1,Hibernating
U000072,2025-08-15,2,1489.1999999999998,138,1,1,2,Hibernating
U000073,2025-11-20,6,3414.22,41,3,4,4,Loyal
U000074,2025-12-13,8,4651.32,18,4,5,4,Champions
U000075,2025-12-04,8,4661.25,27,4,5,4,Champions
U000076,2025-12-22,4,2963.8500000000004,9,5,2,3,New & Promising
U000077,2025-09-26,1,411.76,96,2,1,1,Hibernating
U000078,2025-12-07,5,3389.71,24,4,3,4,Potential Loyalists
U000079,2025-12-18,3,2726.37,13,5,2,3,New & Promising
U000080,2025-12-28,4,2494.64,3,5,2,3,New & Promising
U000081,2025-12-26,5,2912.71,5,5,3,3,Potential Loyalists
U000082,2025-09-14,3,1471.0900000000001,108,2,2,2,Hibernating
U000083,2025-07-21,5,3009.3,163,1,3,3,At Risk
U000084,2025-12-08,1,267.7,23,4,1,1,New & Promising
U000085,2025-11-02,5,3401.35,59,3,3,4,Potential Loyalists
U000086,2025-10-04,6,4786.91,88,2,4,5,Loyal
U000087,2025-03-16,2,2594.87,290,1,1,3,Hibernating
U000088,2025-12-13,5,2401.4,18,4,3,3,Potential Loyalists
U000089,2025-11-26,12,6745.83,35,4,5,5,Champions
U000090,2025-11-27,4,2948.91,34,4,2,3,New & Promising
U000091,2025-10-10,6,2884.27,82,2,4,3,Loyal
U000092,2025-12-03,2,1283.73,28,4,1,2,New & Promising
U000093,2025-07-03,2,640.28,181,1,1,1,Hibernating
U000094,2025-12-18,4,3184.98,13,5,2,3,New & Promising
U000095,2025-12-13,7,3637.1,18,4,4,4,Champions
U000096,2025-02-15,1,315.72,319,1,1,1,Hibernating
U000097,2025-11-15,5,2809.76,46,3,3,3,Potential Loyalists
U000098,2025-12-10,10,5188.49,21,4,5,5,Champions
U000099,2025-12-29,5,3738.9300000000003,2,5,3,4,Potential Loyalists
U000100,2025-12-07,4,3185.94,24,4,2,3,New & Promising
U000101,2025-05-01,2,864.69,244,1,1,1,Hibernating
U000102,2025-08-29,1,228.5,124,2,1,1,Hibernating
U000104,2025-11-14,10,4031.17,47,3,5,4,Loyal
U000105,2025-12-13,6,3503.79,18,4,4,4,Champions
U000106,2025-01-23,1,582.79,342,1,1,1,Hibernating
U000107,2025-12-13,9,5131.72,18,4,5,5,Champions
U000108,2025-11-27,6,5451.21,34,4,4,5,Champions
U000110,2025-06-10,2,709.46,204,1,1,1,Hibernating
U000111,2025-12-12,8,6031.45,19,4,5,5,Champions
U000112,2025-11-29,5,3201.8199999999997,32,4,3,4,Potential Loyalists
U000113,2025-10-30,8,5484.35,62,3,5,5,Loyal
U000115,2025-09-16,3,1417.8000000000002,106,2,2,2,Hibernating
U000116,2025-12-07,4,2307.17,24,4,2,3,New & Promising
U000117,2025-12-19,12,7979.41,12,5,5,5,Champions
U000118,2025-09-27,5,3322.36,95,2,3,4,At Risk
U000119,2025-12-04,8,5178.26,27,4,5,5,Champions
U000120,2025-12-18,7,4532.75,13,5,4,4,Champions
U000121,2025-11-03,4,6890.469999999999,58,3,2,5,Potential Loyalists
U000122,2025-11-17,12,6490.44,44,3,5,5,Loyal
U000123,2025-09-12,2,527.25,110,2,1,1,Hibernating
U000124,2025-12-03,4,1987.33,28,4,2,2,New & Promising
U000125,2025-12-18,6,2749.75,13,5,4,3,Champions
U000126,2025-08-27,3,1370.46,126,2,2,2,Hibernating
U000127,2025-07-19,3,1959.12,165,1,2,2,Hibernating
U000128,2025-11-04,6,2055.3,57,3,4,2,Loyal
U000129,2025-12-26,4,3145.78,5,5,2,3,New & Promising
U000130,2025-01-17,1,2049.73,348,1,1,2,Hibernating
U000131,2025-09-20,3,2257.3,102,2,2,3,Hibernating
U000133,2025-09-14,2,1163.96,108,2,1,1,Hibernating
U000134,2025-11-17,4,2125.94,44,3,2,3,Potential Loyalists
U000135,2025-12-27,10,8861.19,4,5,5,5,Champions
U000136,2025-04-25,1,1591.53,250,1,1,2,Hibernating
U000137,2025-12-24,12,7033.83,7,5,5,5,Champions
U000138,2025-08-03,3,1148.16,150,1,2,1,Hibernating
U000139,2025-12-10,4,1631.71,21,4,2,2,New & Promising
U000140,2025-08-26,7,4470.3,127,2,4,4,Loyal
U000141,2025-11-15,3,2167.38,46,3,2,3,Potential Loyalists
U000142,2025-09-17,2,1074.3400000000001,105,2,1,1,Hibernating
U000143,2025-09-22,2,568.8,100,2,1,1,Hibernating
U000144,2025-11-05,3,1869.79,56,3,2,2,Potential Loyalists
U000145,2025-12-22,6,2464.0299999999997,9,5,4,3,Champions
U000146,2025-12-13,5,2622.79,18,4,3,3,Potential Loyalists
U000147,2025-10-18,6,6453.800000000001,74,2,4,5,Loyal
U000148,2025-12-26,7,5508.570000000001,5,5,4,5,Champions
U000149,2025-12-14,4,1722.5,17,5,2,2,New & Promising
U000150,2025-08-25,4,1509.02,128,2,2,2,Hibernating
U000151,2025-07-26,4,3038.3,158,1,2,3,Hibernating
U000152,2025-04-25,1,301.71,250,1,1,1,Hibernating
U000153,2025-10-19,4,1533.21,73,2,2,2,Hibernating
U000154,2025-08-22,3,1778.96,131,1,2,2,Hibernating
U000155,2025-12-13,5,3522.77,18,4,3,4,Potential Loyalists
U000156,2025-05-09,3,3193.77,236,1,2,3,Hibernating
U000157,2025-11-11,9,7047.13,50,3,5,5,Loyal
U000159,2025-12-29,6,4918.02,2,5,4,5,Champions
U000160,2025-09-22,5,3264.21,100,2,3,4,At Risk
U000161,2025-10-03,5,2551.41,89,2,3,3,At Risk
U000162,2025-09-28,6,3139.5499999999997,94,2,4,3,Loyal
U000163,2025-12-14,4,2464.4,17,5,2,3,New & Promising
U000164,2025-07-24,3,1628.69,160,1,2,2,Hibernating
U000165,2025-09-24,8,8904.95,98,2,5,5,Loyal
U000166,2025-09-03,1,214.95,119,2,1,1,Hibernating
U000167,2025-10-21,2,914.96,71,2,1,1,Hibernating
U000168,2025-09-17,3,1704.05,105,2,2,2,Hibernating
U000169,2025-11-23,8,2907.0,38,3,5,3,Loyal
U000170,2025-09-09,6,2972.55,113,2,4,3,Loyal
U000171,2025-06-09,2,3693.13,205,1,1,4,Hibernating
U000172,2025-12-23,8,5752.07,8,5,5,5,Champions
U000174,2025-09-25,8,3890.13,97,2,5,4,Loyal
U000175,2025-10-30,4,1986.77,62,3,2,2,Potential Loyalists
U000176,2025-12-18,11,7268.76,13,5,5,5,Champions
U000177,2025-12-07,4,1652.08,24,4,2,2,New & Promising
U000178,2025-07-16,2,1883.52,168,1,1,2,Hibernating
U000179,2025-09-09,5,4690.41,113,2,3,4,At Risk
U000180,2025-12-29,7,4457.32,2,5,4,4,Champions
U000181,2025-11-11,2,1314.28,50,3,1,2,Potential Loyalists
U000182,2025-10-25,5,2218.36,67,3,3,3,Potential Loyalists
U000183,2025-06-20,1,420.52,194,1,1,1,Hibernating
U000184,2025-12-09,1,198.05,22,4,1,1,New & Promising
U000185,2025-10-11,3,1963.71,81,2,2,2,Hibernating
U000186,2025-12-14,6,3834.47,17,5,4,4,Champions
U000187,2025-11-13,9,4461.07,48,3,5,4,Loyal
U000189,2025-09-13,2,1148.4,109,2,1,1,Hibernating
U000190,2025-08-03,2,1749.99,150,1,1,2,Hibernating
U000191,2025-03-07,1,192.7,299,1,1,1,Hibernating
U000192,2025-10-19,5,1871.55,73,2,3,2,At Risk
U000193,2025-04-10,1,1629.53,265,1,1,2,Hibernating
U000194,2025-12-14,6,4987.41,17,5,4,5,Champions
U000195,2025-09-30,1,707.28,92,2,1,1,Hibernating
U000196,2025-10-15,2,449.86,77,2,1,1,Hibernating
U000197,2025-12-11,6,2960.21,20,4,4,3,Champions
U000198,2025-05-20,3,2141.3,225,1,2,3,Hibernating
U000199,2025-11-30,7,3717.8,31,4,4,4,Champions
U000200,2025-12-18,12,11086.4,13,5,5,5,Champions
U000201,2025-11-29,3,2978.43,32,4,2,3,New & Promising
U000202,2025-11-13,5,2109.5,48,3,3,2,Potential Loyalists
U000203,2025-11-25,5,4101.07,36,4,3,4,Potential Loyalists
U000204,2025-06-24,5,3455.96,190,1,3,4,At Risk
U000205,2025-02-28,1,2158.12,306,1,1,3,Hibernating
U000207,2025-10-03,3,1665.3600000000001,89,2,2,2,Hibernating
U000208,2025-12-02,10,7903.33,29,4,5,5,Champions
U000209,2025-12-08,9,8952.1,23,4,5,5,Champions
U000210,2025-08-19,3,2611.92,134,1,2,3,Hibernating
U000211,2025-10-07,8,5000.17,85,2,5,5,Loyal
U000212,2025-11-30,6,3153.94,31,4,4,3,Champions
U000213,2025-12-17,4,4042.66,14,5,2,4,New & Promising
U000215,2025-12-17,10,6113.52,14,5,5,5,Champions
U000216,2025-10-04,6,2507.7799999999997,88,2,4,3,Loyal
U000217,2025-10-22,3,1332.7199999999998,70,2,2,2,Hibernating
U000219,2025-12-28,3,1608.46,3,5,2,2,New & Promising
U000220,2025-12-24,4,1690.4,7,5,2,2,New & Promising
U000221,2025-12-19,5,2801.0299999999997,12,5,3,3,Potential Loyalists
U000222,2025-12-22,3,2404.83,9,5,2,3,New & Promising
U000223,2025-09-28,6,4919.38,94,2,4,5,Loyal
U000224,2025-11-20,1,582.4,41,3,1,1,Potential Loyalists
U000225,2025-11-30,3,1240.69,31,4,2,2,New & Promising
U000226,2025-04-02,1,411.0,273,1,1,1,Hibernating
U000227,2025-11-13,9,5863.72,48,3,5,5,Loyal
U000228,2025-02-26,3,1537.6,308,1,2,2,Hibernating
U000229,2025-12-27,4,3358.24,4,5,2,4,New & Promising
U000230,2025-05-25,1,212.46,220,1,1,1,Hibernating
U000231,2025-12-30,7,3584.13,1,5,4,4,Champions
U000232,2025-12-12,8,4868.62,19,4,5,5,Champions
U000233,2025-10-16,6,3637.9700000000003,76,2,4,4,Loyal
U000235,2025-04-16,4,2002.15,259,1,2,2,Hibernating
U000236,2025-12-18,10,4964.38,13,5,5,5,Champions
U000237,2025-09-29,2,1005.9300000000001,93,2,1,1,Hibernating
U000238,2025-12-14,3,1899.29,17,5,2,2,New & Promising
U000240,2025-12-27,5,3259.16,4,5,3,4,Potential Loyalists
U000241,2025-07-12,4,1787.3400000000001,172,1,2,2,Hibernating
U000242,2025-12-15,7,3086.66,16,5,4,3,Champions
U000243,2025-11-26,2,1178.33,35,4,1,1,New & Promising
U000244,2025-12-30,8,4649.24,1,5,5,4,Champions
U000245,2025-12-19,7,2552.3900000000003,12,5,4,3,Champions
U000246,2025-11-11,14,8217.97,50,3,5,5,Loyal
U000247,2025-12-21,3,3050.84,10,5,2,3,New & Promising
U000248,2025-12-27,12,7608.54,4,5,5,5,Champions
U000249,2025-12-09,10,6910.48,22,4,5,5,Champions
U000250,2025-11-23,11,5773.2,38,3,5,5,Loyal
U000251,2025-12-11,5,2295.0699999999997,20,4,3,3,Potential Loyalists
U000252,2025-12-13,5,4606.04,18,4,3,4,Potential Loyalists
U000253,2025-01-08,1,1072.11,357,1,1,1,Hibernating
U000254,2025-08-28,2,1593.63,125,2,1,2,Hibernating
U000255,2025-07-09,3,2473.54,175,1,2,3,Hibernating
U000256,2025-10-26,6,4621.12,66,3,4,4,Loyal
U000257,2025-12-14,3,1852.69,17,5,2,2,New & Promising
U000258,2025-12-11,8,5470.95,20,4,5,5,Champions
U000259,2025-04-12,3,1834.49,263,1,2,2,Hibernating
U000260,2025-11-09,5,2574.76,52,3,3,3,Potential Loyalists
U000261,2025-12-12,3,1999.2800000000002,19,4,2,2,New & Promising
U000262,2025-10-26,3,2223.72,66,3,2,3,Potential Loyalists
U000263,2025-12-21,3,1756.1599999999999,10,5,2,2,New & Promising
U000264,2025-11-18,2,860.4200000000001,43,3,1,1,Potential Loyalists
U000265,2025-11-11,3,1616.82,50,3,2,2,Potential Loyalists
U000266,2025-08-19,10,6676.94,134,1,5,5,Loyal
U000267,2025-04-10,2,1337.1,265,1,1,2,Hibernating
U000268,2025-11-28,2,1063.54,33,4,1,1,New & Promising
U000269,2025-12-13,9,4312.29,18,4,5,4,Champions
U000270,2025-11-17,12,7905.28,44,3,5,5,Loyal
U000271,2025-12-25,4,2947.34,6,5,2,3,New & Promising
U000272,2025-09-28,11,9588.53,94,2,5,5,Loyal
U000273,2025-11-30,8,3614.89,31,4,5,4,Champions
U000274,2025-12-01,9,5185.27,30,4,5,5,Champions
U000275,2025-12-13,6,4291.57,18,4,4,4,Champions
U000276,2025-11-23,6,2919.62,38,3,4,3,Loyal
U000277,2025-05-07,2,830.1700000000001,238,1,1,1,Hibernating
U000278,2025-08-24,3,2428.45,129,1,2,3,Hibernating
U000279,2025-12-22,8,3388.46,9,5,5,4,Champions
U000280,2025-12-27,7,4099.95,4,5,4,4,Champions
U000281,2025-11-29,8,3780.91,32,4,5,4,Champions
U000282,2025-09-28,6,3709.56,94,2,4,4,Loyal
U000283,2025-11-29,7,4349.66,32,4,4,4,Champions
U000284,2025-10-19,4,2510.65,73,2,2,3,Hibernating
U000285,2025-06-14,2,1420.63,200,1,1,2,Hibernating
U000286,2025-11-30,5,2570.11,31,4,3,3,Potential Loyalists
U000287,2025-12-03,4,2708.2200000000003,28,4,2,3,New & Promising
U000288,2025-11-03,4,3512.8900000000003,58,3,2,4,Potential Loyalists
U000289,2025-12-13,10,5124.280000000001,18,4,5,5,Champions
U000290,2025-10-31,5,1789.8,61,3,3,2,Potential Loyalists
U000291,2025-12-25,1,335.23,6,5,1,1,New & Promising
U000292,2025-12-12,7,5377.64,19,4,4,5,Champions
U000293,2025-10-29,5,2379.09,63,3,3,3,Potential Loyalists
U000294,2025-10-25,3,893.54,67,3,2,1,Potential Loyalists
U000295,2025-12-30,9,8641.869999999999,1,5,5,5,Champions
U000296,2025-09-10,2,1817.17,112,2,1,2,Hibernating
U000298,2025-11-19,5,4899.14,42,3,3,5,Potential Loyalists
U000299,2025-12-07,6,3353.8,24,4,4,4,Champions
U000300,2025-07-26,2,3162.29,158,1,1,3,Hibernating
U000301,2025-08-16,6,3903.61,137,1,4,4,Loyal
U000302,2025-06-22,4,2151.64,192,1,2,3,Hibernating
U000303,2025-08-11,3,1241.85,142,1,2,2,Hibernating
U000304,2025-10-11,5,5760.83,81,2,3,5,At Risk
U000305,2025-12-25,11,6258.74,6,5,5,5,Champions
U000306,2025-11-16,2,1472.0300000000002,45,3,1,2,Potential Loyalists
U000307,2025-12-26,10,5617.47,5,5,5,5,Champions
U000308,2025-06-17,4,1633.94,197,1,2,2,Hibernating
U000309,2025-05-14,2,869.4300000000001,231,1,1,1,Hibernating
U000310,2025-12-11,5,2515.35,20,4,3,3,Potential Loyalists
U000311,2025-07-12,2,739.64,172,1,1,1,Hibernating
U000313,2025-11-18,4,3498.76,43,3,2,4,Potential Loyalists
U000314,2025-11-25,12,9169.48,36,4,5,5,Champions
U000315,2025-10-01,7,4015.41,91,2,4,4,Loyal
U000316,2025-08-05,1,325.34,148,1,1,1,Hibernating
U000317,2025-11-12,6,3639.5600000000004,49,3,4,4,Loyal
U000318,2025-03-23,2,783.0,283,1,1,1,Hibernating
U000319,2025-10-07,7,4892.59,85,2,4,5,Loyal
U000320,2025-06-29,3,1062.3799999999999,185,1,2,1,Hibernating
U000321,2025-12-22,5,5007.62,9,5,3,5,Potential Loyalists
U000322,2025-10-11,13,7199.2,81,2,5,5,Loyal
U000323,2025-08-17,4,2191.45,136,1,2,3,Hibernating
U000324,2025-12-28,5,1401.15,3,5,3,2,Potential Loyalists
U000325,2025-09-22,2,1441.17,100,2,1,2,Hibernating
U000326,2025-11-24,5,3327.2200000000003,37,4,3,4,Potential Loyalists
U000328,2025-11-01,7,4724.39,60,3,4,4,Loyal
U000329,2025-10-22,1,780.12,70,2,1,1,Hibernating
U000330,2025-12-13,8,3804.13,18,4,5,4,Champions
U000331,2025-12-31,8,8629.43,0,5,5,5,Champions
U000332,2025-11-23,5,2380.23,38,3,3,3,Potential Loyalists
U000333,2025-11-24,3,1772.9199999999998,37,4,2,2,New & Promising
U000334,2025-11-03,3,3213.84,58,3,2,4,Potential Loyalists
U000335,2025-12-30,4,2188.33,1,5,2,3,New & Promising
U000336,2025-04-06,1,152.74,269,1,1,1,Hibernating
U000337,2025-12-09,1,2446.95,22,4,1,3,New & Promising
U000338,2025-12-27,11,7410.05,4,5,5,5,Champions
U000339,2025-06-26,2,674.3499999999999,188,1,1,1,Hibernating
U000340,2025-10-20,6,2441.4,72,2,4,3,Loyal
U000341,2025-09-20,1,165.08,102,2,1,1,Hibernating
U000342,2025-10-06,8,4549.62,86,2,5,4,Loyal
U000343,2025-08-02,1,219.67,151,1,1,1,Hibernating
U000345,2025-12-28,12,9366.2,3,5,5,5,Champions
U000346,2025-11-08,6,1830.71,53,3,4,2,Loyal
U000347,2025-12-20,7,3158.12,11,5,4,3,Champions
U000348,2025-12-11,4,2681.38,20,4,2,3,New & Promising
U000349,2025-12-19,7,10309.23,12,5,4,5,Champions
U000350,2025-12-13,3,981.76,18,4,2,1,New & Promising
U000351,2025-11-12,3,1165.31,49,3,2,1,Potential Loyalists
U000352,2025-12-31,8,5267.82,0,5,5,5,Champions
U000353,2025-09-13,5,2361.39,109,2,3,3,At Risk
U000354,2025-11-12,5,3430.7,49,3,3,4,Potential Loyalists
U000355,2025-12-30,1,306.39,1,5,1,1,New & Promising
U000356,2025-12-21,16,6080.74,10,5,5,5,Champions
U000357,2025-12-30,10,6727.780000000001,1,5,5,5,Champions
U000358,2025-09-21,5,3396.0,101,2,3,4,At Risk
U000359,2025-09-05,3,1237.01,117,2,2,2,Hibernating
U000360,2025-11-11,4,2409.1800000000003,50,3,2,3,Potential Loyalists
U000361,2025-11-10,8,3731.2999999999997,51,3,5,4,Loyal
U000362,2025-12-25,8,5552.26,6,5,5,5,Champions
U000363,2025-10-11,2,1107.83,81,2,1,1,Hibernating
U000364,2025-12-16,4,2651.27,15,5,2,3,New & Promising
U000365,2025-11-23,8,5689.02,38,3,5,5,Loyal
U000366,2025-12-06,14,7305.62,25,4,5,5,Champions
U000367,2025-10-09,7,7306.98,83,2,4,5,Loyal
U000368,2025-08-07,6,3463.56,146,1,4,4,Loyal
U000369,2025-06-17,4,3204.59,197,1,2,4,Hibernating
U000370,2025-11-19,4,3222.84,42,3,2,4,Potential Loyalists
U000371,2025-09-29,6,4794.570000000001,93,2,4,5,Loyal
U000372,2025-10-20,7,4071.5699999999997,72,2,4,4,Loyal
U000373,2025-12-22,2,1625.45,9,5,1,2,New & Promising
U000374,2025-12-11,7,5742.360000000001,20,4,4,5,Champions
U000375,2025-08-08,5,2616.19,145,1,3,3,At Risk
U000376,2025-12-10,9,5481.62,21,4,5,5,Champions
U000377,2025-12-13,8,5505.9,18,4,5,5,Champions
U000378,2025-10-08,4,2237.48,84,2,2,3,Hibernating
U000379,2025-11-09,2,1429.85,52,3,1,2,Potential Loyalists
U000380,2025-10-27,4,2524.01,65,3,2,3,Potential Loyalists
U000381,2025-12-25,3,5581.38,6,5,2,5,New & Promising
U000382,2025-12-17,8,5184.4,14,5,5,5,Champions
U000383,2025-10-17,3,1445.17,75,2,2,2,Hibernating
U000384,2025-12-08,4,3418.1800000000003,23,4,2,4,New & Promising
U000385,2025-07-17,7,3712.35,167,1,4,4,Loyal
U000387,2025-09-09,1,253.63,113,2,1,1,Hibernating
U000388,2025-11-25,8,4285.84,36,4,5,4,Champions
U000389,2025-08-10,2,1502.1399999999999,143,1,1,2,Hibernating
U000390,2025-09-15,8,4778.49,107,2,5,5,Loyal
U000391,2025-12-21,4,1658.43,10,5,2,2,New & Promising
U000392,2025-06-26,3,1425.13,188,1,2,2,Hibernating
U000393,2025-09-09,5,2719.78,113,2,3,3,At Risk
U000394,2025-09-07,2,1913.5700000000002,115,2,1,2,Hibernating
U000395,2025-12-19,2,1479.52,12,5,1,2,New & Promising
U000396,2025-10-30,8,4651.17,62,3,5,4,Loyal
U000397,2025-02-15,5,2704.44,319,1,3,3,At Risk
U000398,2025-03-02,1,210.48,304,1,1,1,Hibernating
U000399,2025-11-08,2,740.42,53,3,1,1,Potential Loyalists
U000400,2025-07-02,1,138.82,182,1,1,1,Hibernating
U000401,2025-12-22,7,3725.4700000000003,9,5,4,4,Champions
U000402,2025-11-17,11,5834.91,44,3,5,5,Loyal
U000403,2025-11-05,5,1909.27,56,3,3,2,Potential Loyalists
U000404,2025-12-13,12,8348.39,18,4,5,5,Champions
U000405,2025-01-30,1,384.96,335,1,1,1,Hibernating
U000406,2025-12-03,5,2519.2,28,4,3,3,Potential Loyalists
U000407,2025-12-26,7,4154.08,5,5,4,4,Champions
U000408,2025-11-09,5,4414.15,52,3,3,4,Potential Loyalists
U000409,2025-11-06,9,6207.31,55,3,5,5,Loyal
U000410,2025-09-07,1,536.0,115,2,1,1,Hibernating
U000411,2025-06-25,3,1679.48,189,1,2,2,Hibernating
U000412,2025-11-01,4,1731.13,60,3,2,2,Potential Loyalists
U000413,2025-10-04,7,3526.04,88,2,4,4,Loyal
U000414,2025-07-24,2,1765.69,160,1,1,2,Hibernating
U000415,2025-11-24,1,348.0,37,4,1,1,New & Promising
U000416,2025-12-27,9,4919.3,4,5,5,5,Champions
U000417,2025-11-11,1,375.95,50,3,1,1,Potential Loyalists
U000418,2025-12-13,4,1370.4,18,4,2,2,New & Promising
U000419,2025-12-31,15,8386.21,0,5,5,5,Champions
U000420,2025-12-21,5,4638.0199999999995,10,5,3,4,Potential Loyalists
U000422,2025-12-28,7,4538.51,3,5,4,4,Champions
U000423,2025-11-11,4,2315.85,50,3,2,3,Potential Loyalists
U000424,2025-12-21,8,6065.12,10,5,5,5,Champions
U000425,2025-10-28,5,4426.63,64,3,3,4,Potential Loyalists
U000426,2025-11-29,7,3645.76,32,4,4,4,Champions
U000427,2025-12-13,9,6114.83,18,4,5,5,Champions
U000431,2025-12-13,13,7596.85,18,4,5,5,Champions
U000432,2025-08-16,2,1052.96,137,1,1,1,Hibernating
U000433,2025-11-11,7,4657.36,50,3,4,4,Loyal
U000434,2025-12-29,3,930.05,2,5,2,1,New & Promising
U000435,2025-08-10,2,1234.44,143,1,1,2,Hibernating
U000436,2025-12-31,5,2684.16,0,5,3,3,Potential Loyalists
U000437,2025-09-08,4,2192.93,114,2,2,3,Hibernating
U000438,2025-09-10,2,1305.1599999999999,112,2,1,2,Hibernating
U000439,2025-12-20,3,2420.69,11,5,2,3,New & Promising
U000440,2025-10-18,1,1084.33,74,2,1,1,Hibernating
U000441,2025-07-02,4,1607.41,182,1,2,2,Hibernating
U000443,2025-05-31,3,2035.1399999999999,214,1,2,2,Hibernating
U000444,2025-04-09,1,261.68,266,1,1,1,Hibernating
U000445,2025-11-01,3,1863.2,60,3,2,2,Potential Loyalists
U000446,2025-10-31,3,1724.09,61,3,2,2,Potential Loyalists
U000447,2025-12-23,8,3962.65,8,5,5,4,Champions
U000448,2025-12-25,7,3275.31,6,5,4,4,Champions
U000449,2025-12-28,2,1139.9,3,5,1,1,New & Promising
U000450,2025-12-13,3,2591.08,18,4,2,3,New & Promising
U000451,2025-07-29,1,1044.75,155,1,1,1,Hibernating
U000452,2025-06-09,3,2134.82,205,1,2,3,Hibernating
U000453,2025-11-12,8,4641.98,49,3,5,4,Loyal
U000454,2025-05-14,2,897.97,231,1,1,1,Hibernating
U000455,2025-10-12,6,1432.6200000000001,80,2,4,2,Loyal
U000456,2025-04-20,1,1366.79,255,1,1,2,Hibernating
U000457,2025-03-31,1,223.52,275,1,1,1,Hibernating
U000458,2025-12-04,11,7145.77,27,4,5,5,Champions
U000459,2025-12-03,7,4882.89,28,4,4,5,Champions
U000460,2025-11-26,6,3158.94,35,4,4,3,Champions
U000461,2025-12-13,6,4038.16,18,4,4,4,Champions
U000463,2025-12-28,7,6321.5599999999995,3,5,4,5,Champions
U000464,2025-12-07,4,1937.8300000000002,24,4,2,2,New & Promising
U000465,2025-09-14,4,2123.5,108,2,2,3,Hibernating
U000466,2025-12-22,11,7271.34,9,5,5,5,Champions
U000467,2025-12-08,4,1934.0,23,4,2,2,New & Promising
U000468,2025-09-20,3,2352.68,102,2,2,3,Hibernating
U000469,2025-12-27,13,7781.83,4,5,5,5,Champions
U000470,2025-12-20,9,4382.73,11,5,5,4,Champions
U000471,2025-12-07,3,2178.66,24,4,2,3,New & Promising
U000473,2025-11-12,4,2895.08,49,3,2,3,Potential Loyalists
U000474,2025-10-12,2,1598.63,80,2,1,2,Hibernating
U000475,2025-12-15,6,4893.4,16,5,4,5,Champions
U000476,2025-07-25,5,1743.29,159,1,3,2,At Risk
U000477,2025-12-24,10,8199.3,7,5,5,5,Champions
U000478,2025-12-24,13,7569.9800000000005,7,5,5,5,Champions
U000479,2025-12-25,5,3881.35,6,5,3,4,Potential Loyalists
U000481,2025-11-02,6,3706.8300000000004,59,3,4,4,Loyal
U000482,2025-02-04,2,1447.26,330,1,1,2,Hibernating
U000483,2025-12-29,5,6635.38,2,5,3,5,Potential Loyalists
U000484,2025-12-19,11,7689.91,12,5,5,5,Champions
U000485,2025-01-27,1,208.04,338,1,1,1,Hibernating
U000486,2025-12-11,7,3369.8199999999997,20,4,4,4,Champions
U000487,2025-12-12,8,4977.7,19,4,5,5,Champions
U000488,2025-11-08,4,3161.64,53,3,2,3,Potential Loyalists
U000489,2025-08-28,5,3470.37,125,2,3,4,At Risk
U000490,2025-11-22,7,3757.82,39,3,4,4,Loyal
U000491,2025-12-28,4,3985.13,3,5,2,4,New & Promising
U000492,2025-11-21,2,1113.28,40,3,1,1,Potential Loyalists
U000493,2025-09-14,4,1688.68,108,2,2,2,Hibernating
U000494,2025-09-29,6,5742.860000000001,93,2,4,5,Loyal
U000495,2025-06-27,2,1750.88,187,1,1,2,Hibernating
U000496,2025-11-16,1,1150.02,45,3,1,1,Potential Loyalists
U000497,2025-12-03,5,3042.0699999999997,28,4,3,3,Potential Loyalists
U000498,2025-11-04,3,2017.5,57,3,2,2,Potential Loyalists
U000499,2025-07-28,2,1171.8000000000002,156,1,1,1,Hibernating
U000500,2025-11-10,6,2788.4700000000003,51,3,4,3,Loyal
U000501,2025-12-03,3,2682.08,28,4,2,3,New & Promising
U000502,2025-12-13,7,3077.2400000000002,18,4,4,3,Champions
U000503,2025-12-31,6,3989.4700000000003,0,5,4,4,Champions
U000504,2025-08-29,1,445.05,124,2,1,1,Hibernating
U000505,2025-11-26,11,8177.47,35,4,5,5,Champions
U000506,2025-06-03,3,3897.8,211,1,2,4,Hibernating
U000508,2025-07-29,2,767.44,155,1,1,1,Hibernating
U000509,2025-11-30,9,6732.08,31,4,5,5,Champions
U000510,2025-08-27,5,1493.83,126,2,3,2,At Risk
U000511,2025-12-04,7,3662.33,27,4,4,4,Champions
U000512,2025-12-19,6,2274.95,12,5,4,3,Champions
U000513,2025-08-04,6,5398.59,149,1,4,5,Loyal
U000514,2025-10-30,2,2027.07,62,3,1,2,Potential Loyalists
U000516,2025-11-17,5,2180.58,44,3,3,3,Potential Loyalists
U000517,2025-11-11,8,4695.29,50,3,5,4,Loyal
U000519,2025-10-13,3,1451.9,79,2,2,2,Hibernating
U000520,2025-12-30,3,1833.39,1,5,2,2,New & Promising
U000521,2025-01-26,1,925.32,339,1,1,1,Hibernating
U000522,2025-12-13,7,6010.41,18,4,4,5,Champions
U000523,2025-11-21,6,3789.85,40,3,4,4,Loyal
U000524,2025-10-28,6,2541.9,64,3,4,3,Loyal
U000525,2025-11-18,6,3183.11,43,3,4,3,Loyal
U000526,2025-12-01,6,2741.13,30,4,4,3,Champions
U000527,2025-02-19,1,169.0,315,1,1,1,Hibernating
U000529,2025-08-03,2,1191.45,150,1,1,1,Hibernating
U000531,2025-10-12,3,1504.43,80,2,2,2,Hibernating
U000533,2025-12-14,9,6911.74,17,5,5,5,Champions
U000534,2025-02-15,1,997.2,319,1,1,1,Hibernating
U000535,2025-09-04,6,2806.82,118,2,4,3,Loyal
U000536,2025-08-02,5,3659.9700000000003,151,1,3,4,At Risk
U000537,2025-12-21,11,7511.26,10,5,5,5,Champions
U000538,2025-12-12,2,730.28,19,4,1,1,New & Promising
U000539,2025-10-08,6,4045.49,84,2,4,4,Loyal
U000540,2025-11-24,3,1194.49,37,4,2,2,New & Promising
U000541,2025-11-19,7,4610.98,42,3,4,4,Loyal
U000542,2025-06-02,3,2565.91,212,1,2,3,Hibernating
U000543,2025-05-31,1,445.08,214,1,1,1,Hibernating
U000544,2025-12-17,5,2044.69,14,5,3,2,Potential Loyalists
U000545,2025-03-25,2,982.54,281,1,1,1,Hibernating
U000546,2025-08-05,5,1530.38,148,1,3,2,At Risk
U000547,2025-09-19,4,1894.51,103,2,2,2,Hibernating
U000548,2025-12-25,11,7307.46,6,5,5,5,Champions
U000550,2025-12-18,2,571.48,13,5,1,1,New & Promising
U000551,2025-11-26,8,5176.61,35,4,5,5,Champions
U000552,2025-12-27,4,1935.13,4,5,2,2,New & Promising
U000553,2025-11-19,4,1759.6499999999999,42,3,2,2,Potential Loyalists
U000554,2025-12-13,6,3597.16,18,4,4,4,Champions
U000555,2025-10-24,5,3891.44,68,2,3,4,At Risk
U000556,2025-04-07,2,1769.65,268,1,1,2,Hibernating
U000557,2025-12-13,2,1314.85,18,4,1,2,New & Promising
U000558,2025-10-12,2,2119.11,80,2,1,2,Hibernating
U000559,2025-10-18,8,5813.55,74,2,5,5,Loyal
U000560,2025-12-12,5,1791.02,19,4,3,2,Potential Loyalists
U000561,2025-02-16,1,405.62,318,1,1,1,Hibernating
U000562,2025-12-02,5,2801.62,29,4,3,3,Potential Loyalists
U000563,2025-10-19,5,3499.99,73,2,3,4,At Risk
U000564,2025-11-23,10,5120.19,38,3,5,5,Loyal
U000565,2025-11-23,4,2731.5299999999997,38,3,2,3,Potential Loyalists
U000566,2025-11-23,7,4080.92,38,3,4,4,Loyal
U000567,2025-12-11,3,1604.65,20,4,2,2,New & Promising
U000568,2025-11-04,6,4237.1,57,3,4,4,Loyal
U000569,2025-09-17,2,807.37,105,2,1,1,Hibernating
U000570,2025-09-19,2,681.94,103,2,1,1,Hibernating
U000571,2025-12-17,6,4649.63,14,5,4,4,Champions
U000572,2025-07-09,1,241.95,175,1,1,1,Hibernating
U000573,2025-12-04,5,1988.21,27,4,3,2,Potential Loyalists
U000574,2025-12-13,11,7192.9400000000005,18,4,5,5,Champions
U000575,2025-10-20,3,1794.81,72,2,2,2,Hibernating
U000576,2025-09-09,2,664.11,113,2,1,1,Hibernating
U000577,2025-12-06,3,1657.06,25,4,2,2,New & Promising
U000578,2025-12-20,6,3789.41,11,5,4,4,Champions
U000579,2025-12-04,5,2658.6000000000004,27,4,3,3,Potential Loyalists
U000580,2025-12-14,10,6957.35,17,5,5,5,Champions
U000581,2025-05-13,2,1152.75,232,1,1,1,Hibernating
U000582,2025-12-25,5,3167.16,6,5,3,3,Potential Loyalists
U000584,2025-11-08,4,1669.75,53,3,2,2,Potential Loyalists
U000585,2025-10-23,6,2672.83,69,2,4,3,Loyal
U000586,2025-12-23,12,6040.4,8,5,5,5,Champions
U000587,2025-12-29,3,2765.37,2,5,2,3,New & Promising
U000588,2025-07-21,2,1405.5900000000001,163,1,1,2,Hibernating
U000589,2025-10-28,5,3333.31,64,3,3,4,Potential Loyalists
U000590,2025-09-10,3,1628.8200000000002,112,2,2,2,Hibernating
U000591,2025-09-30,5,2199.95,92,2,3,3,At Risk
U000592,2025-12-08,7,3702.1800000000003,23,4,4,4,Champions
U000593,2025-11-10,4,2483.95,51,3,2,3,Potential Loyalists
U000594,2025-12-18,2,838.02,13,5,1,1,New & Promising
U000595,2025-08-16,3,1344.02,137,1,2,2,Hibernating
U000596,2025-11-19,2,928.5899999999999,42,3,1,1,Potential Loyalists
U000597,2025-12-12,5,1279.5900000000001,19,4,3,2,Potential Loyalists
U000598,2025-11-12,7,3426.37,49,3,4,4,Loyal
U000599,2025-09-24,2,931.5799999999999,98,2,1,1,Hibernating
U000600,2025-10-14,4,3376.12,78,2,2,4,Hibernating
U000601,2025-09-28,4,1565.47,94,2,2,2,Hibernating
U000602,2025-07-04,1,2493.69,180,1,1,3,Hibernating
U000603,2025-10-09,6,2652.13,83,2,4,3,Loyal
U000604,2025-01-04,1,384.9,361,1,1,1,Hibernating
U000605,2025-12-24,2,1708.0,7,5,1,2,New & Promising
U000606,2025-10-07,2,642.65,85,2,1,1,Hibernating
U000607,2025-07-28,4,1803.06,156,1,2,2,Hibernating
U000609,2025-12-13,5,3893.12,18,4,3,4,Potential Loyalists
U000610,2025-12-03,5,2768.56,28,4,3,3,Potential Loyalists
U000611,2025-11-16,2,1828.79,45,3,1,2,Potential Loyalists
U000612,2025-10-08,3,2179.06,84,2,2,3,Hibernating
U000613,2025-10-26,5,3395.3599999999997,66,3,3,4,Potential Loyalists
U000614,2025-12-02,11,7097.68,29,4,5,5,Champions
U000615,2025-12-12,12,7349.05,19,4,5,5,Champions
U000617,2025-11-03,5,5466.679999999999,58,3,3,5,Potential Loyalists
U000618,2025-07-14,1,718.22,170,1,1,1,Hibernating
U000619,2025-09-08,2,1298.05,114,2,1,2,Hibernating
U000620,2025-08-20,4,3740.9,133,1,2,4,Hibernating
U000621,2025-06-18,5,4063.94,196,1,3,4,At Risk
U000622,2025-10-24,7,6170.07,68,2,4,5,Loyal
U000623,2025-11-29,3,805.09,32,4,2,1,New & Promising
U000625,2025-11-14,1,757.81,47,3,1,1,Potential Loyalists
U000626,2025-07-30,4,1630.81,154,1,2,2,Hibernating
U000627,2025-11-02,3,1095.1399999999999,59,3,2,1,Potential Loyalists
U000628,2025-09-19,4,3785.96,103,2,2,4,Hibernating
U000629,2025-01-09,1,278.99,356,1,1,1,Hibernating
U000630,2025-12-08,7,3124.7200000000003,23,4,4,3,Champions
U000631,2025-09-22,5,2961.25,100,2,3,3,At Risk
U000632,2025-11-05,3,1703.53,56,3,2,2,Potential Loyalists
U000633,2025-12-26,2,1336.0,5,5,1,2,New & Promising
U000635,2025-11-12,6,3238.3599999999997,49,3,4,4,Loyal
U000636,2025-11-05,5,3286.17,56,3,3,4,Potential Loyalists
U000637,2025-11-23,6,2469.43,38,3,4,3,Loyal
U000639,2025-07-11,3,2325.54,173,1,2,3,Hibernating
U000640,2025-09-30,2,542.8,92,2,1,1,Hibernating
U000641,2025-12-21,5,2154.52,10,5,3,3,Potential Loyalists
U000642,2025-11-05,8,3769.98,56,3,5,4,Loyal
U000643,2025-12-28,1,930.55,3,5,1,1,New & Promising
U000645,2025-09-22,8,3936.23,100,2,5,4,Loyal
U000646,2025-07-19,2,898.9100000000001,165,1,1,1,Hibernating
U000647,2025-09-24,6,3498.51,98,2,4,4,Loyal
U000648,2025-10-23,8,5231.87,69,2,5,5,Loyal
U000649,2025-09-26,8,5718.25,96,2,5,5,Loyal
U000650,2025-12-29,9,4504.33,2,5,5,4,Champions
U000651,2025-12-02,8,3686.64,29,4,5,4,Champions
U000652,2025-06-18,1,1387.81,196,1,1,2,Hibernating
U000653,2025-05-20,1,309.08,225,1,1,1,Hibernating
U000655,2025-07-31,3,3708.69,153,1,2,4,Hibernating
U000656,2025-06-19,6,4910.23,195,1,4,5,Loyal
U000657,2025-01-14,1,937.68,351,1,1,1,Hibernating
U000658,2025-03-06,3,4251.99,300,1,2,4,Hibernating
U000659,2025-11-26,3,1814.88,35,4,2,2,New & Promising
U000660,2025-12-12,5,2611.55,19,4,3,3,Potential Loyalists
U000661,2025-11-11,5,1547.4299999999998,50,3,3,2,Potential Loyalists
U000662,2025-12-01,2,1395.54,30,4,1,2,New & Promising
U000663,2025-11-07,4,1274.8,54,3,2,2,Potential Loyalists
U000664,2025-10-15,8,5335.28,77,2,5,5,Loyal
U000665,2025-10-05,3,1647.07,87,2,2,2,Hibernating
U000666,2025-09-25,3,1535.65,97,2,2,2,Hibernating
U000667,2025-12-21,8,4509.91,10,5,5,4,Champions
U000668,2025-11-29,5,3397.84,32,4,3,4,Potential Loyalists
U000669,2025-11-07,8,6047.98,54,3,5,5,Loyal
U000670,2025-07-02,4,2229.62,182,1,2,3,Hibernating
U000671,2025-11-25,5,3085.44,36,4,3,3,Potential Loyalists
U000673,2025-12-12,4,2235.7,19,4,2,3,New & Promising
U000674,2025-11-11,7,4447.69,50,3,4,4,Loyal
U000675,2025-12-12,3,1464.51,19,4,2,2,New & Promising
U000676,2025-08-10,2,1090.8200000000002,143,1,1,1,Hibernating
U000677,2025-11-29,7,4145.89,32,4,4,4,Champions
U000678,2025-12-11,3,2725.07,20,4,2,3,New & Promising
U000679,2025-12-23,4,1971.35,8,5,2,2,New & Promising
U000680,2025-11-03,4,3445.7599999999998,58,3,2,4,Potential Loyalists
U000681,2025-03-12,1,809.01,294,1,1,1,Hibernating
U000682,2025-10-08,4,4441.219999999999,84,2,2,4,Hibernating
U000683,2025-12-30,7,5685.1,1,5,4,5,Champions
U000684,2025-11-05,2,483.92999999999995,56,3,1,1,Potential Loyalists
U000685,2025-07-03,3,2291.07,181,1,2,3,Hibernating
U000686,2025-12-30,7,4089.09,1,5,4,4,Champions
U000687,2025-11-14,5,1781.1399999999999,47,3,3,2,Potential Loyalists
U000688,2025-11-17,2,681.03,44,3,1,1,Potential Loyalists
U000689,2025-09-21,11,7945.679999999999,101,2,5,5,Loyal
U000690,2025-09-07,1,940.3,115,2,1,1,Hibernating
U000691,2025-09-14,2,782.98,108,2,1,1,Hibernating
U000692,2025-07-06,5,2009.27,178,1,3,2,At Risk
U000694,2025-11-12,3,4991.68,49,3,2,5,Potential Loyalists
U000695,2025-11-05,6,2970.2,56,3,4,3,Loyal
U000696,2025-09-20,2,836.53,102,2,1,1,Hibernating
U000697,2025-12-25,5,1992.2,6,5,3,2,Potential Loyalists
U000698,2025-11-23,8,3876.4900000000002,38,3,5,4,Loyal
U000699,2025-09-07,4,1316.8,115,2,2,2,Hibernating
U000700,2025-11-11,13,9022.43,50,3,5,5,Loyal
U000701,2025-12-20,1,1166.23,11,5,1,1,New & Promising
U000702,2025-08-31,1,530.89,122,2,1,1,Hibernating
U000703,2025-04-27,1,413.0,248,1,1,1,Hibernating
U000704,2025-12-09,6,4223.59,22,4,4,4,Champions
U000705,2025-11-26,6,2477.24,35,4,4,3,Champions
U000706,2025-09-18,3,2108.39,104,2,2,2,Hibernating
U000707,2025-06-07,5,3724.39,207,1,3,4,At Risk
U000708,2025-10-21,6,3822.15,71,2,4,4,Loyal
U000709,2025-07-08,3,2051.28,176,1,2,2,Hibernating
U000710,2025-11-23,7,4016.35,38,3,4,4,Loyal
U000711,2025-11-23,5,2902.57,38,3,3,3,Potential Loyalists
U000712,2025-12-12,6,1865.93,19,4,4,2,Champions
U000713,2025-08-31,3,938.19,122,2,2,1,Hibernating
U000714,2025-09-11,2,2032.97,111,2,1,2,Hibernating
U000715,2025-11-12,3,2122.97,49,3,2,3,Potential Loyalists
U000716,2025-11-28,7,7275.639999999999,33,4,4,5,Champions
U000717,2025-12-15,3,1855.02,16,5,2,2,New & Promising
U000718,2025-12-11,6,2126.33,20,4,4,3,Champions
U000719,2025-12-29,5,3730.16,2,5,3,4,Potential Loyalists
U000720,2025-11-01,5,2043.5900000000001,60,3,3,2,Potential Loyalists
U000721,2025-09-19,4,1398.35,103,2,2,2,Hibernating
U000722,2025-09-09,8,4270.72,113,2,5,4,Loyal
U000723,2025-02-16,1,3382.07,318,1,1,4,Hibernating
U000724,2025-10-31,6,2847.9,61,3,4,3,Loyal
U000725,2025-04-11,3,1200.25,264,1,2,2,Hibernating
U000726,2025-10-22,1,246.2,70,2,1,1,Hibernating
U000727,2025-12-25,9,4371.55,6,5,5,4,Champions
U000728,2025-11-23,6,3802.8700000000003,38,3,4,4,Loyal
U000729,2025-08-08,3,1463.06,145,1,2,2,Hibernating
U000730,2025-03-25,2,1351.6399999999999,281,1,1,2,Hibernating
U000731,2025-12-11,8,5368.75,20,4,5,5,Champions
U000733,2025-12-12,4,2826.0,19,4,2,3,New & Promising
U000734,2025-07-28,4,2834.27,156,1,2,3,Hibernating
U000735,2025-06-06,2,1307.45,208,1,1,2,Hibernating
U000736,2025-09-29,3,1740.99,93,2,2,2,Hibernating
U000737,2025-12-31,12,8196.960000000001,0,5,5,5,Champions
U000738,2025-12-26,5,3080.6,5,5,3,3,Potential Loyalists
U000739,2025-07-25,4,4256.54,159,1,2,4,Hibernating
U000740,2025-11-09,6,2248.0,52,3,4,3,Loyal
U000741,2025-12-27,5,5050.82,4,5,3,5,Potential Loyalists
U000742,2025-09-26,2,538.45,96,2,1,1,Hibernating
U000743,2025-11-28,4,3052.04,33,4,2,3,New & Promising
U000744,2025-10-16,6,5406.34,76,2,4,5,Loyal
U000745,2025-12-28,7,2902.14,3,5,4,3,Champions
U000746,2025-10-18,2,1023.9599999999999,74,2,1,1,Hibernating
U000747,2025-12-28,6,3953.94,3,5,4,4,Champions
U000748,2025-12-03,5,3147.7599999999998,28,4,3,3,Potential Loyalists
U000749,2025-10-08,4,2351.0,84,2,2,3,Hibernating
U000750,2025-11-06,3,743.95,55,3,2,1,Potential Loyalists
U000751,2025-12-27,10,7678.18,4,5,5,5,Champions
U000752,2025-12-11,9,4720.41,20,4,5,4,Champions
U000753,2025-11-08,6,4601.83,53,3,4,4,Loyal
U000754,2025-07-23,2,811.56,161,1,1,1,Hibernating
U000755,2025-09-19,2,774.66,103,2,1,1,Hibernating
U000757,2025-11-24,9,4827.55,37,4,5,5,Champions
U000758,2025-12-11,9,6392.01,20,4,5,5,Champions
U000759,2025-12-17,1,1866.0,14,5,1,2,New & Promising
U000760,2025-12-26,5,2761.3900000000003,5,5,3,3,Potential Loyalists
U000761,2025-06-08,1,237.54,206,1,1,1,Hibernating
U000762,2025-10-31,4,2217.26,61,3,2,3,Potential Loyalists
U000763,2025-10-25,2,1527.62,67,3,1,2,Potential Loyalists
U000764,2025-12-26,10,3952.5099999999998,5,5,5,4,Champions
U000765,2025-11-10,6,2549.11,51,3,4,3,Loyal
U000766,2025-09-13,3,1495.67,109,2,2,2,Hibernating
U000767,2025-08-08,1,367.95,145,1,1,1,Hibernating
U000768,2025-09-24,2,522.04,98,2,1,1,Hibernating
U000769,2025-12-22,6,2394.71,9,5,4,3,Champions
U000770,2025-12-31,4,3308.62,0,5,2,4,New & Promising
U000771,2025-11-22,3,2163.25,39,3,2,3,Potential Loyalists
U000772,2025-12-11,6,2114.22,20,4,4,2,Champions
U000773,2025-01-09,1,677.21,356,1,1,1,Hibernating
U000774,2025-01-29,1,854.55,336,1,1,1,Hibernating
U000775,2025-12-01,7,4839.0599999999995,30,4,4,5,Champions
U000776,2025-10-27,8,6081.78,65,3,5,5,Loyal
U000777,2025-11-11,4,1924.65,50,3,2,2,Potential Loyalists
U000778,2025-10-05,7,5926.89,87,2,4,5,Loyal
U000779,2025-11-04,7,3898.44,57,3,4,4,Loyal
U000780,2025-09-27,5,4119.030000000001,95,2,3,4,At Risk
U000781,2025-11-27,2,1542.0,34,4,1,2,New & Promising
U000782,2025-10-26,8,4178.41,66,3,5,4,Loyal
U000783,2025-07-27,1,546.32,157,1,1,1,Hibernating
U000784,2025-12-30,11,6345.51,1,5,5,5,Champions
U000785,2025-12-29,7,4870.57,2,5,4,5,Champions
U000786,2025-12-20,12,4537.92,11,5,5,4,Champions
U000787,2025-09-22,1,1125.75,100,2,1,1,Hibernating
U000788,2025-11-18,3,2751.42,43,3,2,3,Potential Loyalists
U000789,2025-11-17,7,2935.98,44,3,4,3,Loyal
U000790,2025-12-04,4,1907.56,27,4,2,2,New & Promising
U000791,2025-08-05,1,331.77,148,1,1,1,Hibernating
U000792,2025-08-23,3,1188.27,130,1,2,1,Hibernating
U000793,2025-10-23,6,3346.45,69,2,4,4,Loyal
U000794,2025-09-13,2,1103.63,109,2,1,1,Hibernating
U000795,2025-12-20,6,4122.18,11,5,4,4,Champions
U000796,2025-11-21,4,1600.59,40,3,2,2,Potential Loyalists
U000797,2025-05-22,3,1024.6599999999999,223,1,2,1,Hibernating
U000798,2025-08-15,3,1430.26,138,1,2,2,Hibernating
U000799,2025-12-05,5,4060.71,26,4,3,4,Potential Loyalists
U000800,2025-12-11,11,7372.17,20,4,5,5,Champions
U000801,2025-09-17,3,2028.35,105,2,2,2,Hibernating
U000802,2025-11-30,8,4303.66,31,4,5,4,Champions
U000803,2025-11-15,6,4021.2599999999998,46,3,4,4,Loyal
U000804,2025-11-18,4,2438.2799999999997,43,3,2,3,Potential Loyalists
U000805,2025-11-08,9,6079.21,53,3,5,5,Loyal
U000806,2025-12-19,1,903.65,12,5,1,1,New & Promising
U000807,2025-12-24,3,1429.29,7,5,2,2,New & Promising
U000808,2025-12-16,11,8861.01,15,5,5,5,Champions
U000809,2025-12-17,3,2346.84,14,5,2,3,New & Promising
U000810,2025-10-29,8,4424.23,63,3,5,4,Loyal
U000811,2025-11-16,1,365.22,45,3,1,1,Potential Loyalists
U000812,2025-08-31,3,1777.49,122,2,2,2,Hibernating
U000813,2025-12-09,4,3682.17,22,4,2,4,New & Promising
U000814,2025-09-19,2,2381.6,103,2,1,3,Hibernating
U000815,2025-12-11,3,2280.93,20,4,2,3,New & Promising
U000816,2025-11-22,7,4754.87,39,3,4,5,Loyal
U000817,2025-12-19,6,3869.34,12,5,4,4,Champions
U000818,2025-09-17,6,5859.26,105,2,4,5,Loyal
U000819,2025-08-17,1,151.5,136,1,1,1,Hibernating
U000820,2025-12-29,2,1315.53,2,5,1,2,New & Promising
U000821,2025-12-04,5,5097.58,27,4,3,5,Potential Loyalists
U000822,2025-04-30,1,515.09,245,1,1,1,Hibernating
U000823,2025-12-30,8,5009.67,1,5,5,5,Champions
U000824,2025-12-01,4,2100.86,30,4,2,2,New & Promising
U000825,2025-06-20,5,4734.53,194,1,3,5,At Risk
U000826,2025-12-28,10,7329.15,3,5,5,5,Champions
U000828,2025-12-20,6,7912.9800000000005,11,5,4,5,Champions
U000829,2025-10-18,4,1898.25,74,2,2,2,Hibernating
U000830,2025-10-19,6,2694.34,73,2,4,3,Loyal
U000831,2025-09-07,2,2165.27,115,2,1,3,Hibernating
U000832,2025-12-16,4,1558.68,15,5,2,2,New & Promising
U000833,2025-11-19,2,774.91,42,3,1,1,Potential Loyalists
U000834,2025-09-22,6,4086.99,100,2,4,4,Loyal
U000835,2025-12-21,4,2103.26,10,5,2,2,New & Promising
U000836,2025-10-15,3,1830.62,77,2,2,2,Hibernating
U000837,2025-12-04,6,4498.719999999999,27,4,4,4,Champions
U000838,2025-11-11,10,5866.55,50,3,5,5,Loyal
U000839,2025-10-06,6,3579.6899999999996,86,2,4,4,Loyal
U000840,2025-06-24,3,1883.32,190,1,2,2,Hibernating
U000841,2025-06-05,5,3603.17,209,1,3,4,At Risk
U000842,2025-11-27,2,1316.8400000000001,34,4,1,2,New & Promising
U000843,2025-12-09,2,1623.68,22,4,1,2,New & Promising
U000844,2025-11-22,6,4124.3099999999995,39,3,4,4,Loyal
U000845,2025-12-10,12,5527.18,21,4,5,5,Champions
U000846,2025-11-30,4,2180.44,31,4,2,3,New & Promising
U000847,2025-12-20,5,2650.17,11,5,3,3,Potential Loyalists
U000848,2025-10-27,5,2980.79,65,3,3,3,Potential Loyalists
U000849,2025-06-28,4,3942.9700000000003,186,1,2,4,Hibernating
U000850,2025-12-30,9,4357.9800000000005,1,5,5,4,Champions
U000851,2025-12-12,9,7224.61,19,4,5,5,Champions
U000852,2025-08-06,3,2621.14,147,1,2,3,Hibernating
U000853,2025-11-17,3,2026.9499999999998,44,3,2,2,Potential Loyalists
U000854,2025-12-23,3,1464.9299999999998,8,5,2,2,New & Promising
U000855,2025-11-30,4,1282.83,31,4,2,2,New & Promising
U000856,2025-11-12,7,4064.91,49,3,4,4,Loyal
U000857,2025-12-20,2,994.0,11,5,1,1,New & Promising
U000858,2025-11-12,3,1894.4,49,3,2,2,Potential Loyalists
U000860,2025-11-29,10,5030.17,32,4,5,5,Champions
U000861,2025-12-16,8,5859.639999999999,15,5,5,5,Champions
U000862,2025-11-24,3,1634.3899999999999,37,4,2,2,New & Promising
U000863,2025-12-09,4,2363.0699999999997,22,4,2,3,New & Promising
U000864,2025-12-25,1,1536.76,6,5,1,2,New & Promising
U000865,2025-11-26,2,1846.15,35,4,1,2,New & Promising
U000866,2025-12-27,2,587.9200000000001,4,5,1,1,New & Promising
U000867,2025-04-05,2,911.26,270,1,1,1,Hibernating
U000868,2025-10-15,5,2199.8,77,2,3,3,At Risk
U000869,2025-12-12,9,5257.9,19,4,5,5,Champions
U000870,2025-12-27,4,1367.1999999999998,4,5,2,2,New & Promising
U000871,2025-10-09,10,7171.89,83,2,5,5,Loyal
U000872,2025-11-01,8,5342.63,60,3,5,5,Loyal
U000874,2025-11-08,5,1982.23,53,3,3,2,Potential Loyalists
U000875,2025-09-17,3,1075.8899999999999,105,2,2,1,Hibernating
U000876,2025-09-25,6,5952.1,97,2,4,5,Loyal
U000877,2025-12-30,11,5871.72,1,5,5,5,Champions
U000878,2025-11-11,6,3798.84,50,3,4,4,Loyal
U000879,2025-08-27,2,2369.4300000000003,126,2,1,3,Hibernating
U000880,2025-11-09,7,2317.98,52,3,4,3,Loyal
U000881,2025-03-31,1,841.61,275,1,1,1,Hibernating
U000882,2025-05-25,1,2215.16,220,1,1,3,Hibernating
U000883,2025-12-19,8,3623.5,12,5,5,4,Champions
U000884,2025-12-08,4,2548.27,23,4,2,3,New & Promising
U000885,2025-09-05,1,662.1,117,2,1,1,Hibernating
U000886,2025-12-26,4,5180.01,5,5,2,5,New & Promising
U000887,2025-08-06,3,2017.47,147,1,2,2,Hibernating
U000888,2025-12-10,3,2249.61,21,4,2,3,New & Promising
U000889,2025-11-15,5,3964.9700000000003,46,3,3,4,Potential Loyalists
U000890,2025-08-30,8,3637.25,123,2,5,4,Loyal
U000891,2025-10-15,5,2236.71,77,2,3,3,At Risk
U000892,2025-12-23,4,1617.9,8,5,2,2,New & Promising
U000893,2025-12-27,6,3028.23,4,5,4,3,Champions
U000894,2025-05-21,1,309.11,224,1,1,1,Hibernating
U000895,2025-02-01,1,314.67,333,1,1,1,Hibernating
U000896,2025-10-29,3,1236.23,63,3,2,2,Potential Loyalists
U000897,2025-12-25,9,5230.44,6,5,5,5,Champions
U000899,2025-09-05,5,3737.64,117,2,3,4,At Risk
U000900,2025-10-25,4,1403.0,67,3,2,2,Potential Loyalists
U000901,2025-11-02,5,2263.3900000000003,59,3,3,3,Potential Loyalists
U000902,2025-09-09,2,904.74,113,2,1,1,Hibernating
U000903,2025-12-31,7,4353.38,0,5,4,4,Champions
U000904,2025-12-15,6,4350.54,16,5,4,4,Champions
U000905,2025-12-01,3,688.2,30,4,2,1,New & Promising
U000906,2025-12-13,11,7863.88,18,4,5,5,Champions
U000907,2025-09-09,5,2431.1,113,2,3,3,At Risk
U000908,2025-12-19,7,2979.44,12,5,4,3,Champions
U000909,2025-12-19,8,7565.44,12,5,5,5,Champions
U000910,2025-09-29,8,6116.34,93,2,5,5,Loyal
U000911,2025-12-25,3,2683.71,6,5,2,3,New & Promising
U000912,2025-08-30,9,5272.83,123,2,5,5,Loyal
U000914,2025-11-10,3,1845.1100000000001,51,3,2,2,Potential Loyalists
U000915,2025-12-03,6,3171.17,28,4,4,3,Champions
U000916,2025-10-25,5,1820.1200000000001,67,3,3,2,Potential Loyalists
U000917,2025-12-20,10,9588.16,11,5,5,5,Champions
U000918,2025-12-02,7,4267.51,29,4,4,4,Champions
U000919,2025-11-04,6,2375.48,57,3,4,3,Loyal
U000920,2025-11-18,9,4190.42,43,3,5,4,Loyal
U000921,2025-08-26,2,673.95,127,2,1,1,Hibernating
U000922,2025-12-25,8,7618.0599999999995,6,5,5,5,Champions
U000923,2025-11-18,6,7136.23,43,3,4,5,Loyal
U000924,2025-12-20,9,7606.360000000001,11,5,5,5,Champions
U000925,2025-12-19,9,4951.4,12,5,5,5,Champions
U000926,2025-10-14,6,3121.21,78,2,4,3,Loyal
U000927,2025-12-29,6,2937.7000000000003,2,5,4,3,Champions
U000928,2025-11-30,7,3869.41,31,4,4,4,Champions
U000929,2025-11-08,2,2447.8500000000004,53,3,1,3,Potential Loyalists
U000930,2025-09-09,7,5156.45,113,2,4,5,Loyal
U000931,2025-11-29,6,2932.57,32,4,4,3,Champions
U000932,2025-08-17,7,5641.33,136,1,4,5,Loyal
U000933,2025-12-28,5,3423.0299999999997,3,5,3,4,Potential Loyalists
U000934,2025-12-30,14,9079.02,1,5,5,5,Champions
U000935,2025-10-18,2,1442.18,74,2,1,2,Hibernating
U000936,2025-10-05,5,2366.96,87,2,3,3,At Risk
U000937,2025-12-20,7,2880.2,11,5,4,3,Champions
U000938,2025-11-19,3,1448.69,42,3,2,2,Potential Loyalists
U000939,2025-11-21,4,3399.9,40,3,2,4,Potential Loyalists
U000940,2025-11-05,2,1245.0500000000002,56,3,1,2,Potential Loyalists
U000941,2025-12-24,9,6388.35,7,5,5,5,Champions
U000942,2025-12-03,7,4604.0199999999995,28,4,4,4,Champions
U000943,2025-12-24,5,3047.87,7,5,3,3,Potential Loyalists
U000944,2025-12-11,7,2922.8500000000004,20,4,4,3,Champions
U000945,2025-12-28,11,6750.63,3,5,5,5,Champions
U000946,2025-05-17,1,116.99,228,1,1,1,Hibernating
U000947,2025-11-12,5,2284.6400000000003,49,3,3,3,Potential Loyalists
U000948,2025-12-20,7,3929.61,11,5,4,4,Champions
U000949,2025-09-18,5,2575.37,104,2,3,3,At Risk
U000950,2025-12-13,5,2265.66,18,4,3,3,Potential Loyalists
U000952,2025-10-08,7,7212.67,84,2,4,5,Loyal
U000953,2025-11-02,4,2268.38,59,3,2,3,Potential Loyalists
U000955,2025-12-26,4,1660.6499999999999,5,5,2,2,New & Promising
U000956,2025-10-03,7,4985.7699999999995,89,2,4,5,Loyal
U000958,2025-12-14,3,5829.11,17,5,2,5,New & Promising
U000959,2025-12-29,7,3556.83,2,5,4,4,Champions
U000960,2025-12-27,4,2266.29,4,5,2,3,New & Promising
U000961,2025-06-03,3,1126.52,211,1,2,1,Hibernating
U000962,2025-12-23,5,2285.09,8,5,3,3,Potential Loyalists
U000963,2025-12-13,2,884.16,18,4,1,1,New & Promising
U000964,2025-11-22,5,4753.9,39,3,3,5,Potential Loyalists
U000965,2025-10-13,4,1962.87,79,2,2,2,Hibernating
U000966,2025-04-02,2,829.72,273,1,1,1,Hibernating
U000967,2025-12-08,6,6725.74,23,4,4,5,Champions
U000968,2025-10-24,6,2067.77,68,2,4,2,Loyal
U000969,2025-07-06,1,266.58,178,1,1,1,Hibernating
U000970,2025-12-21,5,2288.44,10,5,3,3,Potential Loyalists
U000971,2025-07-31,4,1059.48,153,1,2,1,Hibernating
U000972,2025-08-27,2,1782.0,126,2,1,2,Hibernating
U000974,2025-11-12,2,3193.2200000000003,49,3,1,3,Potential Loyalists
U000975,2025-10-01,9,6137.08,91,2,5,5,Loyal
U000976,2025-02-22,1,1206.81,312,1,1,2,Hibernating
U000977,2025-12-25,3,1463.3400000000001,6,5,2,2,New & Promising
U000978,2025-11-15,9,5260.16,46,3,5,5,Loyal
U000979,2025-12-15,2,1310.79,16,5,1,2,New & Promising
U000980,2025-12-15,5,2440.34,16,5,3,3,Potential Loyalists
U000981,2025-12-28,5,1504.0700000000002,3,5,3,2,Potential Loyalists
U000982,2025-11-09,11,7073.53,52,3,5,5,Loyal
U000984,2025-09-06,4,1738.68,116,2,2,2,Hibernating
U000985,2025-11-03,6,4630.030000000001,58,3,4,4,Loyal
U000986,2025-07-23,2,1630.5,161,1,1,2,Hibernating
U000987,2025-09-10,4,2905.83,112,2,2,3,Hibernating
U000988,2025-10-31,4,1890.2699999999998,61,3,2,2,Potential Loyalists
U000989,2025-09-14,3,1211.9499999999998,108,2,2,2,Hibernating
U000990,2025-09-30,13,6874.469999999999,92,2,5,5,Loyal
U000991,2025-11-09,4,2871.54,52,3,2,3,Potential Loyalists
U000992,2025-11-11,8,5548.38,50,3,5,5,Loyal
U000993,2025-09-28,3,1899.9499999999998,94,2,2,2,Hibernating
U000994,2025-11-17,13,8298.08,44,3,5,5,Loyal
U000996,2025-10-05,10,5249.92,87,2,5,5,Loyal
U000997,2025-12-17,3,1415.3,14,5,2,2,New & Promising
U000998,2025-11-22,2,1304.92,39,3,1,2,Potential Loyalists
U001000,2025-10-10,4,4016.6400000000003,82,2,2,4,Hibernating
U001001,2025-11-07,7,3430.05,54,3,4,4,Loyal
U001002,2025-12-14,10,7163.79,17,5,5,5,Champions
U001003,2025-12-16,6,2617.31,15,5,4,3,Champions
U001004,2025-08-19,7,5382.88,134,1,4,5,Loyal
U001005,2025-12-05,8,6645.099999999999,26,4,5,5,Champions
U001006,2025-12-25,10,4839.03,6,5,5,5,Champions
U001007,2025-12-01,10,7803.400000000001,30,4,5,5,Champions
U001008,2025-11-17,5,3250.72,44,3,3,4,Potential Loyalists
U001009,2025-11-03,2,1206.37,58,3,1,2,Potential Loyalists
U001010,2025-08-14,4,2623.57,139,1,2,3,Hibernating
U001011,2025-12-15,10,5333.33,16,5,5,5,Champions
U001012,2025-12-27,3,1885.06,4,5,2,2,New & Promising
U001013,2025-11-13,4,4287.91,48,3,2,4,Potential Loyalists
U001014,2025-11-03,3,1424.55,58,3,2,2,Potential Loyalists
U001015,2025-12-29,12,7684.71,2,5,5,5,Champions
U001016,2025-11-29,1,979.08,32,4,1,1,New & Promising
U001017,2025-07-16,4,1678.5700000000002,168,1,2,2,Hibernating
U001018,2025-11-12,5,1827.8400000000001,49,3,3,2,Potential Loyalists
U001019,2025-09-30,4,3976.38,92,2,2,4,Hibernating
U001020,2025-11-17,4,1914.77,44,3,2,2,Potential Loyalists
U001021,2025-12-25,5,3281.88,6,5,3,4,Potential Loyalists
U001022,2025-09-11,3,3342.3999999999996,111,2,2,4,Hibernating
U001023,2025-10-29,7,8507.7,63,3,4,5,Loyal
U001025,2025-08-24,1,229.28,129,1,1,1,Hibernating
U001026,2025-06-18,2,1010.16,196,1,1,1,Hibernating
U001027,2025-03-23,1,295.0,283,1,1,1,Hibernating
U001028,2025-11-05,7,4283.32,56,3,4,4,Loyal
U001030,2025-12-17,9,6496.45,14,5,5,5,Champions
U001032,2025-10-03,3,2635.8399999999997,89,2,2,3,Hibernating
U001033,2025-11-16,9,5769.889999999999,45,3,5,5,Loyal
U001034,2025-10-23,3,3085.08,69,2,2,3,Hibernating
U001035,2025-10-24,3,1131.42,68,2,2,1,Hibernating
U001036,2025-10-28,4,2015.43,64,3,2,2,Potential Loyalists
U001037,2025-08-07,1,663.99,146,1,1,1,Hibernating
U001038,2025-12-25,6,4235.36,6,5,4,4,Champions
U001039,2025-07-19,1,671.39,165,1,1,1,Hibernating
U001040,2025-11-23,1,456.3,38,3,1,1,Potential Loyalists
U001041,2025-09-27,2,1115.57,95,2,1,1,Hibernating
U001042,2025-09-05,8,5306.1900000000005,117,2,5,5,Loyal
U001043,2025-11-21,3,1330.79,40,3,2,2,Potential Loyalists
U001044,2025-09-23,3,1306.09,99,2,2,2,Hibernating
U001045,2025-10-24,2,1623.09,68,2,1,2,Hibernating
U001046,2025-05-12,1,2461.69,233,1,1,3,Hibernating
U001047,2025-12-13,5,6068.8,18,4,3,5,Potential Loyalists
U001048,2025-12-27,9,4157.63,4,5,5,4,Champions
U001049,2025-12-10,4,1898.74,21,4,2,2,New & Promising
U001050,2025-08-30,1,509.66,123,2,1,1,Hibernating
U001051,2025-10-22,8,6988.18,70,2,5,5,Loyal
U001052,2025-11-01,5,3211.82,60,3,3,4,Potential Loyalists
U001053,2025-07-12,5,2551.54,172,1,3,3,At Risk
U001054,2025-12-08,3,3315.85,23,4,2,4,New & Promising
U001055,2025-11-11,2,1610.52,50,3,1,2,Potential Loyalists
U001056,2025-07-11,4,1657.1100000000001,173,1,2,2,Hibernating
U001057,2025-12-21,3,1493.01,10,5,2,2,New & Promising
U001058,2025-08-23,3,863.5,130,1,2,1,Hibernating
U001059,2025-01-31,1,835.0,334,1,1,1,Hibernating
U001060,2025-11-24,2,656.58,37,4,1,1,New & Promising
U001061,2025-09-21,1,377.46,101,2,1,1,Hibernating
U001062,2025-10-17,5,5567.17,75,2,3,5,At Risk
U001063,2025-07-06,7,2399.87,178,1,4,3,Loyal
U001064,2025-12-14,10,9640.01,17,5,5,5,Champions
U001065,2025-12-30,6,4341.35,1,5,4,4,Champions
U001066,2025-12-15,7,5247.79,16,5,4,5,Champions
U001067,2025-11-19,5,3030.7,42,3,3,3,Potential Loyalists
U001068,2025-09-29,6,3735.5099999999998,93,2,4,4,Loyal
U001069,2025-05-07,4,3460.66,238,1,2,4,Hibernating
U001070,2025-12-27,10,7346.83,4,5,5,5,Champions
U001071,2025-12-22,1,463.46,9,5,1,1,New & Promising
U001072,2025-12-01,1,256.88,30,4,1,1,New & Promising
U001073,2025-09-01,3,2635.72,121,2,2,3,Hibernating
U001074,2025-10-26,10,6557.25,66,3,5,5,Loyal
U001075,2025-03-19,2,960.01,287,1,1,1,Hibernating
U001076,2025-12-17,6,2747.57,14,5,4,3,Champions
U001077,2025-11-28,5,4101.98,33,4,3,4,Potential Loyalists
U001078,2025-12-09,2,3691.5299999999997,22,4,1,4,New & Promising
U001079,2025-10-12,3,2423.18,80,2,2,3,Hibernating
U001080,2025-12-22,4,1096.66,9,5,2,1,New & Promising
U001081,2025-11-24,4,2017.89,37,4,2,2,New & Promising
U001082,2025-12-27,12,8593.05,4,5,5,5,Champions
U001083,2025-09-10,6,6936.42,112,2,4,5,Loyal
U001084,2025-12-18,3,2015.06,13,5,2,2,New & Promising
U001085,2025-12-08,7,5025.4400000000005,23,4,4,5,Champions
U001086,2025-12-22,6,4293.17,9,5,4,4,Champions
U001087,2025-12-19,6,3479.84,12,5,4,4,Champions
U001088,2025-12-25,4,2713.94,6,5,2,3,New & Promising
U001089,2025-01-25,1,549.0,340,1,1,1,Hibernating
U001090,2025-07-14,2,1975.88,170,1,1,2,Hibernating
U001091,2025-11-09,5,1362.96,52,3,3,2,Potential Loyalists
U001092,2025-12-14,4,3895.1,17,5,2,4,New & Promising
U001093,2025-04-19,1,308.46,256,1,1,1,Hibernating
U001094,2025-09-02,6,3189.74,120,2,4,3,Loyal
U001095,2025-12-24,7,5572.18,7,5,4,5,Champions
U001096,2025-09-14,3,1609.02,108,2,2,2,Hibernating
U001097,2025-12-12,10,5362.91,19,4,5,5,Champions
U001098,2025-11-27,1,404.3,34,4,1,1,New & Promising
U001099,2025-11-12,4,2775.19,49,3,2,3,Potential Loyalists
U001100,2025-06-30,2,756.3199999999999,184,1,1,1,Hibernating
U001101,2025-11-21,5,2876.11,40,3,3,3,Potential Loyalists
U001103,2025-12-28,7,4093.77,3,5,4,4,Champions
U001105,2025-12-13,7,5782.3,18,4,4,5,Champions
U001106,2025-11-11,4,2447.63,50,3,2,3,Potential Loyalists
U001107,2025-12-23,8,5965.74,8,5,5,5,Champions
U001108,2025-09-10,4,1719.96,112,2,2,2,Hibernating
U001109,2025-12-21,9,5744.5,10,5,5,5,Champions
U001110,2025-12-30,3,1690.98,1,5,2,2,New & Promising
U001111,2025-09-27,1,577.51,95,2,1,1,Hibernating
U001112,2025-07-18,2,484.87,166,1,1,1,Hibernating
U001113,2025-10-30,5,2695.89,62,3,3,3,Potential Loyalists
U001114,2025-11-16,8,4092.84,45,3,5,4,Loyal
U001115,2025-05-30,1,243.94,215,1,1,1,Hibernating
U001116,2025-08-10,2,971.02,143,1,1,1,Hibernating
U001117,2025-07-03,5,5410.030000000001,181,1,3,5,At Risk
U001118,2025-10-26,4,2510.91,66,3,2,3,Potential Loyalists
U001119,2025-05-06,2,1007.54,239,1,1,1,Hibernating
U001120,2025-09-20,4,2877.51,102,2,2,3,Hibernating
U001121,2025-12-14,7,4353.55,17,5,4,4,Champions
U001122,2025-12-14,6,3189.87,17,5,4,3,Champions
U001123,2025-12-01,12,10864.960000000001,30,4,5,5,Champions
U001124,2025-08-23,2,1794.96,130,1,1,2,Hibernating
U001125,2025-12-10,2,2191.23,21,4,1,3,New & Promising
U001126,2025-11-04,2,1215.54,57,3,1,2,Potential Loyalists
U001127,2025-11-03,7,4373.19,58,3,4,4,Loyal
U001128,2025-10-31,6,4934.65,61,3,4,5,Loyal
U001130,2025-06-28,4,2541.45,186,1,2,3,Hibernating
U001131,2025-09-11,5,3097.45,111,2,3,3,At Risk
U001132,2025-11-11,5,3920.52,50,3,3,4,Potential Loyalists
U001134,2025-09-14,5,4372.43,108,2,3,4,At Risk
U001135,2025-11-28,4,1823.2,33,4,2,2,New & Promising
U001136,2025-11-20,4,1496.01,41,3,2,2,Potential Loyalists
U001137,2025-11-11,6,3250.65,50,3,4,4,Loyal
U001138,2025-11-08,5,3009.49,53,3,3,3,Potential Loyalists
U001139,2025-09-01,3,2274.34,121,2,2,3,Hibernating
U001140,2025-12-30,10,8506.76,1,5,5,5,Champions
U001141,2025-12-01,6,2184.77,30,4,4,3,Champions
U001142,2025-12-25,12,6318.27,6,5,5,5,Champions
U001143,2025-12-03,9,4935.71,28,4,5,5,Champions
U001144,2025-12-30,12,8700.23,1,5,5,5,Champions
U001145,2025-12-09,4,2343.7,22,4,2,3,New & Promising
U001146,2025-11-22,5,3378.89,39,3,3,4,Potential Loyalists
U001147,2025-11-16,7,3808.97,45,3,4,4,Loyal
U001148,2025-11-23,9,4205.53,38,3,5,4,Loyal
U001149,2025-04-22,1,718.92,253,1,1,1,Hibernating
U001150,2025-06-18,6,4956.21,196,1,4,5,Loyal
U001151,2025-11-05,8,4877.1900000000005,56,3,5,5,Loyal
U001152,2025-12-11,4,3968.7799999999997,20,4,2,4,New & Promising
U001153,2025-09-19,3,1534.4,103,2,2,2,Hibernating
U001155,2025-07-12,2,1104.41,172,1,1,1,Hibernating
U001156,2025-12-11,7,5375.77,20,4,4,5,Champions
U001157,2025-12-20,2,844.64,11,5,1,1,New & Promising
U001158,2025-03-05,1,203.72,301,1,1,1,Hibernating
U001159,2025-08-31,3,794.6400000000001,122,2,2,1,Hibernating
U001160,2025-11-27,5,4361.74,34,4,3,4,Potential Loyalists
U001161,2025-10-29,10,4292.71,63,3,5,4,Loyal
U001162,2025-12-20,7,7458.27,11,5,4,5,Champions
U001163,2025-12-21,13,8058.08,10,5,5,5,Champions
U001164,2025-10-16,7,3123.27,76,2,4,3,Loyal
U001165,2025-12-08,8,5801.0,23,4,5,5,Champions
U001166,2025-11-11,2,1383.47,50,3,1,2,Potential Loyalists
U001167,2025-10-27,3,1610.04,65,3,2,2,Potential Loyalists
U001168,2025-10-19,8,6321.45,73,2,5,5,Loyal
U001169,2025-05-15,1,563.86,230,1,1,1,Hibernating
U001170,2025-05-01,3,3358.61,244,1,2,4,Hibernating
U001172,2025-10-30,13,6999.66,62,3,5,5,Loyal
U001173,2025-08-18,1,360.88,135,1,1,1,Hibernating
U001174,2025-10-17,7,3747.48,75,2,4,4,Loyal
U001175,2025-12-12,6,2153.9,19,4,4,3,Champions
U001176,2025-10-20,7,3740.4700000000003,72,2,4,4,Loyal
U001177,2025-09-23,2,1618.64,99,2,1,2,Hibernating
U001178,2025-12-29,7,5853.5199999999995,2,5,4,5,Champions
U001179,2025-12-28,5,2467.85,3,5,3,3,Potential Loyalists
U001180,2025-07-27,2,3072.31,157,1,1,3,Hibernating
U001181,2025-12-12,6,3546.34,19,4,4,4,Champions
U001182,2025-12-03,5,3044.25,28,4,3,3,Potential Loyalists
U001183,2025-05-06,4,2066.34,239,1,2,2,Hibernating
U001185,2025-11-13,1,1229.39,48,3,1,2,Potential Loyalists
U001186,2025-04-11,2,680.5799999999999,264,1,1,1,Hibernating
U001187,2025-12-02,5,1858.5900000000001,29,4,3,2,Potential Loyalists
U001188,2025-10-15,4,1734.47,77,2,2,2,Hibernating
U001189,2025-10-11,3,866.88,81,2,2,1,Hibernating
U001190,2025-10-29,9,5098.9,63,3,5,5,Loyal
U001191,2025-11-10,4,2850.93,51,3,2,3,Potential Loyalists
U001193,2025-11-23,4,2103.4,38,3,2,2,Potential Loyalists
U001194,2025-10-05,3,854.87,87,2,2,1,Hibernating
U001195,2025-09-28,2,1136.04,94,2,1,1,Hibernating
U001196,2025-10-25,2,965.1400000000001,67,3,1,1,Potential Loyalists
U001197,2025-12-24,2,1704.8500000000001,7,5,1,2,New & Promising
U001198,2025-12-12,6,3741.89,19,4,4,4,Champions
U001199,2025-12-12,4,1315.54,19,4,2,2,New & Promising
U001200,2025-11-24,3,1317.3,37,4,2,2,New & Promising
U001201,2025-12-13,5,2785.58,18,4,3,3,Potential Loyalists
U001203,2025-11-25,8,4547.93,36,4,5,4,Champions
U001204,2025-11-20,6,3063.56,41,3,4,3,Loyal
U001205,2025-12-11,1,379.9,20,4,1,1,New & Promising
U001206,2025-12-11,6,3167.74,20,4,4,3,Champions
U001207,2025-12-13,8,4450.58,18,4,5,4,Champions
U001208,2025-09-20,3,1558.75,102,2,2,2,Hibernating
U001209,2025-11-18,5,3498.76,43,3,3,4,Potential Loyalists
U001210,2025-10-17,5,3893.45,75,2,3,4,At Risk
U001211,2025-12-03,7,6612.99,28,4,4,5,Champions
U001212,2025-12-12,9,7433.84,19,4,5,5,Champions
U001213,2025-09-29,3,1783.28,93,2,2,2,Hibernating
U001214,2025-11-13,3,1389.77,48,3,2,2,Potential Loyalists
U001215,2025-12-11,9,5871.72,20,4,5,5,Champions
U001216,2025-09-17,2,1901.81,105,2,1,2,Hibernating
U001217,2025-12-27,6,4055.67,4,5,4,4,Champions
U001218,2025-12-28,6,2581.82,3,5,4,3,Champions
U001219,2025-06-21,4,1676.77,193,1,2,2,Hibernating
U001220,2025-02-04,1,549.86,330,1,1,1,Hibernating
U001221,2025-02-22,1,999.54,312,1,1,1,Hibernating
U001222,2025-12-17,8,5047.62,14,5,5,5,Champions
U001223,2025-12-11,4,1440.18,20,4,2,2,New & Promising
U001224,2025-02-25,1,746.92,309,1,1,1,Hibernating
U001225,2025-12-26,2,720.31,5,5,1,1,New & Promising
U001226,2025-09-08,7,6351.110000000001,114,2,4,5,Loyal
U001227,2025-12-08,7,6361.99,23,4,4,5,Champions
U001228,2025-09-25,5,4501.68,97,2,3,4,At Risk
U001229,2025-10-13,7,5450.69,79,2,4,5,Loyal
U001230,2025-10-19,2,960.49,73,2,1,1,Hibernating
U001231,2025-09-04,3,2247.2,118,2,2,3,Hibernating
U001232,2025-10-25,2,1503.35,67,3,1,2,Potential Loyalists
U001233,2025-12-05,4,2054.48,26,4,2,2,New & Promising
U001234,2025-11-20,10,7649.610000000001,41,3,5,5,Loyal
U001235,2025-03-25,2,1662.77,281,1,1,2,Hibernating
U001236,2025-12-22,12,10435.84,9,5,5,5,Champions
U001237,2025-09-05,8,4785.21,117,2,5,5,Loyal
U001238,2025-09-08,5,5250.77,114,2,3,5,At Risk
U001239,2025-12-16,11,5842.4400000000005,15,5,5,5,Champions
U001240,2025-03-13,1,692.97,293,1,1,1,Hibernating
U001241,2025-12-03,13,11282.16,28,4,5,5,Champions
U001242,2025-02-09,2,645.97,325,1,1,1,Hibernating
U001243,2025-12-25,3,2264.6800000000003,6,5,2,3,New & Promising
U001244,2025-11-18,2,1256.3200000000002,43,3,1,2,Potential Loyalists
U001245,2025-12-28,8,4547.53,3,5,5,4,Champions
U001246,2025-11-15,5,3091.2000000000003,46,3,3,3,Potential Loyalists
U001247,2025-12-06,1,263.6,25,4,1,1,New & Promising
U001248,2025-03-25,2,762.0,281,1,1,1,Hibernating
U001249,2025-11-21,2,1268.71,40,3,1,2,Potential Loyalists
U001250,2025-09-08,3,2656.4399999999996,114,2,2,3,Hibernating
U001251,2025-08-01,3,1547.6,152,1,2,2,Hibernating
U001253,2025-12-13,5,2580.3199999999997,18,4,3,3,Potential Loyalists
U001254,2025-01-03,1,547.05,362,1,1,1,Hibernating
U001255,2025-10-28,4,2007.33,64,3,2,2,Potential Loyalists
U001256,2025-10-08,2,941.44,84,2,1,1,Hibernating
U001257,2025-09-08,1,302.61,114,2,1,1,Hibernating
U001258,2025-08-24,3,2395.29,129,1,2,3,Hibernating
U001259,2025-06-25,5,3275.87,189,1,3,4,At Risk
U001260,2025-11-19,1,704.15,42,3,1,1,Potential Loyalists
U001261,2025-10-24,2,1405.3600000000001,68,2,1,2,Hibernating
U001262,2025-11-11,5,2299.7400000000002,50,3,3,3,Potential Loyalists
U001263,2025-03-15,1,1512.95,291,1,1,2,Hibernating
U001264,2025-11-22,4,2652.91,39,3,2,3,Potential Loyalists
U001265,2025-04-18,1,231.84,257,1,1,1,Hibernating
U001266,2025-11-23,3,1208.94,38,3,2,2,Potential Loyalists
U001267,2025-07-10,6,5002.07,174,1,4,5,Loyal
U001268,2025-11-13,8,6229.92,48,3,5,5,Loyal
U001269,2025-12-29,5,3362.92,2,5,3,4,Potential Loyalists
U001270,2025-12-13,9,4033.56,18,4,5,4,Champions
U001271,2025-09-01,8,9765.45,121,2,5,5,Loyal
U001272,2025-03-27,2,1635.1999999999998,279,1,1,2,Hibernating
U001273,2025-10-25,8,4699.18,67,3,5,4,Loyal
U001274,2025-03-09,2,1085.23,297,1,1,1,Hibernating
U001275,2025-03-23,1,342.11,283,1,1,1,Hibernating
U001276,2025-11-23,4,2372.08,38,3,2,3,Potential Loyalists
U001277,2025-09-19,2,2481.25,103,2,1,3,Hibernating
U001278,2025-12-04,11,7336.58,27,4,5,5,Champions
U001279,2025-07-05,3,1408.71,179,1,2,2,Hibernating
U001280,2025-06-10,5,2870.74,204,1,3,3,At Risk
U001281,2025-12-16,6,4248.43,15,5,4,4,Champions
U001282,2025-12-28,7,4128.71,3,5,4,4,Champions
U001283,2025-01-09,1,616.86,356,1,1,1,Hibernating
U001284,2025-02-07,1,415.59,327,1,1,1,Hibernating
U001285,2025-08-16,8,2672.77,137,1,5,3,Loyal
U001286,2025-04-27,2,731.6500000000001,248,1,1,1,Hibernating
U001287,2025-12-13,9,5495.57,18,4,5,5,Champions
U001288,2025-09-29,5,3196.04,93,2,3,3,At Risk
U001289,2025-09-08,5,2461.55,114,2,3,3,At Risk
U001290,2025-03-23,2,1223.6100000000001,283,1,1,2,Hibernating
U001291,2025-12-25,8,3040.49,6,5,5,3,Champions
U001292,2025-10-19,1,935.19,73,2,1,1,Hibernating
U001293,2025-12-13,8,3903.88,18,4,5,4,Champions
U001294,2025-11-11,2,1547.98,50,3,1,2,Potential Loyalists
U001296,2025-12-05,4,3369.77,26,4,2,4,New & Promising
U001297,2025-12-09,14,10700.83,22,4,5,5,Champions
U001298,2025-12-11,3,1684.8000000000002,20,4,2,2,New & Promising
U001299,2025-12-20,6,5723.55,11,5,4,5,Champions
U001300,2025-11-23,4,2196.51,38,3,2,3,Potential Loyalists
U001301,2025-10-25,3,2061.21,67,3,2,2,Potential Loyalists
U001302,2025-09-17,3,672.19,105,2,2,1,Hibernating
U001303,2025-12-06,8,5453.64,25,4,5,5,Champions
U001304,2025-07-14,3,1526.42,170,1,2,2,Hibernating
U001305,2025-11-04,4,3018.6499999999996,57,3,2,3,Potential Loyalists
U001306,2025-08-27,2,716.8,126,2,1,1,Hibernating
U001307,2025-11-09,6,3474.34,52,3,4,4,Loyal
U001308,2025-09-05,2,915.9300000000001,117,2,1,1,Hibernating
U001309,2025-12-15,8,4242.91,16,5,5,4,Champions
U001310,2025-12-27,4,3315.72,4,5,2,4,New & Promising
U001311,2025-12-19,3,1312.2,12,5,2,2,New & Promising
U001312,2025-06-21,1,1485.16,193,1,1,2,Hibernating
U001314,2025-12-14,7,4420.9800000000005,17,5,4,4,Champions
U001315,2025-11-15,6,4133.31,46,3,4,4,Loyal
U001316,2025-10-14,3,2446.46,78,2,2,3,Hibernating
U001317,2025-11-18,3,990.53,43,3,2,1,Potential Loyalists
U001318,2025-12-01,6,6223.59,30,4,4,5,Champions
U001319,2025-11-06,5,4474.55,55,3,3,4,Potential Loyalists
U001321,2025-09-30,8,4351.39,92,2,5,4,Loyal
U001322,2025-11-26,7,4041.19,35,4,4,4,Champions
U001323,2025-08-10,4,2164.85,143,1,2,3,Hibernating
U001324,2025-12-19,6,9124.33,12,5,4,5,Champions
U001325,2025-11-26,5,2811.5499999999997,35,4,3,3,Potential Loyalists
U001326,2025-05-04,1,350.56,241,1,1,1,Hibernating
U001327,2025-12-13,4,1789.73,18,4,2,2,New & Promising
U001328,2025-12-29,4,1655.41,2,5,2,2,New & Promising
U001329,2025-07-17,6,4502.5,167,1,4,4,Loyal
U001331,2025-12-23,10,7724.27,8,5,5,5,Champions
U001332,2025-11-07,6,4745.4400000000005,54,3,4,5,Loyal
U001333,2025-12-23,6,4630.0,8,5,4,4,Champions
U001334,2025-12-29,7,2715.0099999999998,2,5,4,3,Champions
U001335,2025-11-01,8,3157.87,60,3,5,3,Loyal
U001336,2025-10-01,2,2412.6000000000004,91,2,1,3,Hibernating
U001337,2025-09-30,4,1889.87,92,2,2,2,Hibernating
U001338,2025-06-13,1,465.12,201,1,1,1,Hibernating
U001339,2025-10-25,6,4273.64,67,3,4,4,Loyal
U001340,2025-12-01,2,2498.5,30,4,1,3,New & Promising
U001342,2025-05-01,3,1568.98,244,1,2,2,Hibernating
U001343,2025-12-24,5,3569.87,7,5,3,4,Potential Loyalists
U001344,2025-09-08,3,1061.08,114,2,2,1,Hibernating
U001345,2025-09-27,2,827.28,95,2,1,1,Hibernating
U001346,2025-10-28,8,6646.35,64,3,5,5,Loyal
U001347,2025-12-26,9,4329.32,5,5,5,4,Champions
U001348,2025-11-16,6,5393.06,45,3,4,5,Loyal
U001349,2025-12-12,7,3565.89,19,4,4,4,Champions
U001350,2025-05-04,4,1623.46,241,1,2,2,Hibernating
U001351,2025-07-08,1,423.91,176,1,1,1,Hibernating
U001352,2025-12-13,7,8558.69,18,4,4,5,Champions
U001353,2025-12-04,2,1318.88,27,4,1,2,New & Promising
U001354,2025-11-28,6,3939.64,33,4,4,4,Champions
U001355,2025-12-16,6,3071.16,15,5,4,3,Champions
U001356,2025-11-15,7,8029.98,46,3,4,5,Loyal
U001357,2025-11-21,6,4002.04,40,3,4,4,Loyal
U001358,2025-10-20,5,3940.61,72,2,3,4,At Risk
U001359,2025-10-25,6,3305.61,67,3,4,4,Loyal
U001360,2025-12-20,5,2563.11,11,5,3,3,Potential Loyalists
U001361,2025-11-09,7,4331.87,52,3,4,4,Loyal
U001362,2025-07-11,3,1906.58,173,1,2,2,Hibernating
U001363,2025-10-25,4,3102.16,67,3,2,3,Potential Loyalists
U001364,2025-11-19,4,3960.62,42,3,2,4,Potential Loyalists
U001365,2025-12-26,7,3684.49,5,5,4,4,Champions
U001366,2025-12-06,5,4390.62,25,4,3,4,Potential Loyalists
U001367,2025-11-25,7,3375.25,36,4,4,4,Champions
U001368,2025-11-26,7,3695.06,35,4,4,4,Champions
U001369,2025-11-30,4,1180.3899999999999,31,4,2,1,New & Promising
U001370,2025-06-28,2,2018.8700000000001,186,1,1,2,Hibernating
U001371,2025-12-07,6,3069.8599999999997,24,4,4,3,Champions
U001372,2025-12-27,10,3989.98,4,5,5,4,Champions
U001373,2025-09-06,4,2260.41,116,2,2,3,Hibernating
U001374,2025-10-13,1,1414.27,79,2,1,2,Hibernating
U001375,2025-07-28,2,1607.88,156,1,1,2,Hibernating
U001376,2025-11-07,5,4592.969999999999,54,3,3,4,Potential Loyalists
U001377,2025-09-27,6,4069.2799999999997,95,2,4,4,Loyal
U001378,2025-12-31,6,4012.4,0,5,4,4,Champions
U001379,2025-11-26,9,9470.19,35,4,5,5,Champions
U001380,2025-12-22,4,988.34,9,5,2,1,New & Promising
U001381,2025-09-13,2,635.3699999999999,109,2,1,1,Hibernating
U001382,2025-11-13,4,1813.6200000000001,48,3,2,2,Potential Loyalists
U001383,2025-11-11,4,3613.47,50,3,2,4,Potential Loyalists
U001384,2025-10-04,2,813.05,88,2,1,1,Hibernating
U001385,2025-10-11,4,2620.08,81,2,2,3,Hibernating
U001387,2025-09-23,4,1805.87,99,2,2,2,Hibernating
U001388,2025-10-10,2,589.3,82,2,1,1,Hibernating
U001389,2025-12-06,4,2576.98,25,4,2,3,New & Promising
U001390,2025-05-23,3,2181.34,222,1,2,3,Hibernating
U001391,2025-12-19,2,1553.5900000000001,12,5,1,2,New & Promising
U001392,2025-09-13,5,2433.3,109,2,3,3,At Risk
U001393,2025-11-29,3,974.69,32,4,2,1,New & Promising
U001394,2025-10-12,8,7452.25,80,2,5,5,Loyal
U001395,2025-10-20,5,2177.71,72,2,3,3,At Risk
U001396,2025-11-11,7,5316.12,50,3,4,5,Loyal
U001397,2025-10-28,4,4337.43,64,3,2,4,Potential Loyalists
U001398,2025-06-22,4,3653.69,192,1,2,4,Hibernating
U001399,2025-11-22,9,5448.5,39,3,5,5,Loyal
U001400,2025-12-12,4,1973.64,19,4,2,2,New & Promising
U001401,2025-11-07,4,3170.02,54,3,2,3,Potential Loyalists
U001402,2025-07-30,5,2639.6600000000003,154,1,3,3,At Risk
U001403,2025-11-14,4,3526.6400000000003,47,3,2,4,Potential Loyalists
U001404,2025-12-04,4,1780.2,27,4,2,2,New & Promising
U001405,2025-12-27,11,7417.5599999999995,4,5,5,5,Champions
U001406,2025-11-25,5,2730.55,36,4,3,3,Potential Loyalists
U001407,2025-12-24,6,3636.71,7,5,4,4,Champions
U001408,2025-12-06,2,1689.7200000000003,25,4,1,2,New & Promising
U001409,2025-12-12,3,2652.56,19,4,2,3,New & Promising
U001410,2025-09-27,6,6417.17,95,2,4,5,Loyal
U001411,2025-12-21,9,6229.51,10,5,5,5,Champions
U001412,2025-05-10,2,2080.45,235,1,1,2,Hibernating
U001413,2025-05-30,1,597.18,215,1,1,1,Hibernating
U001414,2025-12-02,3,1882.23,29,4,2,2,New & Promising
U001415,2025-12-11,2,645.04,20,4,1,1,New & Promising
U001416,2025-09-10,2,1415.2,112,2,1,2,Hibernating
U001417,2025-12-12,12,8313.18,19,4,5,5,Champions
U001418,2025-08-01,3,1584.73,152,1,2,2,Hibernating
U001419,2025-11-25,5,3443.43,36,4,3,4,Potential Loyalists
U001420,2025-11-19,5,2254.48,42,3,3,3,Potential Loyalists
U001421,2025-11-08,4,1971.79,53,3,2,2,Potential Loyalists
U001422,2025-12-19,5,2431.5299999999997,12,5,3,3,Potential Loyalists
U001423,2025-09-25,5,2259.25,97,2,3,3,At Risk
U001424,2025-06-06,3,3020.27,208,1,2,3,Hibernating
U001425,2025-12-14,10,5356.53,17,5,5,5,Champions
U001427,2025-12-06,3,1055.92,25,4,2,1,New & Promising
U001428,2025-12-20,9,6280.87,11,5,5,5,Champions
U001429,2025-12-10,1,341.25,21,4,1,1,New & Promising
U001430,2025-12-27,6,5294.43,4,5,4,5,Champions
U001431,2025-12-13,11,7033.0599999999995,18,4,5,5,Champions
U001432,2025-11-02,5,2378.9700000000003,59,3,3,3,Potential Loyalists
U001433,2025-10-29,2,2025.74,63,3,1,2,Potential Loyalists
U001434,2025-10-02,6,4712.63,90,2,4,4,Loyal
U001435,2025-11-11,2,882.56,50,3,1,1,Potential Loyalists
U001436,2025-10-19,2,1795.6299999999999,73,2,1,2,Hibernating
U001437,2025-07-27,3,1919.34,157,1,2,2,Hibernating
U001438,2025-12-28,7,4562.7,3,5,4,4,Champions
U001439,2025-12-19,2,1334.01,12,5,1,2,New & Promising
U001440,2025-12-06,6,7001.200000000001,25,4,4,5,Champions
U001441,2025-12-12,8,4582.46,19,4,5,4,Champions
U001442,2025-11-01,8,5574.95,60,3,5,5,Loyal
U001443,2025-05-25,6,3811.54,220,1,4,4,Loyal
U001444,2025-12-24,4,2175.86,7,5,2,3,New & Promising
U001445,2025-09-15,6,2734.39,107,2,4,3,Loyal
U001446,2025-09-08,5,2150.9300000000003,114,2,3,3,At Risk
U001447,2025-08-18,2,1039.13,135,1,1,1,Hibernating
U001448,2025-11-16,11,5060.45,45,3,5,5,Loyal
U001449,2025-12-06,4,2928.69,25,4,2,3,New & Promising
U001450,2025-04-24,1,792.19,251,1,1,1,Hibernating
U001451,2025-12-19,6,3722.3900000000003,12,5,4,4,Champions
U001452,2025-12-16,10,8303.82,15,5,5,5,Champions
U001453,2025-12-30,6,3746.6800000000003,1,5,4,4,Champions
U001454,2025-12-05,6,3501.01,26,4,4,4,Champions
U001455,2025-09-08,2,1172.3899999999999,114,2,1,1,Hibernating
U001456,2025-11-10,4,2807.97,51,3,2,3,Potential Loyalists
U001457,2025-12-30,12,6356.96,1,5,5,5,Champions
U001458,2025-12-12,10,7095.85,19,4,5,5,Champions
U001459,2025-12-10,6,4260.6900000000005,21,4,4,4,Champions
U001460,2025-12-28,3,1737.0300000000002,3,5,2,2,New & Promising
U001461,2025-12-26,6,3090.97,5,5,4,3,Champions
U001462,2025-12-20,7,3337.69,11,5,4,4,Champions
U001463,2025-11-08,2,677.01,53,3,1,1,Potential Loyalists
U001464,2025-07-28,2,757.13,156,1,1,1,Hibernating
U001465,2025-12-10,2,1796.52,21,4,1,2,New & Promising
U001466,2025-09-27,6,2624.35,95,2,4,3,Loyal
U001467,2025-11-13,5,3661.24,48,3,3,4,Potential Loyalists
U001469,2025-10-29,4,2172.14,63,3,2,3,Potential Loyalists
U001470,2025-11-22,8,3666.36,39,3,5,4,Loyal
U001471,2025-08-03,3,1604.52,150,1,2,2,Hibernating
U001472,2025-10-17,2,1084.56,75,2,1,1,Hibernating
U001473,2025-12-30,13,10677.27,1,5,5,5,Champions
U001474,2025-09-24,9,4746.87,98,2,5,5,Loyal
U001475,2025-12-07,9,4486.11,24,4,5,4,Champions
U001476,2025-06-11,2,2024.06,203,1,1,2,Hibernating
U001477,2025-10-29,12,6273.0199999999995,63,3,5,5,Loyal
U001478,2025-03-03,1,480.62,303,1,1,1,Hibernating
U001479,2025-10-24,5,2114.54,68,2,3,2,At Risk
U001481,2025-06-10,1,375.5,204,1,1,1,Hibernating
U001482,2025-09-30,9,5164.45,92,2,5,5,Loyal
U001483,2025-02-27,1,813.54,307,1,1,1,Hibernating
U001485,2025-09-17,3,1335.52,105,2,2,2,Hibernating
U001486,2025-10-18,7,3018.37,74,2,4,3,Loyal
U001487,2025-11-10,2,1513.8799999999999,51,3,1,2,Potential Loyalists
U001488,2025-12-10,5,4534.74,21,4,3,4,Potential Loyalists
U001489,2025-11-27,7,3854.24,34,4,4,4,Champions
U001490,2025-08-26,3,2638.92,127,2,2,3,Hibernating
U001491,2025-11-04,4,1938.97,57,3,2,2,Potential Loyalists
U001492,2025-01-23,1,501.65,342,1,1,1,Hibernating
U001493,2025-09-08,2,2589.48,114,2,1,3,Hibernating
U001494,2025-06-02,1,566.78,212,1,1,1,Hibernating
U001495,2025-12-07,5,3495.0299999999997,24,4,3,4,Potential Loyalists
U001496,2025-12-15,11,5966.01,16,5,5,5,Champions
U001497,2025-12-15,3,1942.12,16,5,2,2,New & Promising
U001498,2025-12-25,8,3241.19,6,5,5,4,Champions
U001499,2025-12-20,16,9156.32,11,5,5,5,Champions
U001500,2025-09-26,1,1074.01,96,2,1,1,Hibernating
U001501,2025-10-19,8,4192.75,73,2,5,4,Loyal
U001502,2025-12-12,8,3285.66,19,4,5,4,Champions
U001503,2025-09-27,3,2767.77,95,2,2,3,Hibernating
U001504,2025-07-27,1,353.62,157,1,1,1,Hibernating
U001505,2025-12-12,11,8030.42,19,4,5,5,Champions
U001506,2025-11-11,12,9254.79,50,3,5,5,Loyal
U001507,2025-12-07,13,12075.070000000002,24,4,5,5,Champions
U001508,2025-09-22,11,8015.35,100,2,5,5,Loyal
U001509,2025-12-13,10,4201.05,18,4,5,4,Champions
U001510,2025-11-08,5,4455.9,53,3,3,4,Potential Loyalists
U001511,2025-11-20,5,2027.05,41,3,3,2,Potential Loyalists
U001512,2025-06-19,4,1557.29,195,1,2,2,Hibernating
U001513,2025-09-15,1,288.62,107,2,1,1,Hibernating
U001514,2025-05-29,2,1498.35,216,1,1,2,Hibernating
U001515,2025-12-05,4,3889.7799999999997,26,4,2,4,New & Promising
U001516,2025-11-06,4,1930.29,55,3,2,2,Potential Loyalists
U001517,2025-08-28,4,2384.76,125,2,2,3,Hibernating
U001518,2025-09-13,6,4489.4800000000005,109,2,4,4,Loyal
U001519,2025-07-27,5,2299.64,157,1,3,3,At Risk
U001520,2025-07-07,2,1043.26,177,1,1,1,Hibernating
U001521,2025-07-22,5,6318.09,162,1,3,5,At Risk
U001523,2025-12-12,5,3999.96,19,4,3,4,Potential Loyalists
U001524,2025-10-16,2,547.53,76,2,1,1,Hibernating
U001525,2025-12-24,12,5210.79,7,5,5,5,Champions
U001526,2025-12-30,4,1897.9299999999998,1,5,2,2,New & Promising
U001527,2025-12-04,6,3971.1800000000003,27,4,4,4,Champions
U001528,2025-11-18,4,1845.44,43,3,2,2,Potential Loyalists
U001529,2025-11-09,7,3446.79,52,3,4,4,Loyal
U001530,2025-07-03,4,1449.75,181,1,2,2,Hibernating
U001531,2025-01-19,1,233.91,346,1,1,1,Hibernating
U001532,2025-11-05,2,1659.75,56,3,1,2,Potential Loyalists
U001534,2025-12-27,9,4936.45,4,5,5,5,Champions
U001535,2025-12-11,6,4555.42,20,4,4,4,Champions
U001536,2025-09-11,2,1241.94,111,2,1,2,Hibernating
U001538,2025-11-24,3,1735.0300000000002,37,4,2,2,New & Promising
U001539,2025-12-21,4,2900.0699999999997,10,5,2,3,New & Promising
U001540,2025-08-24,1,966.91,129,1,1,1,Hibernating
U001541,2025-12-20,4,1748.6100000000001,11,5,2,2,New & Promising
U001542,2025-12-29,9,7404.93,2,5,5,5,Champions
U001543,2025-12-07,2,859.06,24,4,1,1,New & Promising
U001544,2025-11-16,3,3659.42,45,3,2,4,Potential Loyalists
U001545,2025-07-05,2,564.3,179,1,1,1,Hibernating
U001546,2025-06-08,3,1049.28,206,1,2,1,Hibernating
U001547,2025-09-07,3,1276.4,115,2,2,2,Hibernating
U001548,2025-12-30,7,8051.52,1,5,4,5,Champions
U001549,2025-10-21,4,2896.8199999999997,71,2,2,3,Hibernating
U001550,2025-11-19,4,2224.2799999999997,42,3,2,3,Potential Loyalists
U001551,2025-11-09,1,270.54,52,3,1,1,Potential Loyalists
U001552,2025-11-23,7,5726.04,38,3,4,5,Loyal
U001554,2025-11-21,5,3652.91,40,3,3,4,Potential Loyalists
U001555,2025-10-14,3,1400.9,78,2,2,2,Hibernating
U001556,2025-12-22,5,2604.26,9,5,3,3,Potential Loyalists
U001557,2025-12-18,2,1321.24,13,5,1,2,New & Promising
U001558,2025-03-20,1,826.2,286,1,1,1,Hibernating
U001559,2025-12-18,5,2077.5,13,5,3,2,Potential Loyalists
U001560,2025-12-05,9,7329.25,26,4,5,5,Champions
U001561,2025-10-30,4,1970.69,62,3,2,2,Potential Loyalists
U001562,2025-04-05,2,1012.1800000000001,270,1,1,1,Hibernating
U001563,2025-10-04,5,1981.1399999999999,88,2,3,2,At Risk
U001565,2025-12-25,5,2017.26,6,5,3,2,Potential Loyalists
U001566,2025-11-02,6,2960.92,59,3,4,3,Loyal
U001567,2025-12-15,7,5504.93,16,5,4,5,Champions
U001568,2025-10-27,4,1708.6100000000001,65,3,2,2,Potential Loyalists
U001569,2025-09-24,4,2618.22,98,2,2,3,Hibernating
U001570,2025-10-05,2,1482.23,87,2,1,2,Hibernating
U001571,2025-12-27,6,3698.48,4,5,4,4,Champions
U001572,2025-11-01,3,2792.48,60,3,2,3,Potential Loyalists
U001573,2025-12-14,9,5998.46,17,5,5,5,Champions
U001574,2025-11-27,4,1306.8400000000001,34,4,2,2,New & Promising
U001575,2025-12-08,9,4239.7699999999995,23,4,5,4,Champions
U001576,2025-12-14,9,8266.06,17,5,5,5,Champions
U001577,2025-12-29,2,937.95,2,5,1,1,New & Promising
U001578,2025-11-09,3,1345.21,52,3,2,2,Potential Loyalists
U001579,2025-10-08,2,510.44,84,2,1,1,Hibernating
U001581,2025-01-15,1,333.78,350,1,1,1,Hibernating
U001582,2025-11-08,8,6282.1,53,3,5,5,Loyal
U001583,2025-12-18,10,6017.28,13,5,5,5,Champions
U001584,2025-06-08,4,2188.67,206,1,3,3,At Risk
U001585,2025-08-19,8,2562.95,134,1,5,3,Loyal
U001586,2025-03-26,2,1644.5,280,1,1,2,Hibernating
U001587,2025-10-11,7,6315.57,81,2,4,5,Loyal
U001588,2025-12-10,4,2534.44,21,4,3,3,Potential Loyalists
U001589,2025-10-05,1,1062.15,87,2,1,1,Hibernating
U001590,2025-12-02,3,1029.77,29,4,2,1,New & Promising
U001591,2025-11-02,3,1064.6,59,3,2,1,Potential Loyalists
U001592,2025-11-27,4,4269.75,34,4,3,4,Potential Loyalists
U001593,2025-12-14,2,1000.1600000000001,17,5,1,1,New & Promising
U001594,2025-12-30,8,6497.0,1,5,5,5,Champions
U001595,2025-12-08,2,848.05,23,4,1,1,New & Promising
U001596,2025-09-04,2,989.77,118,2,1,1,Hibernating
U001597,2025-11-18,4,1787.47,43,3,3,2,Potential Loyalists
U001598,2025-10-25,4,1610.46,67,3,3,2,Potential Loyalists
U001599,2025-07-31,4,4631.969999999999,153,1,3,4,At Risk
U001600,2025-12-07,8,4637.67,24,4,5,4,Champions
U001601,2025-09-01,2,1345.5,121,2,1,2,Hibernating
U001602,2025-12-18,10,10285.25,13,5,5,5,Champions
U001603,2025-12-02,5,2028.3700000000001,29,4,3,2,Potential Loyalists
U001605,2025-12-20,5,1936.1,11,5,3,2,Potential Loyalists
U001606,2025-12-12,8,5374.75,19,4,5,5,Champions
U001607,2025-11-09,6,3522.77,52,3,4,4,Loyal
U001608,2025-11-13,7,5938.65,48,3,4,5,Loyal
U001609,2025-10-20,5,4776.94,72,2,3,5,At Risk
U001610,2025-12-31,14,5604.34,0,5,5,5,Champions
U001611,2025-11-08,1,310.26,53,3,1,1,Potential Loyalists
U001612,2025-10-12,1,988.22,80,2,1,1,Hibernating
U001613,2025-12-20,11,7663.860000000001,11,5,5,5,Champions
U001614,2025-04-28,2,756.6099999999999,247,1,1,1,Hibernating
U001615,2025-12-07,11,8252.02,24,4,5,5,Champions
U001616,2025-12-23,5,4005.74,8,5,3,4,Potential Loyalists
U001617,2025-12-29,14,7331.650000000001,2,5,5,5,Champions
U001618,2025-12-26,3,1585.38,5,5,2,2,New & Promising
U001619,2025-12-24,5,1979.5,7,5,3,2,Potential Loyalists
U001620,2025-12-11,4,1773.85,20,4,3,2,Potential Loyalists
U001621,2025-03-05,2,1904.26,301,1,1,2,Hibernating
U001622,2025-12-11,4,1983.6499999999999,20,4,3,2,Potential Loyalists
U001623,2025-11-20,15,9620.15,41,3,5,5,Loyal
U001624,2025-06-26,1,417.63,188,1,1,1,Hibernating
U001625,2025-03-30,1,515.62,276,1,1,1,Hibernating
U001626,2025-12-14,3,2241.87,17,5,2,3,New & Promising
U001627,2025-10-16,4,1587.5800000000002,76,2,3,2,At Risk
U001628,2025-12-26,3,1907.94,5,5,2,2,New & Promising
U001629,2025-10-19,3,2561.74,73,2,2,3,Hibernating
U001630,2025-12-28,6,2763.79,3,5,4,3,Champions
U001631,2025-02-17,1,278.16,317,1,1,1,Hibernating
U001632,2025-07-08,7,4759.76,176,1,4,5,Loyal
U001633,2025-11-14,3,3429.0699999999997,47,3,2,4,Potential Loyalists
U001634,2025-08-24,2,1662.9,129,1,1,2,Hibernating
U001635,2025-11-18,3,2163.61,43,3,2,3,Potential Loyalists
U001636,2025-09-15,1,244.82,107,2,1,1,Hibernating
U001637,2025-12-26,10,5147.77,5,5,5,5,Champions
U001638,2025-08-26,1,575.16,127,2,1,1,Hibernating
U001640,2025-08-17,3,772.6099999999999,136,1,2,1,Hibernating
U001641,2025-12-15,7,5552.01,16,5,4,5,Champions
U001642,2025-12-22,2,1077.64,9,5,1,1,New & Promising
U001643,2025-10-06,9,6740.43,86,2,5,5,Loyal
U001644,2025-07-19,1,387.27,165,1,1,1,Hibernating
U001645,2025-11-26,4,1763.5900000000001,35,4,3,2,Potential Loyalists
U001646,2025-11-12,8,4868.66,49,3,5,5,Loyal
U001647,2025-09-13,6,5184.02,109,2,4,5,Loyal
U001648,2025-09-25,6,2137.44,97,2,4,3,Loyal
U001649,2025-11-08,5,1247.67,53,3,3,2,Potential Loyalists
U001650,2025-12-16,7,4953.27,15,5,4,5,Champions
U001651,2025-12-13,2,1974.84,18,4,1,2,New & Promising
U001652,2025-12-12,11,7382.72,19,4,5,5,Champions
U001653,2025-10-16,1,393.52,76,2,1,1,Hibernating
U001654,2025-11-17,4,2086.62,44,3,3,2,Potential Loyalists
U001655,2025-12-12,8,6310.58,19,4,5,5,Champions
U001656,2025-12-18,3,5190.150000000001,13,5,2,5,New & Promising
U001657,2025-12-30,9,5401.4,1,5,5,5,Champions
U001658,2025-11-01,6,3584.84,60,3,4,4,Loyal
U001659,2025-12-08,5,2541.87,23,4,3,3,Potential Loyalists
U001660,2025-12-05,8,3505.3900000000003,26,4,5,4,Champions
U001661,2025-12-13,10,7181.74,18,4,5,5,Champions
U001662,2025-10-21,1,243.11,71,2,1,1,Hibernating
U001663,2025-12-12,4,3537.32,19,4,3,4,Potential Loyalists
U001664,2025-12-18,3,2424.76,13,5,2,3,New & Promising
U001665,2025-08-28,1,271.96,125,2,1,1,Hibernating
U001666,2025-12-11,5,2841.5600000000004,20,4,3,3,Potential Loyalists
U001667,2025-07-12,1,865.06,172,1,1,1,Hibernating
U001668,2025-05-10,5,1782.39,235,1,3,2,At Risk
U001669,2025-12-28,7,5696.7699999999995,3,5,4,5,Champions
U001670,2025-12-16,10,6662.15,15,5,5,5,Champions
U001671,2025-11-16,4,5143.32,45,3,3,5,Potential Loyalists
U001672,2025-01-30,1,207.81,335,1,1,1,Hibernating
U001673,2025-11-16,4,2462.5299999999997,45,3,3,3,Potential Loyalists
U001674,2025-12-19,8,6173.6,12,5,5,5,Champions
U001675,2025-12-11,4,1102.45,20,4,3,1,Potential Loyalists
U001676,2025-11-02,10,6367.9800000000005,59,3,5,5,Loyal
U001677,2025-07-13,2,1825.14,171,1,1,2,Hibernating
U001678,2025-11-10,4,841.02,51,3,3,1,Potential Loyalists
U001679,2025-12-16,8,5637.38,15,5,5,5,Champions
U001680,2025-02-23,1,287.31,311,1,1,1,Hibernating
U001681,2025-10-27,1,622.0,65,3,1,1,Potential Loyalists
U001682,2025-08-04,3,1289.31,149,1,2,2,Hibernating
U001683,2025-11-10,7,6006.86,51,3,4,5,Loyal
U001684,2025-11-02,2,730.1099999999999,59,3,1,1,Potential Loyalists
U001685,2025-07-01,3,1437.76,183,1,2,2,Hibernating
U001686,2025-12-03,6,3781.12,28,4,4,4,Champions
U001687,2025-12-12,10,4641.72,19,4,5,4,Champions
U001688,2025-07-13,6,4807.07,171,1,4,5,Loyal
U001689,2025-10-05,8,6731.75,87,2,5,5,Loyal
U001690,2025-11-26,6,4126.66,35,4,4,4,Champions
U001691,2025-10-17,7,3550.24,75,2,4,4,Loyal
U001692,2025-06-25,1,250.55,189,1,1,1,Hibernating
U001693,2025-08-20,2,3383.1,133,1,1,4,Hibernating
U001694,2025-09-28,5,2143.92,94,2,3,3,At Risk
U001696,2025-09-22,6,5520.99,100,2,4,5,Loyal
U001697,2025-12-18,6,2995.77,13,5,4,3,Champions
U001698,2025-12-11,6,3616.41,20,4,4,4,Champions
U001699,2025-10-13,5,1842.17,79,2,3,2,At Risk
U001700,2025-12-07,6,4093.65,24,4,4,4,Champions
U001701,2025-12-20,9,5306.35,11,5,5,5,Champions
U001702,2025-09-15,2,390.02,107,2,1,1,Hibernating
U001703,2025-03-21,4,2772.67,285,1,3,3,At Risk
U001704,2025-12-19,8,4632.08,12,5,5,4,Champions
U001705,2025-09-17,6,3363.1400000000003,105,2,4,4,Loyal
U001706,2025-09-10,7,4707.88,112,2,4,4,Loyal
U001707,2025-11-18,4,4007.5,43,3,3,4,Potential Loyalists
U001708,2025-05-11,5,4381.91,234,1,3,4,At Risk
U001709,2025-11-22,3,1509.71,39,3,2,2,Potential Loyalists
U001710,2025-11-16,11,7262.92,45,3,5,5,Loyal
U001711,2025-11-22,3,1524.48,39,3,2,2,Potential Loyalists
U001712,2025-03-07,1,398.0,299,1,1,1,Hibernating
U001713,2025-09-11,1,1774.04,111,2,1,2,Hibernating
U001714,2025-12-22,7,2769.21,9,5,4,3,Champions
U001715,2025-11-17,4,2753.5299999999997,44,3,3,3,Potential Loyalists
U001716,2025-07-29,5,2753.15,155,1,3,3,At Risk
U001717,2025-11-10,10,5603.07,51,3,5,5,Loyal
U001718,2025-10-05,9,7378.95,87,2,5,5,Loyal
U001719,2025-07-29,3,1570.98,155,1,2,2,Hibernating
U001720,2025-11-23,8,5123.25,38,3,5,5,Loyal
U001721,2025-12-22,9,5568.23,9,5,5,5,Champions
U001722,2025-06-01,1,2515.04,213,1,1,3,Hibernating
U001723,2025-09-10,4,1737.67,112,2,3,2,At Risk
U001724,2025-10-11,9,6655.98,81,2,5,5,Loyal
U001725,2025-12-18,12,8693.78,13,5,5,5,Champions
U001726,2025-12-16,7,3105.69,15,5,4,3,Champions
U001727,2025-12-18,4,2044.3700000000001,13,5,3,2,Potential Loyalists
U001728,2025-07-19,5,3036.78,165,1,3,3,At Risk
U001729,2025-08-13,4,2159.59,140,1,3,3,At Risk
U001730,2025-05-28,1,616.82,217,1,1,1,Hibernating
U001733,2025-11-11,3,2505.56,50,3,2,3,Potential Loyalists
U001734,2025-11-12,6,4059.8900000000003,49,3,4,4,Loyal
U001735,2025-11-03,1,171.15,58,3,1,1,Potential Loyalists
U001736,2025-07-19,4,2406.04,165,1,3,3,At Risk
U001737,2025-11-18,7,2658.09,43,3,4,3,Loyal
U001738,2025-08-17,4,3224.0299999999997,136,1,3,4,At Risk
U001739,2025-07-22,2,876.21,162,1,1,1,Hibernating
U001740,2025-12-13,5,3103.7400000000002,18,4,3,3,Potential Loyalists
U001741,2025-10-23,5,3473.2200000000003,69,2,3,4,At Risk
U001742,2025-11-30,8,7360.43,31,4,5,5,Champions
U001743,2025-09-11,3,1436.9900000000002,111,2,2,2,Hibernating
U001744,2025-12-19,6,4227.65,12,5,4,4,Champions
U001745,2025-10-08,3,1791.51,84,2,2,2,Hibernating
U001746,2025-04-27,2,914.78,248,1,1,1,Hibernating
U001747,2025-06-07,1,510.07,207,1,1,1,Hibernating
U001748,2025-12-20,4,1894.04,11,5,3,2,Potential Loyalists
U001749,2025-10-17,1,322.86,75,2,1,1,Hibernating
U001750,2025-09-06,6,2558.65,116,2,4,3,Loyal
U001751,2025-12-17,6,2222.38,14,5,4,3,Champions
U001752,2025-03-24,1,258.82,282,1,1,1,Hibernating
U001753,2025-06-28,2,478.71000000000004,186,1,1,1,Hibernating
U001754,2025-07-26,2,2880.75,158,1,1,3,Hibernating
U001755,2025-12-23,7,4391.2699999999995,8,5,4,4,Champions
U001756,2025-12-12,5,4645.77,19,4,3,4,Potential Loyalists
U001757,2025-12-27,5,2926.59,4,5,3,3,Potential Loyalists
U001758,2025-08-18,2,1826.38,135,1,1,2,Hibernating
U001759,2025-06-12,3,2200.17,202,1,2,3,Hibernating
U001760,2025-12-11,8,7749.03,20,4,5,5,Champions
U001761,2025-11-22,3,2055.69,39,3,2,2,Potential Loyalists
U001762,2025-11-27,5,2717.38,34,4,3,3,Potential Loyalists
U001764,2025-12-13,4,1310.81,18,4,3,2,Potential Loyalists
U001765,2025-08-29,1,250.15,124,2,1,1,Hibernating
U001766,2025-11-16,7,2543.01,45,3,4,3,Loyal
U001767,2025-07-02,3,1140.0,182,1,2,1,Hibernating
U001768,2025-06-17,1,964.17,197,1,1,1,Hibernating
U001769,2025-08-07,6,3157.65,146,1,4,3,Loyal
U001770,2025-05-27,2,994.78,218,1,1,1,Hibernating
U001771,2025-12-16,6,3792.97,15,5,4,4,Champions
U001773,2025-06-05,1,493.7,209,1,1,1,Hibernating
U001774,2025-11-22,8,5998.6,39,3,5,5,Loyal
U001775,2025-12-13,5,4004.4900000000002,18,4,3,4,Potential Loyalists
U001776,2025-06-18,3,1025.07,196,1,2,1,Hibernating
U001777,2025-12-10,3,1245.79,21,4,2,2,New & Promising
U001778,2025-01-07,1,886.66,358,1,1,1,Hibernating
U001779,2025-12-13,11,6339.76,18,4,5,5,Champions
U001780,2025-12-20,6,2615.45,11,5,4,3,Champions
U001781,2025-12-04,11,4697.71,27,4,5,4,Champions
U001782,2025-10-25,6,3792.96,67,3,4,4,Loyal
U001783,2025-10-14,5,3408.5699999999997,78,2,3,4,At Risk
U001784,2025-12-19,3,1417.62,12,5,2,2,New & Promising
U001785,2025-11-14,10,4285.8099999999995,47,3,5,4,Loyal
U001786,2025-12-13,4,2220.85,18,4,3,3,Potential Loyalists
U001787,2025-12-11,5,2017.81,20,4,3,2,Potential Loyalists
U001788,2025-11-15,1,422.84,46,3,1,1,Potential Loyalists
U001789,2025-10-12,7,4405.99,80,2,4,4,Loyal
U001790,2025-12-12,7,4109.13,19,4,4,4,Champions
U001791,2025-09-04,1,1329.0,118,2,1,2,Hibernating
U001792,2025-12-08,4,2815.8,23,4,3,3,Potential Loyalists
U001793,2025-10-19,12,5776.19,73,2,5,5,Loyal
U001794,2025-12-06,5,2515.87,25,4,3,3,Potential Loyalists
U001795,2025-08-19,3,2020.8999999999999,134,1,2,2,Hibernating
U001796,2025-12-17,12,5063.18,14,5,5,5,Champions
U001797,2025-08-21,3,1005.74,132,1,2,1,Hibernating
U001798,2025-10-30,6,5489.299999999999,62,3,4,5,Loyal
U001799,2025-12-07,5,2002.25,24,4,3,2,Potential Loyalists
U001800,2025-12-02,11,4635.05,29,4,5,4,Champions
U001801,2025-11-26,13,6865.64,35,4,5,5,Champions
U001803,2025-09-21,4,3314.25,101,2,3,4,At Risk
U001804,2025-10-05,2,1254.3,87,2,1,2,Hibernating
U001805,2025-11-12,4,2745.34,49,3,3,3,Potential Loyalists
U001807,2025-10-12,4,1923.81,80,2,3,2,At Risk
U001808,2025-12-03,7,5290.6900000000005,28,4,4,5,Champions
U001809,2025-12-17,4,2178.71,14,5,3,3,Potential Loyalists
U001810,2025-08-02,1,283.84,151,1,1,1,Hibernating
U001811,2025-09-21,5,2892.4,101,2,3,3,At Risk
U001812,2025-09-15,2,1124.59,107,2,1,1,Hibernating
U001813,2025-12-06,2,467.95,25,4,1,1,New & Promising
U001814,2025-11-18,1,441.45,43,3,1,1,Potential Loyalists
U001815,2025-12-28,3,2093.0,3,5,2,2,New & Promising
U001816,2025-10-25,3,1834.6399999999999,67,3,2,2,Potential Loyalists
U001817,2025-11-20,7,5080.33,41,3,4,5,Loyal
U001818,2025-08-29,9,5408.16,124,2,5,5,Loyal
U001819,2025-11-18,3,919.98,43,3,2,1,Potential Loyalists
U001820,2025-11-25,2,748.75,36,4,1,1,New & Promising
U001821,2025-09-14,1,596.0,108,2,1,1,Hibernating
U001822,2025-12-27,5,3508.82,4,5,3,4,Potential Loyalists
U001823,2025-01-26,1,501.27,339,1,1,1,Hibernating
U001824,2025-08-11,6,3320.62,142,1,4,4,Loyal
U001825,2025-09-08,6,4144.47,114,2,4,4,Loyal
U001826,2025-11-10,6,2427.06,51,3,4,3,Loyal
U001827,2025-11-01,5,2277.55,60,3,3,3,Potential Loyalists
U001828,2025-10-25,9,6331.35,67,3,5,5,Loyal
U001829,2025-12-20,9,8281.41,11,5,5,5,Champions
U001830,2025-11-23,4,1551.75,38,3,3,2,Potential Loyalists
U001831,2025-09-25,6,2570.7200000000003,97,2,4,3,Loyal
U001832,2025-12-27,8,2990.37,4,5,5,3,Champions
U001833,2025-12-01,8,6495.849999999999,30,4,5,5,Champions
U001834,2025-12-02,7,4804.23,29,4,4,5,Champions
U001835,2025-10-29,4,2390.27,63,3,3,3,Potential Loyalists
U001836,2025-09-25,1,465.48,97,2,1,1,Hibernating
U001837,2025-12-14,6,3962.39,17,5,4,4,Champions
U001838,2025-09-06,5,3601.2599999999998,116,2,3,4,At Risk
U001839,2025-09-10,3,1439.21,112,2,2,2,Hibernating
U001840,2025-05-13,1,316.13,232,1,1,1,Hibernating
U001841,2025-10-04,6,3232.07,88,2,4,4,Loyal
U001842,2025-07-28,3,1955.05,156,1,2,2,Hibernating
U001843,2025-11-14,2,1240.36,47,3,1,2,Potential Loyalists
U001844,2025-09-21,5,2474.91,101,2,3,3,At Risk
U001846,2025-12-12,3,1277.24,19,4,2,2,New & Promising
U001847,2025-11-02,10,13221.62,59,3,5,5,Loyal
U001848,2025-12-31,3,2449.13,0,5,2,3,New & Promising
U001849,2025-09-19,3,2062.0,103,2,2,2,Hibernating
U001850,2025-12-29,6,4969.45,2,5,4,5,Champions
U001851,2025-12-16,11,5963.71,15,5,5,5,Champions
U001852,2025-07-26,1,307.63,158,1,1,1,Hibernating
U001853,2025-10-20,3,4706.09,72,2,2,4,Hibernating
U001854,2025-09-02,1,1947.33,120,2,1,2,Hibernating
U001855,2025-07-09,4,1998.32,175,1,3,2,At Risk
U001856,2025-12-21,4,4328.24,10,5,3,4,Potential Loyalists
U001857,2025-12-03,7,2584.4,28,4,4,3,Champions
U001858,2025-11-24,7,3810.5499999999997,37,4,4,4,Champions
U001859,2025-12-12,15,10063.31,19,4,5,5,Champions
U001860,2025-11-29,5,3828.38,32,4,3,4,Potential Loyalists
U001861,2025-06-17,2,966.3,197,1,1,1,Hibernating
U001863,2025-12-27,8,10046.01,4,5,5,5,Champions
U001864,2025-11-10,3,1582.93,51,3,2,2,Potential Loyalists
U001865,2025-09-27,4,1209.08,95,2,3,2,At Risk
U001866,2025-12-02,3,1662.39,29,4,2,2,New & Promising
U001867,2025-12-20,12,6106.48,11,5,5,5,Champions
U001868,2025-11-16,7,4828.98,45,3,4,5,Loyal
U001869,2025-11-10,1,386.44,51,3,1,1,Potential Loyalists
U001870,2025-12-27,3,2090.58,4,5,2,2,New & Promising
U001872,2025-05-31,1,310.3,214,1,1,1,Hibernating
U001874,2025-12-14,7,5153.070000000001,17,5,4,5,Champions
U001875,2025-10-15,4,2157.44,77,2,3,3,At Risk
U001876,2025-12-18,10,7878.03,13,5,5,5,Champions
U001877,2025-12-26,8,3777.5699999999997,5,5,5,4,Champions
U001878,2025-12-31,3,2349.93,0,5,2,3,New & Promising
U001879,2025-04-25,5,3338.74,250,1,3,4,At Risk
U001881,2025-08-24,3,3561.34,129,1,2,4,Hibernating
U001882,2025-12-08,7,4872.23,23,4,4,5,Champions
U001884,2025-11-12,5,2228.34,49,3,3,3,Potential Loyalists
U001885,2025-12-13,5,3595.64,18,4,3,4,Potential Loyalists
U001886,2025-10-04,2,1295.45,88,2,1,2,Hibernating
U001887,2025-09-17,6,4878.8,105,2,4,5,Loyal
U001888,2025-12-14,9,6822.88,17,5,5,5,Champions
U001889,2025-12-24,7,3957.1800000000003,7,5,4,4,Champions
U001890,2025-12-26,10,8419.79,5,5,5,5,Champions
U001891,2025-10-16,3,1494.8899999999999,76,2,2,2,Hibernating
U001892,2025-12-02,1,342.0,29,4,1,1,New & Promising
U001893,2025-11-20,4,2733.42,41,3,3,3,Potential Loyalists
U001894,2025-11-26,4,1425.6100000000001,35,4,3,2,Potential Loyalists
U001895,2025-10-26,2,882.1099999999999,66,3,1,1,Potential Loyalists
U001896,2025-11-24,3,1043.4,37,4,2,1,New & Promising
U001897,2025-08-23,3,1771.75,130,1,2,2,Hibernating
U001898,2025-04-24,1,654.21,251,1,1,1,Hibernating
U001899,2025-10-31,4,1254.0100000000002,61,3,3,2,Potential Loyalists
U001900,2025-12-24,3,1379.1599999999999,7,5,2,2,New & Promising
U001901,2025-07-25,4,2722.85,159,1,3,3,At Risk
U001902,2025-12-20,2,671.73,11,5,1,1,New & Promising
U001903,2025-11-15,11,6042.45,46,3,5,5,Loyal
U001904,2025-12-17,4,2184.92,14,5,3,3,Potential Loyalists
U001905,2025-11-19,8,6409.62,42,3,5,5,Loyal
U001906,2025-06-14,4,2289.6,200,1,3,3,At Risk
U001907,2025-07-04,1,238.69,180,1,1,1,Hibernating
U001908,2025-12-24,12,7199.5,7,5,5,5,Champions
U001909,2025-12-30,9,6314.33,1,5,5,5,Champions
U001910,2025-12-13,7,4771.43,18,4,4,5,Champions
U001911,2025-11-03,7,5535.72,58,3,4,5,Loyal
U001912,2025-10-24,2,2162.42,68,2,1,3,Hibernating
U001914,2025-11-21,2,1252.24,40,3,1,2,Potential Loyalists
U001915,2025-11-10,8,7312.69,51,3,5,5,Loyal
U001916,2025-12-16,4,1927.1799999999998,15,5,3,2,Potential Loyalists
U001917,2025-10-28,13,8252.64,64,3,5,5,Loyal
U001918,2025-09-09,3,1661.54,113,2,2,2,Hibernating
U001919,2025-12-16,3,2573.17,15,5,2,3,New & Promising
U001920,2025-12-10,10,7930.38,21,4,5,5,Champions
U001921,2025-10-18,2,697.87,74,2,1,1,Hibernating
U001922,2025-12-01,5,3093.98,30,4,3,3,Potential Loyalists
U001923,2025-12-01,1,331.55,30,4,1,1,New & Promising
U001924,2025-09-10,5,4309.6900000000005,112,2,3,4,At Risk
U001925,2025-12-23,3,1912.82,8,5,2,2,New & Promising
U001926,2025-12-28,5,4557.36,3,5,3,4,Potential Loyalists
U001927,2025-11-30,4,1455.6200000000001,31,4,3,2,Potential Loyalists
U001928,2025-11-19,3,2592.65,42,3,2,3,Potential Loyalists
U001929,2025-11-26,9,7169.35,35,4,5,5,Champions
U001930,2025-10-11,5,3680.72,81,2,3,4,At Risk
U001931,2025-09-08,5,4097.7,114,2,3,4,At Risk
U001932,2025-11-25,6,5948.66,36,4,4,5,Champions
U001933,2025-12-13,3,1745.25,18,4,2,2,New & Promising
U001934,2025-12-18,6,2008.14,13,5,4,2,Champions
U001935,2025-11-30,8,4096.38,31,4,5,4,Champions
U001936,2025-12-03,9,5464.01,28,4,5,5,Champions
U001937,2025-08-31,5,3106.07,122,2,3,3,At Risk
U001939,2025-12-13,5,3223.56,18,4,3,4,Potential Loyalists
U001940,2025-12-16,6,3545.19,15,5,4,4,Champions
U001941,2025-11-28,3,1374.65,33,4,2,2,New & Promising
U001942,2025-11-28,7,5844.18,33,4,4,5,Champions
U001943,2025-12-07,3,2058.45,24,4,2,2,New & Promising
U001944,2025-09-17,2,873.3299999999999,105,2,1,1,Hibernating
U001945,2025-09-10,3,2337.58,112,2,2,3,Hibernating
U001946,2025-11-19,3,1070.1999999999998,42,3,2,1,Potential Loyalists
U001947,2025-09-03,7,4738.91,119,2,4,5,Loyal
U001948,2025-11-14,2,2109.21,47,3,1,2,Potential Loyalists
U001949,2025-11-12,4,2755.79,49,3,3,3,Potential Loyalists
U001950,2025-12-20,7,3049.34,11,5,4,3,Champions
U001951,2025-11-30,6,3617.0600000000004,31,4,4,4,Champions
U001952,2025-11-27,6,5018.21,34,4,4,5,Champions
U001953,2025-04-22,2,1103.99,253,1,1,1,Hibernating
U001954,2025-12-30,5,2422.0,1,5,3,3,Potential Loyalists
U001955,2025-09-04,8,2850.7999999999997,118,2,5,3,Loyal
U001956,2025-12-11,5,1432.8,20,4,3,2,Potential Loyalists
U001957,2025-04-02,1,279.72,273,1,1,1,Hibernating
U001958,2025-11-19,7,5134.05,42,3,4,5,Loyal
U001959,2025-10-12,4,1568.28,80,2,3,2,At Risk
U001961,2025-06-21,2,861.29,193,1,1,1,Hibernating
U001962,2025-07-03,2,1908.6,181,1,1,2,Hibernating
U001963,2025-12-30,5,3506.21,1,5,3,4,Potential Loyalists
U001964,2025-12-08,5,2468.61,23,4,3,3,Potential Loyalists
U001965,2025-11-11,2,1403.1,50,3,1,2,Potential Loyalists
U001966,2025-12-09,4,2591.0099999999998,22,4,3,3,Potential Loyalists
U001967,2025-10-07,1,1270.41,85,2,1,2,Hibernating
U001968,2025-09-22,5,4763.18,100,2,3,5,At Risk
U001969,2025-11-19,4,1467.24,42,3,3,2,Potential Loyalists
U001970,2025-12-07,9,7004.990000000001,24,4,5,5,Champions
U001971,2025-09-26,2,893.24,96,2,1,1,Hibernating
U001972,2025-10-22,4,1939.42,70,2,3,2,At Risk
U001973,2025-05-28,1,466.96,217,1,1,1,Hibernating
U001974,2025-12-31,2,1302.01,0,5,1,2,New & Promising
U001975,2025-11-29,3,2063.12,32,4,2,2,New & Promising
U001976,2025-12-13,5,1686.6399999999999,18,4,3,2,Potential Loyalists
U001977,2025-09-13,3,1443.53,109,2,2,2,Hibernating
U001978,2025-10-05,6,4294.0,87,2,4,4,Loyal
U001979,2025-11-16,9,6348.02,45,3,5,5,Loyal
U001980,2025-12-08,8,5330.22,23,4,5,5,Champions
U001981,2025-12-06,4,3650.9900000000002,25,4,3,4,Potential Loyalists
U001982,2025-11-02,6,5691.93,59,3,4,5,Loyal
U001983,2025-10-24,1,345.52,68,2,1,1,Hibernating
U001984,2025-10-08,2,1701.92,84,2,1,2,Hibernating
U001985,2025-12-13,4,1411.8500000000001,18,4,3,2,Potential Loyalists
U001986,2025-10-25,2,505.34,67,3,1,1,Potential Loyalists
U001987,2025-11-02,4,1342.2,59,3,3,2,Potential Loyalists
U001988,2025-12-02,7,5919.44,29,4,4,5,Champions
U001989,2025-07-31,6,5700.89,153,1,4,5,Loyal
U001990,2025-10-01,11,7224.66,91,2,5,5,Loyal
U001991,2025-11-11,1,362.33,50,3,1,1,Potential Loyalists
U001992,2025-06-13,4,2283.8599999999997,201,1,3,3,At Risk
U001993,2025-12-29,7,3212.11,2,5,4,4,Champions
U001994,2025-12-14,5,3440.5,17,5,3,4,Potential Loyalists
U001995,2025-10-08,6,1908.93,84,2,4,2,Loyal
U001996,2025-11-01,6,2853.27,60,3,4,3,Loyal
U001997,2025-10-05,3,3751.43,87,2,2,4,Hibernating
U001998,2025-11-11,4,2510.5,50,3,3,3,Potential Loyalists
U001999,2025-12-26,7,4381.67,5,5,4,4,Champions
U002000,2025-10-26,6,1603.19,66,3,4,2,Loyal
U002002,2025-12-12,3,939.29,19,4,2,1,New & Promising
U002003,2025-12-06,9,3991.1,25,4,5,4,Champions
U002004,2025-05-24,4,2235.2200000000003,221,1,3,3,At Risk
U002005,2025-12-08,4,1783.4499999999998,23,4,3,2,Potential Loyalists
U002007,2025-07-31,1,215.35,153,1,1,1,Hibernating
U002008,2025-11-18,4,2782.03,43,3,3,3,Potential Loyalists
U002009,2025-12-27,11,5546.53,4,5,5,5,Champions
U002010,2025-09-08,5,1912.07,114,2,3,2,At Risk
U002011,2025-12-11,4,2763.15,20,4,3,3,Potential Loyalists
U002012,2025-10-07,8,6112.4400000000005,85,2,5,5,Loyal
U002013,2025-06-17,4,1769.99,197,1,3,2,At Risk
U002014,2025-11-22,5,3406.96,39,3,3,4,Potential Loyalists
U002015,2025-12-01,3,1698.69,30,4,2,2,New & Promising
U002016,2025-10-01,2,1099.96,91,2,1,1,Hibernating
U002017,2025-11-10,6,4412.5,51,3,4,4,Loyal
U002018,2025-12-29,7,3405.8,2,5,4,4,Champions
U002019,2025-11-14,3,1892.04,47,3,2,2,Potential Loyalists
U002020,2025-12-14,1,197.69,17,5,1,1,New & Promising
U002021,2025-06-06,3,1473.26,208,1,2,2,Hibernating
U002022,2025-09-09,5,3560.53,113,2,3,4,At Risk
U002023,2025-09-17,3,750.3,105,2,2,1,Hibernating
U002024,2025-12-21,3,1408.02,10,5,2,2,New & Promising
U002025,2025-09-12,2,487.0,110,2,1,1,Hibernating
U002026,2025-11-08,5,5904.86,53,3,3,5,Potential Loyalists
U002027,2025-12-18,4,1666.92,13,5,3,2,Potential Loyalists
U002028,2025-12-20,7,4551.17,11,5,4,4,Champions
U002029,2025-09-07,4,1045.9299999999998,115,2,3,1,At Risk
U002030,2025-12-13,5,2012.2800000000002,18,4,3,2,Potential Loyalists
U002031,2025-07-23,5,3136.32,161,1,3,3,At Risk
U002032,2025-11-15,13,10506.08,46,3,5,5,Loyal
U002033,2025-10-05,9,6603.5,87,2,5,5,Loyal
U002034,2025-07-07,3,2023.69,177,1,2,2,Hibernating
U002035,2025-10-29,1,1101.0,63,3,1,1,Potential Loyalists
U002036,2025-12-21,5,2833.2000000000003,10,5,3,3,Potential Loyalists
U002037,2025-12-13,4,2528.59,18,4,3,3,Potential Loyalists
U002038,2025-12-03,7,5183.64,28,4,4,5,Champions
U002039,2025-10-23,6,4217.24,69,2,4,4,Loyal
U002040,2025-02-03,1,938.15,331,1,1,1,Hibernating
U002042,2025-12-12,7,2939.22,19,4,4,3,Champions
U002043,2025-11-23,9,5864.3,38,3,5,5,Loyal
U002044,2025-12-26,4,2931.98,5,5,3,3,Potential Loyalists
U002045,2025-11-03,3,1635.4299999999998,58,3,2,2,Potential Loyalists
U002046,2025-12-27,6,2857.8999999999996,4,5,4,3,Champions
U002047,2025-09-19,1,365.41,103,2,1,1,Hibernating
U002048,2025-12-23,1,258.62,8,5,1,1,New & Promising
U002049,2025-09-09,1,1164.84,113,2,1,1,Hibernating
U002050,2025-12-04,6,3125.39,27,4,4,3,Champions
U002051,2025-12-14,5,3895.87,17,5,3,4,Potential Loyalists
U002052,2025-07-26,3,1250.1200000000001,158,1,2,2,Hibernating
U002053,2025-10-14,5,3380.94,78,2,3,4,At Risk
U002054,2025-11-27,3,2202.4,34,4,2,3,New & Promising
U002056,2025-12-30,1,415.0,1,5,1,1,New & Promising
U002057,2025-12-01,5,2459.98,30,4,3,3,Potential Loyalists
U002058,2025-12-30,10,7271.69,1,5,5,5,Champions
U002059,2025-11-02,6,2940.09,59,3,4,3,Loyal
U002060,2025-10-11,4,3377.57,81,2,3,4,At Risk
U002061,2025-12-21,5,2768.96,10,5,3,3,Potential Loyalists
U002062,2025-09-13,6,3455.7200000000003,109,2,4,4,Loyal
U002063,2025-11-17,7,4522.22,44,3,4,4,Loyal
U002065,2025-11-17,12,7589.6,44,3,5,5,Loyal
U002066,2025-11-21,7,3504.0,40,3,4,4,Loyal
U002067,2025-12-13,3,2240.82,18,4,2,3,New & Promising
U002068,2025-12-03,6,2754.98,28,4,4,3,Champions
U002069,2025-12-12,4,2261.29,19,4,3,3,Potential Loyalists
U002070,2025-08-22,3,1816.7400000000002,131,1,2,2,Hibernating
U002071,2025-12-17,7,4851.650000000001,14,5,4,5,Champions
U002072,2025-12-23,4,2403.0699999999997,8,5,3,3,Potential Loyalists
U002073,2025-11-30,7,4355.82,31,4,4,4,Champions
U002074,2025-10-09,7,2974.37,83,2,4,3,Loyal
U002075,2025-12-18,8,6659.740000000001,13,5,5,5,Champions
U002076,2025-11-04,3,2063.16,57,3,2,2,Potential Loyalists
U002077,2025-07-28,4,3393.8100000000004,156,1,3,4,At Risk
U002078,2025-06-24,2,1120.2,190,1,1,1,Hibernating
U002079,2025-12-14,3,2542.27,17,5,2,3,New & Promising
U002080,2025-08-23,2,852.71,130,1,1,1,Hibernating
U002081,2025-12-24,7,6308.49,7,5,4,5,Champions
U002082,2025-08-30,8,4736.07,123,2,5,5,Loyal
U002083,2025-09-29,3,2279.77,93,2,2,3,Hibernating
U002084,2025-09-18,7,2205.63,104,2,4,3,Loyal
U002085,2025-10-04,4,3217.2799999999997,88,2,3,4,At Risk
U002086,2025-12-13,4,1786.31,18,4,3,2,Potential Loyalists
U002087,2025-12-31,5,3046.52,0,5,3,3,Potential Loyalists
U002088,2025-10-03,2,1197.77,89,2,1,2,Hibernating
U002089,2025-06-17,1,1249.44,197,1,1,2,Hibernating
U002090,2025-12-18,7,3308.71,13,5,4,4,Champions
U002091,2025-04-17,1,244.44,258,1,1,1,Hibernating
U002092,2025-12-17,10,7435.07,14,5,5,5,Champions
U002093,2025-06-20,2,695.89,194,1,1,1,Hibernating
U002094,2025-12-13,3,1678.53,18,4,2,2,New & Promising
U002095,2025-12-21,6,3083.2,10,5,4,3,Champions
U002096,2025-12-23,2,1334.6,8,5,1,2,New & Promising
U002097,2025-12-10,6,3903.25,21,4,4,4,Champions
U002098,2025-10-30,7,5723.42,62,3,4,5,Loyal
U002100,2025-12-20,8,3624.9700000000003,11,5,5,4,Champions
U002101,2025-12-23,5,2067.58,8,5,3,2,Potential Loyalists
U002102,2025-07-20,4,2897.2200000000003,164,1,3,3,At Risk
U002103,2025-05-02,3,1225.96,243,1,2,2,Hibernating
U002104,2025-10-22,1,486.53,70,2,1,1,Hibernating
U002105,2025-12-22,5,3636.0299999999997,9,5,3,4,Potential Loyalists
U002106,2025-12-03,9,5397.34,28,4,5,5,Champions
U002107,2025-12-06,10,5978.74,25,4,5,5,Champions
U002108,2025-03-22,1,595.5,284,1,1,1,Hibernating
U002109,2025-12-12,4,3849.4500000000003,19,4,3,4,Potential Loyalists
U002110,2025-09-20,4,1969.5,102,2,3,2,At Risk
U002111,2025-07-17,7,2821.9900000000002,167,1,4,3,Loyal
U002112,2025-12-20,3,1953.03,11,5,2,2,New & Promising
U002113,2025-12-13,2,675.91,18,4,1,1,New & Promising
U002114,2025-09-09,2,1106.6100000000001,113,2,1,1,Hibernating
U002115,2025-11-27,6,5108.39,34,4,4,5,Champions
U002116,2025-12-12,5,2457.05,19,4,3,3,Potential Loyalists
U002117,2025-11-02,5,4020.01,59,3,3,4,Potential Loyalists
U002118,2025-09-16,2,1848.7799999999997,106,2,1,2,Hibernating
U002119,2025-12-27,4,1607.87,4,5,3,2,Potential Loyalists
U002120,2025-11-29,4,2295.66,32,4,3,3,Potential Loyalists
U002121,2025-12-10,5,2043.51,21,4,3,2,Potential Loyalists
U002122,2025-11-29,3,1691.93,32,4,2,2,New & Promising
U002123,2025-09-16,7,3006.27,106,2,4,3,Loyal
U002124,2025-09-10,3,2280.39,112,2,2,3,Hibernating
U002125,2025-10-30,1,283.34,62,3,1,1,Potential Loyalists
U002126,2025-10-12,4,3018.69,80,2,3,3,At Risk
U002127,2025-11-28,3,2822.9,33,4,2,3,New & Promising
U002128,2025-10-19,5,6503.48,73,2,3,5,At Risk
U002129,2025-12-05,3,853.8,26,4,2,1,New & Promising
U002130,2025-12-19,7,2672.96,12,5,4,3,Champions
U002131,2025-10-24,7,4059.2299999999996,68,2,4,4,Loyal
U002132,2025-11-27,7,4091.71,34,4,4,4,Champions
U002133,2025-11-27,6,6371.5599999999995,34,4,4,5,Champions
U002134,2025-11-17,6,4426.17,44,3,4,4,Loyal
U002135,2025-08-18,1,282.53,135,1,1,1,Hibernating
U002136,2025-08-17,3,1718.8200000000002,136,1,2,2,Hibernating
U002137,2025-10-05,7,3348.3199999999997,87,2,4,4,Loyal
U002138,2025-10-29,4,3286.96,63,3,3,4,Potential Loyalists
U002139,2025-12-13,7,3908.5299999999997,18,4,4,4,Champions
U002140,2025-12-29,10,9328.56,2,5,5,5,Champions
U002141,2025-11-20,3,2253.44,41,3,2,3,Potential Loyalists
U002142,2025-04-03,1,665.42,272,1,1,1,Hibernating
U002143,2025-09-22,3,2530.0699999999997,100,2,2,3,Hibernating
U002144,2025-11-18,7,2510.98,43,3,4,3,Loyal
U002145,2025-11-10,7,3778.56,51,3,4,4,Loyal
U002146,2025-12-19,4,2224.36,12,5,3,3,Potential Loyalists
U002147,2025-10-13,7,4790.25,79,2,4,5,Loyal
U002148,2025-07-07,3,966.36,177,1,2,1,Hibernating
U002149,2025-02-20,1,491.13,314,1,1,1,Hibernating
U002150,2025-10-24,3,1856.52,68,2,2,2,Hibernating
U002151,2025-12-14,6,3634.09,17,5,4,4,Champions
U002152,2025-11-02,8,4184.99,59,3,5,4,Loyal
U002153,2025-11-10,2,579.86,51,3,1,1,Potential Loyalists
U002154,2025-06-30,1,568.64,184,1,1,1,Hibernating
U002155,2025-10-16,4,2031.55,76,2,3,2,At Risk
U002156,2025-08-10,3,2450.13,143,1,2,3,Hibernating
U002157,2025-10-17,9,6395.47,75,2,5,5,Loyal
U002158,2025-10-17,4,2649.46,75,2,3,3,At Risk
U002159,2025-11-21,2,3205.59,40,3,1,4,Potential Loyalists
U002160,2025-08-21,5,2572.06,132,1,3,3,At Risk
U002161,2025-12-26,6,3654.0,5,5,4,4,Champions
U002162,2025-09-02,7,4387.5599999999995,120,2,4,4,Loyal
U002163,2025-10-05,2,465.01,87,2,1,1,Hibernating
U002164,2025-07-24,10,7355.64,160,1,5,5,Loyal
U002165,2025-12-12,3,1242.36,19,4,2,2,New & Promising
U002166,2025-12-25,6,3025.1,6,5,4,3,Champions
U002167,2025-12-22,5,2745.35,9,5,3,3,Potential Loyalists
U002168,2025-12-21,16,8157.95,10,5,5,5,Champions
U002169,2025-11-12,8,4261.85,49,3,5,4,Loyal
U002170,2025-09-04,6,4488.0199999999995,118,2,4,4,Loyal
U002171,2025-11-20,5,2423.02,41,3,3,3,Potential Loyalists
U002172,2025-12-09,2,833.79,22,4,1,1,New & Promising
U002174,2025-12-12,6,3406.4900000000002,19,4,4,4,Champions
U002175,2025-10-16,6,3488.19,76,2,4,4,Loyal
U002176,2025-08-07,2,690.1800000000001,146,1,1,1,Hibernating
U002177,2025-12-13,3,1243.03,18,4,2,2,New & Promising
U002178,2025-10-16,9,5537.7699999999995,76,2,5,5,Loyal
U002179,2025-10-12,3,1244.58,80,2,2,2,Hibernating
U002180,2025-10-30,4,2515.0,62,3,3,3,Potential Loyalists
U002181,2025-11-22,7,4394.650000000001,39,3,4,4,Loyal
U002182,2025-10-10,2,1194.6599999999999,82,2,1,2,Hibernating
U002183,2025-09-07,4,1896.26,115,2,3,2,At Risk
U002184,2025-12-16,7,4099.5,15,5,4,4,Champions
U002185,2025-12-22,2,669.8,9,5,1,1,New & Promising
U002186,2025-12-10,8,4580.16,21,4,5,4,Champions
U002187,2025-12-06,4,3160.6499999999996,25,4,3,3,Potential Loyalists
U002188,2025-12-12,9,5761.389999999999,19,4,5,5,Champions
U002189,2025-06-24,1,2224.22,190,1,1,3,Hibernating
U002190,2025-10-13,2,1543.72,79,2,1,2,Hibernating
U002191,2025-12-16,5,1995.6000000000001,15,5,3,2,Potential Loyalists
U002192,2025-01-13,1,446.32,352,1,1,1,Hibernating
U002193,2025-12-01,8,2579.08,30,4,5,3,Champions
U002194,2025-10-04,1,469.97,88,2,1,1,Hibernating
U002195,2025-09-21,2,970.49,101,2,1,1,Hibernating
U002196,2025-11-10,3,2316.38,51,3,2,3,Potential Loyalists
U002197,2025-12-11,5,2493.7200000000003,20,4,3,3,Potential Loyalists
U002198,2025-10-19,3,1152.08,73,2,2,1,Hibernating
U002199,2025-12-27,3,3222.5299999999997,4,5,2,4,New & Promising
U002200,2025-11-04,2,1813.15,57,3,1,2,Potential Loyalists
U002201,2025-11-10,3,1212.61,51,3,2,2,Potential Loyalists
U002202,2025-07-11,10,5266.11,173,1,5,5,Loyal
U002203,2025-12-03,9,4309.59,28,4,5,4,Champions
U002204,2025-04-06,4,1800.9,269,1,3,2,At Risk
U002205,2025-12-16,2,685.98,15,5,1,1,New & Promising
U002206,2025-12-07,1,398.54,24,4,1,1,New & Promising
U002207,2025-12-19,8,5875.14,12,5,5,5,Champions
U002208,2025-09-15,2,787.86,107,2,1,1,Hibernating
U002209,2025-12-24,5,2937.2799999999997,7,5,3,3,Potential Loyalists
U002210,2025-12-12,7,4223.18,19,4,4,4,Champions
U002211,2025-12-17,5,2990.04,14,5,3,3,Potential Loyalists
U002212,2025-12-16,3,1269.69,15,5,2,2,New & Promising
U002213,2025-02-25,2,1609.15,309,1,1,2,Hibernating
U002214,2025-05-21,2,766.2,224,1,1,1,Hibernating
U002215,2025-07-06,7,6088.29,178,1,4,5,Loyal
U002217,2025-12-28,2,1196.58,3,5,1,2,New & Promising
U002218,2025-12-26,7,3340.86,5,5,4,4,Champions
U002219,2025-05-29,1,598.0,216,1,1,1,Hibernating
U002220,2025-12-06,8,2893.6,25,4,5,3,Champions
U002221,2025-09-13,4,1409.99,109,2,3,2,At Risk
U002222,2025-09-09,4,1891.34,113,2,3,2,At Risk
U002223,2025-10-15,3,1848.56,77,2,2,2,Hibernating
U002224,2025-11-21,8,4017.8500000000004,40,3,5,4,Loyal
U002225,2025-11-10,5,3457.8,51,3,3,4,Potential Loyalists
U002226,2025-11-20,5,3324.33,41,3,3,4,Potential Loyalists
U002228,2025-09-10,6,4456.24,112,2,4,4,Loyal
U002229,2025-12-28,4,4052.4700000000003,3,5,3,4,Potential Loyalists
U002230,2025-12-28,5,2747.95,3,5,3,3,Potential Loyalists
U002231,2025-05-19,1,316.12,226,1,1,1,Hibernating
U002232,2025-03-09,2,994.58,297,1,1,1,Hibernating
U002233,2025-05-18,1,850.28,227,1,1,1,Hibernating
U002234,2025-09-13,3,2680.37,109,2,2,3,Hibernating
U002235,2025-09-15,7,2289.52,107,2,4,3,Loyal
U002236,2025-01-25,1,365.41,340,1,1,1,Hibernating
U002237,2025-08-24,4,1252.21,129,1,3,2,At Risk
U002239,2025-09-25,9,8235.65,97,2,5,5,Loyal
U002240,2025-07-29,3,1263.58,155,1,2,2,Hibernating
U002241,2025-11-29,6,2865.33,32,4,4,3,Champions
U002242,2025-11-15,6,3342.26,46,3,4,4,Loyal
U002243,2025-12-13,6,5350.62,18,4,4,5,Champions
U002244,2025-11-05,1,266.19,56,3,1,1,Potential Loyalists
U002245,2025-12-29,4,1835.29,2,5,3,2,Potential Loyalists
U002246,2025-04-16,1,583.08,259,1,1,1,Hibernating
U002247,2025-12-10,12,5333.4800000000005,21,4,5,5,Champions
U002248,2025-10-19,2,699.9100000000001,73,2,1,1,Hibernating
U002249,2025-12-31,4,1529.44,0,5,3,2,Potential Loyalists
U002250,2025-09-18,4,1907.63,104,2,3,2,At Risk
U002251,2025-12-13,7,3136.8399999999997,18,4,4,3,Champions
U002252,2025-11-28,3,2100.19,33,4,2,2,New & Promising
U002253,2025-04-26,1,103.34,249,1,1,1,Hibernating
U002255,2025-07-27,2,772.6400000000001,157,1,1,1,Hibernating
U002256,2025-12-08,15,10637.7,23,4,5,5,Champions
U002257,2025-12-11,12,9307.74,20,4,5,5,Champions
U002258,2025-10-30,1,225.54,62,3,1,1,Potential Loyalists
U002259,2025-07-30,2,585.56,154,1,1,1,Hibernating
U002260,2025-11-27,5,1965.23,34,4,3,2,Potential Loyalists
U002261,2025-12-15,4,1515.0300000000002,16,5,3,2,Potential Loyalists
U002262,2025-02-20,2,1444.23,314,1,1,2,Hibernating
U002263,2025-11-21,3,1197.79,40,3,2,2,Potential Loyalists
U002264,2025-11-02,5,3840.39,59,3,3,4,Potential Loyalists
U002265,2025-12-09,3,3013.6000000000004,22,4,2,3,New & Promising
U002266,2025-12-11,6,3758.31,20,4,4,4,Champions
U002267,2025-08-31,4,1899.46,122,2,3,2,At Risk
U002268,2025-12-28,7,4215.46,3,5,4,4,Champions
U002269,2025-12-20,1,507.36,11,5,1,1,New & Promising
U002271,2025-01-08,1,329.94,357,1,1,1,Hibernating
U002272,2025-12-29,9,5653.88,2,5,5,5,Champions
U002273,2025-12-01,8,4026.4,30,4,5,4,Champions
U002274,2025-12-13,3,1645.7600000000002,18,4,2,2,New & Promising
U002275,2025-12-18,13,8866.869999999999,13,5,5,5,Champions
U002276,2025-11-01,3,1584.55,60,3,2,2,Potential Loyalists
U002277,2025-04-30,2,1217.24,245,1,1,2,Hibernating
U002278,2025-08-25,7,2779.78,128,2,4,3,Loyal
U002280,2025-05-14,1,405.0,231,1,1,1,Hibernating
U002281,2025-10-20,7,4386.68,72,2,4,4,Loyal
U002282,2025-11-10,4,2883.1099999999997,51,3,3,3,Potential Loyalists
U002283,2025-12-05,15,8386.89,26,4,5,5,Champions
U002284,2025-11-20,6,3134.9,41,3,4,3,Loyal
U002285,2025-06-15,4,4291.98,199,1,3,4,At Risk
U002286,2025-11-29,4,3000.79,32,4,3,3,Potential Loyalists
U002287,2025-10-22,9,5185.02,70,2,5,5,Loyal
U002288,2025-09-09,1,507.62,113,2,1,1,Hibernating
U002289,2025-09-29,1,490.56,93,2,1,1,Hibernating
U002290,2025-12-13,8,4601.08,18,4,5,4,Champions
U002291,2025-12-28,2,791.97,3,5,1,1,New & Promising
U002292,2025-07-17,2,1203.06,167,1,1,2,Hibernating
U002293,2025-08-29,2,1584.19,124,2,1,2,Hibernating
U002295,2025-09-09,6,3629.84,113,2,4,4,Loyal
U002296,2025-12-01,3,1742.61,30,4,2,2,New & Promising
U002297,2025-10-29,8,5214.9,63,3,5,5,Loyal
U002298,2025-11-28,6,3087.46,33,4,4,3,Champions
U002299,2025-06-18,6,3766.16,196,1,4,4,Loyal
U002300,2025-12-30,6,4872.92,1,5,4,5,Champions
U002301,2025-12-28,8,7004.35,3,5,5,5,Champions
U002302,2025-10-29,3,1369.47,63,3,2,2,Potential Loyalists
U002303,2025-12-20,6,2971.04,11,5,4,3,Champions
U002304,2025-12-25,11,5714.68,6,5,5,5,Champions
U002305,2025-11-06,5,1777.77,55,3,3,2,Potential Loyalists
U002306,2025-10-31,5,2913.34,61,3,3,3,Potential Loyalists
U002307,2025-11-13,4,1643.6799999999998,48,3,3,2,Potential Loyalists
U002308,2025-12-26,6,7768.68,5,5,4,5,Champions
U002309,2025-12-21,6,3079.27,10,5,4,3,Champions
U002310,2025-11-10,3,2081.71,51,3,2,2,Potential Loyalists
U002311,2025-11-04,4,2327.49,57,3,3,3,Potential Loyalists
U002312,2025-12-24,5,1770.3600000000001,7,5,3,2,Potential Loyalists
U002313,2025-08-19,2,1320.1799999999998,134,1,1,2,Hibernating
U002314,2025-08-01,6,4911.53,152,1,4,5,Loyal
U002315,2025-06-06,6,4661.41,208,1,4,4,Loyal
U002316,2025-10-19,5,2445.1000000000004,73,2,3,3,At Risk
U002317,2025-05-18,3,1725.57,227,1,2,2,Hibernating
U002318,2025-12-26,2,795.3499999999999,5,5,1,1,New & Promising
U002319,2025-12-17,13,9278.21,14,5,5,5,Champions
U002321,2025-07-18,3,1910.8600000000001,166,1,2,2,Hibernating
U002322,2025-10-29,5,3101.38,63,3,3,3,Potential Loyalists
U002323,2025-09-09,4,3031.25,113,2,3,3,At Risk
U002324,2025-01-12,1,825.8,353,1,1,1,Hibernating
U002325,2025-12-25,2,606.76,6,5,1,1,New & Promising
U002327,2025-11-16,3,1135.1100000000001,45,3,2,1,Potential Loyalists
U002328,2025-11-19,3,1101.4299999999998,42,3,2,1,Potential Loyalists
U002329,2025-12-12,2,2089.93,19,4,1,2,New & Promising
U002330,2025-11-26,6,2672.16,35,4,4,3,Champions
U002331,2025-12-28,13,9158.66,3,5,5,5,Champions
U002332,2025-08-29,1,163.14,124,2,1,1,Hibernating
U002334,2025-12-18,1,671.13,13,5,1,1,New & Promising
U002335,2025-11-23,6,4491.95,38,3,4,4,Loyal
U002336,2025-10-22,4,2600.9700000000003,70,2,3,3,At Risk
U002337,2025-11-29,7,6922.53,32,4,4,5,Champions
U002338,2025-12-23,6,2977.11,8,5,4,3,Champions
U002339,2025-12-05,7,8417.4,26,4,4,5,Champions
U002340,2025-11-01,6,2825.0299999999997,60,3,4,3,Loyal
U002342,2025-12-27,5,2935.96,4,5,3,3,Potential Loyalists
U002343,2025-07-30,1,2686.97,154,1,1,3,Hibernating
U002344,2025-08-19,10,3574.22,134,1,5,4,Loyal
U002345,2025-06-17,4,3396.19,197,1,3,4,At Risk
U002346,2025-09-19,7,4182.1900000000005,103,2,4,4,Loyal
U002348,2025-11-22,2,1382.95,39,3,1,2,Potential Loyalists
U002349,2025-11-12,3,2010.0,49,3,2,2,Potential Loyalists
U002350,2025-11-28,3,1609.3600000000001,33,4,2,2,New & Promising
U002351,2025-09-16,2,2270.7799999999997,106,2,1,3,Hibernating
U002352,2025-09-28,4,2498.23,94,2,3,3,At Risk
U002353,2025-12-14,6,2377.57,17,5,4,3,Champions
U002354,2025-10-28,3,1719.08,64,3,2,2,Potential Loyalists
U002355,2025-11-17,6,5723.83,44,3,4,5,Loyal
U002356,2025-11-30,9,4725.37,31,4,5,4,Champions
U002357,2025-12-03,2,1147.9299999999998,28,4,1,1,New & Promising
U002358,2025-09-09,9,4070.48,113,2,5,4,Loyal
U002359,2025-10-28,10,5016.63,64,3,5,5,Loyal
U002360,2025-11-25,7,7420.929999999999,36,4,4,5,Champions
U002361,2025-06-17,2,1089.3600000000001,197,1,1,1,Hibernating
U002362,2025-11-14,4,2743.66,47,3,3,3,Potential Loyalists
U002363,2025-12-22,5,3142.17,9,5,3,3,Potential Loyalists
U002364,2025-09-14,6,3335.71,108,2,4,4,Loyal
U002366,2025-11-10,1,280.78,51,3,1,1,Potential Loyalists
U002367,2025-08-29,2,708.04,124,2,1,1,Hibernating
U002368,2025-12-22,8,4977.17,9,5,5,5,Champions
U002369,2025-11-13,4,2322.49,48,3,3,3,Potential Loyalists
U002370,2025-08-30,6,6085.450000000001,123,2,4,5,Loyal
U002371,2025-11-06,9,8515.73,55,3,5,5,Loyal
U002372,2025-09-05,3,1199.6399999999999,117,2,2,2,Hibernating
U002373,2025-07-05,1,912.15,179,1,1,1,Hibernating
U002374,2025-12-26,7,2392.83,5,5,4,3,Champions
U002375,2025-08-10,3,1479.98,143,1,2,2,Hibernating
U002376,2025-10-29,5,3363.73,63,3,3,4,Potential Loyalists
U002377,2025-07-05,5,3347.3900000000003,179,1,3,4,At Risk
U002378,2025-12-30,8,4649.71,1,5,5,4,Champions
U002379,2025-11-04,5,5087.91,57,3,3,5,Potential Loyalists
U002380,2025-12-28,9,7507.65,3,5,5,5,Champions
U002381,2025-12-01,1,587.99,30,4,1,1,New & Promising
U002382,2025-12-13,8,5379.53,18,4,5,5,Champions
U002383,2025-11-09,4,1681.81,52,3,3,2,Potential Loyalists
U002384,2025-11-25,9,9494.01,36,4,5,5,Champions
U002385,2025-06-22,2,912.27,192,1,1,1,Hibernating
U002386,2025-11-02,7,4601.19,59,3,4,4,Loyal
U002387,2025-11-12,6,4831.26,49,3,4,5,Loyal
U002388,2025-10-04,3,1813.96,88,2,2,2,Hibernating
U002389,2025-12-17,9,6684.05,14,5,5,5,Champions
U002390,2025-09-20,6,7466.65,102,2,4,5,Loyal
U002391,2025-07-31,2,1701.3,153,1,1,2,Hibernating
U002392,2025-11-13,4,1395.27,48,3,3,2,Potential Loyalists
U002393,2025-12-05,7,6065.23,26,4,4,5,Champions
U002394,2025-12-17,2,521.4200000000001,14,5,1,1,New & Promising
U002395,2025-11-13,5,3128.88,48,3,3,3,Potential Loyalists
U002396,2025-11-05,4,2559.17,56,3,3,3,Potential Loyalists
U002397,2025-11-22,6,2769.75,39,3,4,3,Loyal
U002399,2025-09-04,3,2722.83,118,2,2,3,Hibernating
U002400,2025-06-20,2,2182.1800000000003,194,1,1,3,Hibernating
U002401,2025-03-29,2,1215.75,277,1,1,2,Hibernating
U002402,2025-11-28,7,6868.49,33,4,4,5,Champions
U002403,2025-10-31,8,5374.82,61,3,5,5,Loyal
U002404,2025-11-29,1,332.31,32,4,1,1,New & Promising
U002405,2025-12-02,5,4485.28,29,4,3,4,Potential Loyalists
U002406,2025-09-01,6,3285.67,121,2,4,4,Loyal
U002407,2025-06-01,2,1587.17,213,1,1,2,Hibernating
U002408,2025-10-22,7,3715.39,70,2,4,4,Loyal
U002409,2025-11-03,6,4736.17,58,3,4,5,Loyal
U002410,2025-11-25,4,1954.98,36,4,3,2,Potential Loyalists
U002411,2025-11-11,11,9090.06,50,3,5,5,Loyal
U002412,2025-08-04,1,564.3,149,1,1,1,Hibernating
U002413,2025-11-17,9,8526.32,44,3,5,5,Loyal
U002414,2025-12-20,15,9687.05,11,5,5,5,Champions
U002415,2025-12-19,6,3672.61,12,5,4,4,Champions
U002416,2025-12-18,5,2497.9700000000003,13,5,3,3,Potential Loyalists
U002417,2025-11-14,2,1134.5,47,3,1,1,Potential Loyalists
U002418,2025-12-01,3,3051.94,30,4,2,3,New & Promising
U002419,2025-12-11,9,8944.77,20,4,5,5,Champions
U002420,2025-03-21,1,1131.03,285,1,1,1,Hibernating
U002421,2025-06-25,1,821.63,189,1,1,1,Hibernating
U002422,2025-07-25,3,1652.72,159,1,2,2,Hibernating
U002423,2025-11-01,11,5522.21,60,3,5,5,Loyal
U002424,2025-12-13,5,2354.52,18,4,3,3,Potential Loyalists
U002425,2025-09-09,3,2387.6400000000003,113,2,2,3,Hibernating
U002426,2025-12-25,1,792.54,6,5,1,1,New & Promising
U002427,2025-11-30,7,4904.0,31,4,4,5,Champions
U002428,2025-12-22,2,808.44,9,5,1,1,New & Promising
U002429,2025-11-17,8,5813.88,44,3,5,5,Loyal
U002430,2025-11-11,4,1994.96,50,3,3,2,Potential Loyalists
U002431,2025-10-31,4,2278.88,61,3,3,3,Potential Loyalists
U002432,2025-09-09,4,1494.69,113,2,3,2,At Risk
U002433,2025-12-12,6,3021.45,19,4,4,3,Champions
U002434,2025-12-19,14,9782.61,12,5,5,5,Champions
U002435,2025-10-20,2,2122.38,72,2,1,3,Hibernating
U002436,2025-11-04,2,1843.69,57,3,1,2,Potential Loyalists
U002437,2025-08-04,3,1183.75,149,1,2,1,Hibernating
U002438,2025-12-21,8,3876.29,10,5,5,4,Champions
U002439,2025-12-25,7,3731.17,6,5,4,4,Champions
U002440,2025-12-26,6,6361.36,5,5,4,5,Champions
U002441,2025-12-27,10,9311.11,4,5,5,5,Champions
U002442,2025-12-30,3,1631.45,1,5,2,2,New & Promising
U002443,2025-12-10,8,5624.8099999999995,21,4,5,5,Champions
U002444,2025-08-29,5,2080.0,124,2,3,2,At Risk
U002445,2025-11-23,6,1921.89,38,3,4,2,Loyal
U002446,2025-06-25,4,1788.93,189,1,3,2,At Risk
U002447,2025-08-07,2,2998.07,146,1,1,3,Hibernating
U002448,2025-09-08,2,1024.0,114,2,1,1,Hibernating
U002449,2025-10-31,3,1713.26,61,3,2,2,Potential Loyalists
U002450,2025-09-15,2,1958.94,107,2,1,2,Hibernating
U002451,2025-08-28,3,1453.08,125,2,2,2,Hibernating
U002452,2025-12-26,2,635.93,5,5,1,1,New & Promising
U002453,2025-12-05,3,3478.01,26,4,2,4,New & Promising
U002454,2025-05-01,1,713.0,244,1,1,1,Hibernating
U002455,2025-12-07,8,4252.0599999999995,24,4,5,4,Champions
U002456,2025-12-22,2,344.11,9,5,1,1,New & Promising
U002457,2025-11-26,4,1947.49,35,4,3,2,Potential Loyalists
U002458,2025-08-18,3,1526.78,135,1,2,2,Hibernating
U002459,2025-07-14,8,4415.8099999999995,170,1,5,4,Loyal
U002460,2025-01-04,1,627.18,361,1,1,1,Hibernating
U002461,2025-12-28,5,3314.52,3,5,3,4,Potential Loyalists
U002462,2025-10-05,7,5328.969999999999,87,2,4,5,Loyal
U002463,2025-10-12,3,1737.2,80,2,2,2,Hibernating
U002464,2025-11-10,4,1789.88,51,3,3,2,Potential Loyalists
U002465,2025-12-11,5,3030.89,20,4,3,3,Potential Loyalists
U002466,2025-06-24,4,2630.8,190,1,3,3,At Risk
U002467,2025-07-14,4,2015.46,170,1,3,2,At Risk
U002468,2025-12-13,3,1887.91,18,4,2,2,New & Promising
U002469,2025-10-20,1,162.37,72,2,1,1,Hibernating
U002470,2025-07-04,1,525.87,180,1,1,1,Hibernating
U002471,2025-10-16,5,2272.31,76,2,3,3,At Risk
U002472,2025-07-23,3,1285.32,161,1,2,2,Hibernating
U002473,2025-12-03,7,3159.23,28,4,4,3,Champions
U002474,2025-10-05,1,688.57,87,2,1,1,Hibernating
U002475,2025-10-26,4,3482.6,66,3,3,4,Potential Loyalists
U002476,2025-10-27,4,1837.63,65,3,3,2,Potential Loyalists
U002477,2025-11-12,5,1756.14,49,3,3,2,Potential Loyalists
U002478,2025-10-31,8,4661.03,61,3,5,4,Loyal
U002479,2025-06-28,2,961.4100000000001,186,1,1,1,Hibernating
U002480,2025-08-24,2,2297.0,129,1,1,3,Hibernating
U002481,2025-10-31,7,3685.8,61,3,4,4,Loyal
U002482,2025-08-30,2,728.27,123,2,1,1,Hibernating
U002483,2025-12-24,6,3092.07,7,5,4,3,Champions
U002484,2025-06-28,1,574.64,186,1,1,1,Hibernating
U002485,2025-11-02,9,7334.4,59,3,5,5,Loyal
U002486,2025-10-22,10,6011.03,70,2,5,5,Loyal
U002487,2025-12-31,6,2865.08,0,5,4,3,Champions
U002488,2025-12-31,12,7358.32,0,5,5,5,Champions
U002489,2025-12-13,5,2856.56,18,4,3,3,Potential Loyalists
U002490,2025-11-22,9,7619.02,39,3,5,5,Loyal
U002491,2025-11-30,7,2432.3599999999997,31,4,4,3,Champions
U002492,2025-10-31,8,3907.32,61,3,5,4,Loyal
U002493,2025-12-07,3,1765.88,24,4,2,2,New & Promising
U002494,2025-12-27,7,7561.709999999999,4,5,4,5,Champions
U002495,2025-12-15,6,4213.74,16,5,4,4,Champions
U002496,2025-12-13,6,3543.83,18,4,4,4,Champions
U002497,2025-07-31,8,8857.6,153,1,5,5,Loyal
U002498,2025-12-22,3,1178.28,9,5,2,1,New & Promising
U002499,2025-12-08,3,2766.7400000000002,23,4,2,3,New & Promising
U002500,2025-11-29,7,4381.58,32,4,4,4,Champions
U002501,2025-09-24,4,2577.75,98,2,3,3,At Risk
U002502,2025-10-11,7,2449.35,81,2,4,3,Loyal
U002503,2025-12-12,8,4303.96,19,4,5,4,Champions
U002505,2025-12-31,4,3841.04,0,5,3,4,Potential Loyalists
U002506,2025-12-20,9,3576.2200000000003,11,5,5,4,Champions
U002507,2025-10-31,5,5090.85,61,3,3,5,Potential Loyalists
U002508,2025-12-20,5,3251.4500000000003,11,5,3,4,Potential Loyalists
U002509,2025-10-25,2,820.69,67,3,1,1,Potential Loyalists
U002510,2025-09-25,2,2567.92,97,2,1,3,Hibernating
U002511,2025-12-10,8,3626.33,21,4,5,4,Champions
U002512,2025-02-28,2,973.69,306,1,1,1,Hibernating
U002513,2025-10-30,4,1379.8400000000001,62,3,3,2,Potential Loyalists
U002514,2025-12-20,7,4477.17,11,5,4,4,Champions
U002515,2025-12-14,6,2379.89,17,5,4,3,Champions
U002516,2025-09-07,1,265.51,115,2,1,1,Hibernating
U002517,2025-10-03,2,2578.73,89,2,1,3,Hibernating
U002519,2025-11-23,5,2852.51,38,3,3,3,Potential Loyalists
U002520,2025-11-21,7,3346.55,40,3,4,4,Loyal
U002521,2025-08-13,3,2299.94,140,1,2,3,Hibernating
U002522,2025-08-19,1,268.16,134,1,1,1,Hibernating
U002523,2025-10-31,9,5672.01,61,3,5,5,Loyal
U002524,2025-11-02,7,4527.74,59,3,4,4,Loyal
U002525,2025-10-15,2,2107.48,77,2,1,2,Hibernating
U002526,2025-10-05,4,1830.04,87,2,3,2,At Risk
U002527,2025-12-30,7,5297.12,1,5,4,5,Champions
U002528,2025-12-21,4,2572.8,10,5,3,3,Potential Loyalists
U002529,2025-11-04,3,1874.9099999999999,57,3,2,2,Potential Loyalists
U002530,2025-11-15,3,759.57,46,3,2,1,Potential Loyalists
U002532,2025-11-19,2,1001.71,42,3,1,1,Potential Loyalists
U002533,2025-10-19,4,1582.71,73,2,3,2,At Risk
U002534,2025-10-01,1,385.98,91,2,1,1,Hibernating
U002535,2025-10-17,2,1003.33,75,2,1,1,Hibernating
U002536,2025-08-14,2,2532.99,139,1,1,3,Hibernating
U002537,2025-12-15,11,6822.66,16,5,5,5,Champions
U002538,2025-12-13,6,3966.29,18,4,4,4,Champions
U002539,2025-10-29,11,4563.99,63,3,5,4,Loyal
U002540,2025-11-30,5,2627.85,31,4,3,3,Potential Loyalists
U002541,2025-03-08,1,214.29,298,1,1,1,Hibernating
U002542,2025-11-01,4,3404.35,60,3,3,4,Potential Loyalists
U002543,2025-12-19,2,883.5699999999999,12,5,1,1,New & Promising
U002544,2025-12-11,10,7468.39,20,4,5,5,Champions
U002546,2025-05-07,1,525.16,238,1,1,1,Hibernating
U002547,2025-07-31,1,1728.08,153,1,1,2,Hibernating
U002549,2025-11-01,6,5154.58,60,3,4,5,Loyal
U002550,2025-03-10,1,187.2,296,1,1,1,Hibernating
U002551,2025-08-10,4,1806.84,143,1,3,2,At Risk
U002552,2025-08-02,3,1679.71,151,1,2,2,Hibernating
U002553,2025-12-29,9,4070.5,2,5,5,4,Champions
U002554,2025-09-16,3,1497.98,106,2,2,2,Hibernating
U002555,2025-05-13,1,115.98,232,1,1,1,Hibernating
U002556,2025-12-31,5,5625.87,0,5,3,5,Potential Loyalists
U002557,2025-12-26,10,7035.4,5,5,5,5,Champions
U002558,2025-12-28,5,3791.83,3,5,3,4,Potential Loyalists
U002559,2025-12-26,17,8445.45,5,5,5,5,Champions
U002560,2025-12-23,7,3364.13,8,5,4,4,Champions
U002561,2025-05-27,3,1676.25,218,1,2,2,Hibernating
U002563,2025-12-26,6,3265.7,5,5,4,4,Champions
U002564,2025-11-28,6,5255.14,33,4,4,5,Champions
U002565,2025-10-25,5,2148.44,67,3,3,3,Potential Loyalists
U002566,2025-09-21,4,2938.04,101,2,3,3,At Risk
U002567,2025-11-11,3,1049.18,50,3,2,1,Potential Loyalists
U002568,2025-12-04,14,8506.789999999999,27,4,5,5,Champions
U002569,2025-01-16,1,486.04,349,1,1,1,Hibernating
U002570,2025-12-16,4,3049.98,15,5,3,3,Potential Loyalists
U002571,2025-12-29,5,2762.1800000000003,2,5,3,3,Potential Loyalists
U002572,2025-12-13,3,3178.02,18,4,2,3,New & Promising
U002573,2025-11-26,2,999.2,35,4,1,1,New & Promising
U002574,2025-12-28,6,4094.4,3,5,4,4,Champions
U002575,2025-08-20,3,1310.74,133,1,2,2,Hibernating
U002576,2025-12-28,7,3356.58,3,5,4,4,Champions
U002577,2025-09-25,4,1584.06,97,2,3,2,At Risk
U002578,2025-11-11,3,2188.91,50,3,2,3,Potential Loyalists
U002579,2025-11-19,4,1073.3,42,3,3,1,Potential Loyalists
U002580,2025-07-07,3,1307.59,177,1,2,2,Hibernating
U002581,2025-12-05,1,1515.68,26,4,1,2,New & Promising
U002582,2025-06-21,1,1265.0,193,1,1,2,Hibernating
U002583,2025-12-01,3,1243.9099999999999,30,4,2,2,New & Promising
U002584,2025-12-01,2,635.4200000000001,30,4,1,1,New & Promising
U002585,2025-12-13,6,4294.34,18,4,4,4,Champions
U002586,2025-11-10,6,3454.65,51,3,4,4,Loyal
U002587,2025-08-22,1,357.63,131,1,1,1,Hibernating
U002588,2025-12-31,7,4129.32,0,5,4,4,Champions
U002589,2025-08-06,2,848.81,147,1,1,1,Hibernating
U002590,2025-11-14,6,3873.3199999999997,47,3,4,4,Loyal
U002591,2025-05-08,1,401.0,237,1,1,1,Hibernating
U002593,2025-06-02,2,639.37,212,1,1,1,Hibernating
U002594,2025-11-23,6,3202.95,38,3,4,4,Loyal
U002595,2025-05-28,4,1733.3899999999999,217,1,3,2,At Risk
U002596,2025-08-29,5,4696.25,124,2,3,4,At Risk
U002598,2025-05-21,1,125.33,224,1,1,1,Hibernating
U002599,2025-12-31,9,3150.82,0,5,5,3,Champions
U002600,2025-10-23,3,1666.5700000000002,69,2,2,2,Hibernating
U002601,2025-12-28,9,4029.29,3,5,5,4,Champions
U002602,2025-12-26,3,1109.01,5,5,2,1,New & Promising
U002603,2025-12-10,3,2802.76,21,4,2,3,New & Promising
U002604,2025-11-15,1,1636.94,46,3,1,2,Potential Loyalists
U002605,2025-11-27,4,2153.99,34,4,3,3,Potential Loyalists
U002606,2025-12-15,4,3062.27,16,5,3,3,Potential Loyalists
U002607,2025-03-28,2,1588.9,278,1,1,2,Hibernating
U002608,2025-09-26,5,2750.14,96,2,3,3,At Risk
U002609,2025-03-02,2,972.75,304,1,1,1,Hibernating
U002610,2025-10-11,6,2894.27,81,2,4,3,Loyal
U002611,2025-11-07,10,3261.57,54,3,5,4,Loyal
U002612,2025-12-01,3,1674.68,30,4,2,2,New & Promising
U002614,2025-12-10,9,3818.88,21,4,5,4,Champions
U002615,2025-12-19,6,2794.06,12,5,4,3,Champions
U002616,2025-11-09,1,376.15,52,3,1,1,Potential Loyalists
U002617,2025-07-31,5,2973.4,153,1,3,3,At Risk
U002619,2025-12-23,4,1686.22,8,5,3,2,Potential Loyalists
U002620,2025-11-19,7,5974.86,42,3,4,5,Loyal
U002621,2025-08-22,1,510.89,131,1,1,1,Hibernating
U002622,2025-10-20,4,2552.37,72,2,3,3,At Risk
U002624,2025-12-09,7,3619.86,22,4,4,4,Champions
U002625,2025-12-03,9,5367.1,28,4,5,5,Champions
U002626,2025-12-12,6,3454.52,19,4,4,4,Champions
U002627,2025-12-23,5,2878.2999999999997,8,5,3,3,Potential Loyalists
U002628,2025-10-01,2,1092.05,91,2,1,1,Hibernating
U002629,2025-07-25,1,1034.06,159,1,1,1,Hibernating
U002630,2025-06-10,3,1687.71,204,1,2,2,Hibernating
U002631,2025-12-21,6,3992.58,10,5,4,4,Champions
U002632,2025-12-02,4,2751.89,29,4,3,3,Potential Loyalists
U002633,2025-09-27,4,2472.32,95,2,3,3,At Risk
U002634,2025-09-14,1,177.42,108,2,1,1,Hibernating
U002635,2025-12-11,8,3156.2,20,4,5,3,Champions
U002636,2025-07-21,3,1812.02,163,1,2,2,Hibernating
U002637,2025-12-10,6,3864.76,21,4,4,4,Champions
U002638,2025-12-30,13,10444.49,1,5,5,5,Champions
U002639,2025-12-18,10,5333.4,13,5,5,5,Champions
U002640,2025-12-13,4,3263.4,18,4,3,4,Potential Loyalists
U002641,2025-09-25,2,678.11,97,2,1,1,Hibernating
U002642,2025-08-29,5,2900.96,124,2,3,3,At Risk
U002643,2025-06-05,2,764.16,209,1,1,1,Hibernating
U002644,2025-10-28,2,560.39,64,3,1,1,Potential Loyalists
U002645,2025-11-18,1,285.39,43,3,1,1,Potential Loyalists
U002646,2025-12-22,1,594.42,9,5,1,1,New & Promising
U002647,2025-11-13,9,3925.52,48,3,5,4,Loyal
U002648,2025-11-09,5,2794.71,52,3,3,3,Potential Loyalists
U002649,2025-06-25,2,1029.37,189,1,1,1,Hibernating
U002650,2025-08-13,4,2490.21,140,1,3,3,At Risk
U002651,2025-04-18,1,381.27,257,1,1,1,Hibernating
U002652,2025-12-12,8,5939.68,19,4,5,5,Champions
U002653,2025-11-12,3,910.0,49,3,2,1,Potential Loyalists
U002654,2025-11-29,5,2620.21,32,4,3,3,Potential Loyalists
U002655,2025-12-12,5,3529.48,19,4,3,4,Potential Loyalists
U002656,2025-10-24,1,886.96,68,2,1,1,Hibernating
U002657,2025-11-23,3,1977.54,38,3,2,2,Potential Loyalists
U002658,2025-11-12,6,3352.67,49,3,4,4,Loyal
U002659,2025-05-07,2,620.82,238,1,1,1,Hibernating
U002660,2025-11-06,7,5315.7,55,3,4,5,Loyal
U002661,2025-12-15,5,2773.8599999999997,16,5,3,3,Potential Loyalists
U002662,2025-11-16,3,2798.9700000000003,45,3,2,3,Potential Loyalists
U002663,2025-09-10,7,3366.73,112,2,4,4,Loyal
U002664,2025-10-26,5,2145.4700000000003,66,3,3,3,Potential Loyalists
U002665,2025-08-28,3,748.05,125,2,2,1,Hibernating
U002666,2025-12-21,6,3519.21,10,5,4,4,Champions
U002667,2025-12-15,10,4327.139999999999,16,5,5,4,Champions
U002669,2025-09-10,1,275.81,112,2,1,1,Hibernating
U002670,2025-10-19,6,6183.39,73,2,4,5,Loyal
U002671,2025-08-23,2,1152.92,130,1,1,1,Hibernating
U002672,2025-12-22,5,3079.98,9,5,3,3,Potential Loyalists
U002673,2025-11-30,3,5460.75,31,4,2,5,New & Promising
U002674,2025-11-15,2,1368.52,46,3,1,2,Potential Loyalists
U002675,2025-03-11,1,353.11,295,1,1,1,Hibernating
U002676,2025-09-17,2,2347.8100000000004,105,2,1,3,Hibernating
U002677,2025-12-04,13,8738.939999999999,27,4,5,5,Champions
U002679,2025-12-17,9,3839.83,14,5,5,4,Champions
U002680,2025-11-09,4,2206.3199999999997,52,3,3,3,Potential Loyalists
U002681,2025-12-28,5,3505.85,3,5,3,4,Potential Loyalists
U002682,2025-12-12,6,4296.14,19,4,4,4,Champions
U002683,2025-12-13,10,7140.94,18,4,5,5,Champions
U002684,2025-10-18,5,2369.67,74,2,3,3,At Risk
U002685,2025-11-11,3,1162.15,50,3,2,1,Potential Loyalists
U002686,2025-12-11,9,4172.41,20,4,5,4,Champions
U002687,2025-12-27,3,1474.78,4,5,2,2,New & Promising
U002688,2025-10-01,3,1426.4299999999998,91,2,2,2,Hibernating
U002689,2025-12-28,3,2878.61,3,5,2,3,New & Promising
U002690,2025-12-08,7,2403.77,23,4,4,3,Champions
U002691,2025-08-11,4,2821.88,142,1,3,3,At Risk
U002692,2025-01-16,1,1364.97,349,1,1,2,Hibernating
U002693,2025-12-13,6,2678.58,18,4,4,3,Champions
U002694,2025-10-05,2,1334.4,87,2,1,2,Hibernating
U002695,2025-09-25,2,1378.67,97,2,1,2,Hibernating
U002696,2025-12-12,6,2397.83,19,4,4,3,Champions
U002697,2025-04-13,2,767.02,262,1,1,1,Hibernating
U002698,2025-07-10,5,3423.01,174,1,3,4,At Risk
U002699,2025-12-23,2,1811.7599999999998,8,5,1,2,New & Promising
U002700,2025-11-04,4,2955.95,57,3,3,3,Potential Loyalists
U002701,2025-12-19,6,1806.52,12,5,4,2,Champions
U002703,2025-12-15,6,4973.33,16,5,4,5,Champions
U002704,2025-10-04,3,1819.32,88,2,2,2,Hibernating
U002705,2025-11-11,4,1091.04,50,3,3,1,Potential Loyalists
U002706,2025-11-26,5,3600.17,35,4,3,4,Potential Loyalists
U002707,2025-11-11,4,1733.67,50,3,3,2,Potential Loyalists
U002708,2025-11-03,9,6196.38,58,3,5,5,Loyal
U002709,2025-10-04,2,692.69,88,2,1,1,Hibernating
U002710,2025-12-11,11,5442.48,20,4,5,5,Champions
U002711,2025-03-16,2,2025.44,290,1,1,2,Hibernating
U002712,2025-06-27,2,778.68,187,1,1,1,Hibernating
U002713,2025-08-16,1,259.3,137,1,1,1,Hibernating
U002714,2025-07-15,1,346.89,169,1,1,1,Hibernating
U002715,2025-11-05,5,2910.5,56,3,3,3,Potential Loyalists
U002716,2025-09-22,3,1853.94,100,2,2,2,Hibernating
U002717,2025-12-04,3,1172.1200000000001,27,4,2,1,New & Promising
U002718,2025-11-19,8,3963.1600000000003,42,3,5,4,Loyal
U002719,2025-11-02,5,2047.95,59,3,3,2,Potential Loyalists
U002720,2025-10-23,3,1951.22,69,2,2,2,Hibernating
U002721,2025-12-12,10,5983.73,19,4,5,5,Champions
U002722,2025-07-05,6,1952.9,179,1,4,2,Loyal
U002723,2025-12-14,2,1888.94,17,5,1,2,New & Promising
U002724,2025-12-04,6,4241.87,27,4,4,4,Champions
U002725,2025-10-27,5,3085.9,65,3,3,3,Potential Loyalists
U002726,2025-12-20,12,8037.09,11,5,5,5,Champions
U002727,2025-10-27,3,1184.3600000000001,65,3,2,1,Potential Loyalists
U002728,2025-11-25,5,2575.44,36,4,3,3,Potential Loyalists
U002729,2025-11-30,11,7040.42,31,4,5,5,Champions
U002730,2025-11-12,8,4560.36,49,3,5,4,Loyal
U002731,2025-08-28,2,1015.22,125,2,1,1,Hibernating
U002732,2025-09-08,4,3047.67,114,2,3,3,At Risk
U002733,2025-12-02,10,4978.28,29,4,5,5,Champions
U002734,2025-10-10,6,3389.5299999999997,82,2,4,4,Loyal
U002735,2025-11-30,4,2885.05,31,4,3,3,Potential Loyalists
U002736,2025-02-14,1,1068.36,320,1,1,1,Hibernating
U002737,2025-08-09,2,1060.52,144,1,1,1,Hibernating
U002738,2025-11-28,5,4053.6,33,4,3,4,Potential Loyalists
U002739,2025-09-20,8,4840.6900000000005,102,2,5,5,Loyal
U002740,2025-11-12,5,4349.4400000000005,49,3,3,4,Potential Loyalists
U002741,2025-06-11,3,855.35,203,1,2,1,Hibernating
U002742,2025-12-26,7,4790.58,5,5,4,5,Champions
U002744,2025-08-08,2,1670.77,145,1,1,2,Hibernating
U002745,2025-12-27,2,1616.5700000000002,4,5,1,2,New & Promising
U002746,2025-10-29,2,830.04,63,3,1,1,Potential Loyalists
U002747,2025-12-24,5,3964.74,7,5,3,4,Potential Loyalists
U002748,2025-11-30,2,1505.35,31,4,1,2,New & Promising
U002749,2025-09-22,5,4109.41,100,2,3,4,At Risk
U002750,2025-10-05,8,5365.900000000001,87,2,5,5,Loyal
U002751,2025-12-23,8,5333.96,8,5,5,5,Champions
U002752,2025-12-22,9,5337.47,9,5,5,5,Champions
U002753,2025-05-10,3,1018.61,235,1,2,1,Hibernating
U002754,2025-12-26,1,911.46,5,5,1,1,New & Promising
U002755,2025-12-26,7,4259.42,5,5,4,4,Champions
U002756,2025-12-15,6,3473.7,16,5,4,4,Champions
U002758,2025-11-14,4,3521.1000000000004,47,3,3,4,Potential Loyalists
U002759,2025-11-22,7,3309.79,39,3,4,4,Loyal
U002760,2025-10-01,8,5144.7,91,2,5,5,Loyal
U002761,2025-08-28,2,966.96,125,2,1,1,Hibernating
U002762,2025-12-31,3,2677.99,0,5,2,3,New & Promising
U002764,2025-12-30,10,6535.8,1,5,5,5,Champions
U002765,2025-12-29,11,7215.75,2,5,5,5,Champions
U002766,2025-08-01,2,886.87,152,1,1,1,Hibernating
U002768,2025-12-26,1,125.45,5,5,1,1,New & Promising
U002769,2025-11-03,3,2028.76,58,3,2,2,Potential Loyalists
U002770,2025-11-30,5,3056.98,31,4,3,3,Potential Loyalists
U002771,2025-12-04,12,4776.97,27,4,5,5,Champions
U002772,2025-09-18,1,527.0,104,2,1,1,Hibernating
U002773,2025-12-25,9,4648.37,6,5,5,4,Champions
U002774,2025-12-27,7,6191.12,4,5,4,5,Champions
U002775,2025-10-25,7,5513.6,67,3,4,5,Loyal
U002776,2025-09-22,5,2953.88,100,2,3,3,At Risk
U002777,2025-10-18,7,2911.59,74,2,4,3,Loyal
U002778,2025-11-24,4,2797.3,37,4,3,3,Potential Loyalists
U002780,2025-10-18,5,6223.12,74,2,3,5,At Risk
U002781,2025-10-26,3,824.63,66,3,2,1,Potential Loyalists
U002782,2025-11-10,3,873.02,51,3,2,1,Potential Loyalists
U002783,2025-11-11,6,6146.65,50,3,4,5,Loyal
U002784,2025-10-19,6,2065.0,73,2,4,2,Loyal
U002785,2025-05-02,3,2764.37,243,1,2,3,Hibernating
U002786,2025-06-02,2,1042.0,212,1,1,1,Hibernating
U002787,2025-12-15,6,3056.2,16,5,4,3,Champions
U002788,2025-12-11,7,4620.41,20,4,4,4,Champions
U002789,2025-11-17,3,4930.280000000001,44,3,2,5,Potential Loyalists
U002790,2025-10-04,10,5551.1900000000005,88,2,5,5,Loyal
U002791,2025-11-10,4,1912.18,51,3,3,2,Potential Loyalists
U002792,2025-10-14,4,1760.5500000000002,78,2,3,2,At Risk
U002793,2025-11-09,3,2303.91,52,3,2,3,Potential Loyalists
U002794,2025-10-15,7,5669.96,77,2,4,5,Loyal
U002795,2025-12-17,11,8096.78,14,5,5,5,Champions
U002796,2025-11-27,8,9495.6,34,4,5,5,Champions
U002797,2025-12-27,4,2577.94,4,5,3,3,Potential Loyalists
U002798,2025-09-04,6,3092.89,118,2,4,3,Loyal
U002799,2025-10-13,6,3862.9800000000005,79,2,4,4,Loyal
U002800,2025-12-17,6,3469.6400000000003,14,5,4,4,Champions
U002801,2025-10-06,7,3432.1000000000004,86,2,4,4,Loyal
U002802,2025-11-24,5,5296.83,37,4,3,5,Potential Loyalists
U002803,2025-12-03,4,1348.29,28,4,3,2,Potential Loyalists
U002804,2025-12-10,2,898.51,21,4,1,1,New & Promising
U002805,2025-11-01,7,6223.17,60,3,4,5,Loyal
U002806,2025-08-23,7,3053.16,130,1,4,3,Loyal
U002807,2025-09-04,10,6620.68,118,2,5,5,Loyal
U002808,2025-11-05,9,7039.63,56,3,5,5,Loyal
U002809,2025-09-20,4,2642.5299999999997,102,2,3,3,At Risk
U002810,2025-08-27,4,3332.2,126,2,3,4,At Risk
U002811,2025-11-23,5,3550.54,38,3,3,4,Potential Loyalists
U002812,2025-11-04,4,3079.2799999999997,57,3,3,3,Potential Loyalists
U002813,2025-12-11,7,3952.96,20,4,4,4,Champions
U002815,2025-08-21,11,6546.96,132,1,5,5,Loyal
U002816,2025-12-15,4,1485.9,16,5,3,2,Potential Loyalists
U002817,2025-10-27,6,3413.1800000000003,65,3,4,4,Loyal
U002818,2025-12-12,10,5863.31,19,4,5,5,Champions
U002819,2025-12-25,4,1927.32,6,5,3,2,Potential Loyalists
U002821,2025-10-18,2,1994.85,74,2,1,2,Hibernating
U002822,2025-05-21,3,1851.09,224,1,2,2,Hibernating
U002823,2025-11-25,9,5826.99,36,4,5,5,Champions
U002824,2025-12-13,13,8587.03,18,4,5,5,Champions
U002825,2025-11-27,5,3294.13,34,4,3,4,Potential Loyalists
U002826,2025-12-14,7,4558.78,17,5,4,4,Champions
U002827,2025-12-28,3,3097.24,3,5,2,3,New & Promising
U002828,2025-11-02,4,1678.23,59,3,3,2,Potential Loyalists
U002829,2025-12-04,3,1703.3600000000001,27,4,2,2,New & Promising
U002830,2025-12-28,11,3449.65,3,5,5,4,Champions
U002831,2025-12-11,5,3349.96,20,4,3,4,Potential Loyalists
U002832,2025-12-13,3,1569.18,18,4,2,2,New & Promising
U002833,2025-12-13,5,3066.39,18,4,3,3,Potential Loyalists
U002834,2025-11-01,5,2841.77,60,3,3,3,Potential Loyalists
U002835,2025-12-25,6,4472.57,6,5,4,4,Champions
U002836,2025-12-01,3,1718.3799999999999,30,4,2,2,New & Promising
U002837,2025-12-09,2,1094.3200000000002,22,4,1,1,New & Promising
U002838,2025-12-11,7,3147.73,20,4,4,3,Champions
U002839,2025-04-24,1,269.77,251,1,1,1,Hibernating
U002840,2025-12-27,2,1061.33,4,5,1,1,New & Promising
U002841,2025-07-05,2,529.4300000000001,179,1,1,1,Hibernating
U002842,2025-12-14,8,5563.52,17,5,5,5,Champions
U002843,2025-12-30,10,4712.09,1,5,5,4,Champions
U002844,2025-07-12,4,2681.14,172,1,3,3,At Risk
U002845,2025-12-06,5,2460.16,25,4,3,3,Potential Loyalists
U002846,2025-11-07,4,3316.54,54,3,3,4,Potential Loyalists
U002847,2025-11-30,5,2432.92,31,4,3,3,Potential Loyalists
U002848,2025-06-02,2,1775.6,212,1,1,2,Hibernating
U002849,2025-07-07,2,669.1700000000001,177,1,1,1,Hibernating
U002850,2025-12-11,9,8514.51,20,4,5,5,Champions
U002851,2025-12-27,7,3479.17,4,5,4,4,Champions
U002852,2025-12-05,6,4833.71,26,4,4,5,Champions
U002854,2025-09-17,6,3443.12,105,2,4,4,Loyal
U002855,2025-09-29,2,1137.8,93,2,1,1,Hibernating
U002856,2025-06-27,2,2521.79,187,1,1,3,Hibernating
U002858,2025-12-11,2,1163.35,20,4,1,1,New & Promising
U002859,2025-12-23,9,4871.57,8,5,5,5,Champions
U002860,2025-11-03,2,1524.9299999999998,58,3,1,2,Potential Loyalists
U002861,2025-12-14,5,2991.67,17,5,3,3,Potential Loyalists
U002862,2025-12-29,12,9736.3,2,5,5,5,Champions
U002863,2025-11-06,5,5148.76,55,3,3,5,Potential Loyalists
U002864,2025-08-30,2,648.9200000000001,123,2,1,1,Hibernating
U002865,2025-12-20,6,5256.23,11,5,4,5,Champions
U002866,2025-12-13,10,5455.77,18,4,5,5,Champions
U002867,2025-12-07,8,7220.12,24,4,5,5,Champions
U002868,2025-09-16,2,2430.97,106,2,1,3,Hibernating
U002869,2025-11-07,8,6546.900000000001,54,3,5,5,Loyal
U002870,2025-10-28,9,6918.33,64,3,5,5,Loyal
U002871,2025-12-27,13,8733.11,4,5,5,5,Champions
U002872,2025-12-12,8,3984.66,19,4,5,4,Champions
U002873,2025-11-11,3,986.07,50,3,2,1,Potential Loyalists
U002874,2025-11-26,7,8051.78,35,4,4,5,Champions
U002875,2025-09-21,7,7445.98,101,2,4,5,Loyal
U002876,2025-11-24,5,2034.54,37,4,3,2,Potential Loyalists
U002877,2025-12-15,8,4538.49,16,5,5,4,Champions
U002878,2025-12-24,6,3182.01,7,5,4,3,Champions
U002879,2025-12-17,7,4362.01,14,5,4,4,Champions
U002880,2025-10-28,11,6064.01,64,3,5,5,Loyal
U002881,2025-11-10,5,2524.81,51,3,3,3,Potential Loyalists
U002882,2025-12-27,8,4862.18,4,5,5,5,Champions
U002883,2025-12-30,3,1252.16,1,5,2,2,New & Promising
U002884,2025-12-18,10,5682.36,13,5,5,5,Champions
U002885,2025-07-19,5,3378.7200000000003,165,1,3,4,At Risk
U002886,2025-09-17,4,2917.3599999999997,105,2,3,3,At Risk
U002887,2025-12-24,6,4201.97,7,5,4,4,Champions
U002888,2025-09-09,4,3543.9700000000003,113,2,3,4,At Risk
U002889,2025-08-20,3,1678.53,133,1,2,2,Hibernating
U002891,2025-12-10,6,2662.94,21,4,4,3,Champions
U002892,2025-12-14,4,2571.03,17,5,3,3,Potential Loyalists
U002893,2025-11-10,4,1416.07,51,3,3,2,Potential Loyalists
U002894,2025-11-12,7,3612.37,49,3,4,4,Loyal
U002895,2025-03-16,1,558.65,290,1,1,1,Hibernating
U002896,2025-12-23,3,2002.2399999999998,8,5,2,2,New & Promising
U002897,2025-10-05,1,214.82,87,2,1,1,Hibernating
U002898,2025-12-11,7,4337.24,20,4,4,4,Champions
U002899,2025-07-04,5,2243.24,180,1,3,3,At Risk
U002900,2025-11-27,8,5434.8099999999995,34,4,5,5,Champions
U002901,2025-09-08,5,1738.9099999999999,114,2,3,2,At Risk
U002902,2025-03-28,1,272.68,278,1,1,1,Hibernating
U002903,2025-09-26,3,1782.5900000000001,96,2,2,2,Hibernating
U002904,2025-09-16,5,2868.19,106,2,3,3,At Risk
U002905,2025-11-11,8,3682.6,50,3,5,4,Loyal
U002906,2025-12-27,12,8122.759999999999,4,5,5,5,Champions
U002907,2025-10-09,6,3478.46,83,2,4,4,Loyal
U002908,2025-11-22,10,4930.13,39,3,5,5,Loyal
U002909,2025-10-11,3,2864.73,81,2,2,3,Hibernating
U002910,2025-12-13,2,800.97,18,4,1,1,New & Promising
U002911,2025-11-17,8,6058.56,44,3,5,5,Loyal
U002912,2025-11-04,3,1135.23,57,3,2,1,Potential Loyalists
U002913,2025-11-17,3,1758.8899999999999,44,3,2,2,Potential Loyalists
U002914,2025-08-15,1,462.35,138,1,1,1,Hibernating
U002915,2025-12-11,7,4105.39,20,4,4,4,Champions
U002916,2025-09-09,6,3403.89,113,2,4,4,Loyal
U002917,2025-04-12,2,567.81,263,1,1,1,Hibernating
U002918,2025-10-22,6,2617.32,70,2,4,3,Loyal
U002919,2025-11-02,9,7397.6,59,3,5,5,Loyal
U002920,2025-12-19,9,4765.44,12,5,5,5,Champions
U002921,2025-09-28,2,1742.59,94,2,1,2,Hibernating
U002922,2025-12-31,5,2580.11,0,5,3,3,Potential Loyalists
U002923,2025-12-18,5,3989.89,13,5,3,4,Potential Loyalists
U002924,2025-08-13,1,693.97,140,1,1,1,Hibernating
U002925,2025-12-21,4,2148.09,10,5,3,3,Potential Loyalists
U002927,2025-12-26,7,3254.4700000000003,5,5,4,4,Champions
U002928,2025-09-18,12,11984.220000000001,104,2,5,5,Loyal
U002929,2025-05-14,2,821.4000000000001,231,1,1,1,Hibernating
U002930,2025-10-08,4,2413.73,84,2,3,3,At Risk
U002931,2025-12-11,7,4140.34,20,4,4,4,Champions
U002932,2025-12-12,5,3311.31,19,4,3,4,Potential Loyalists
U002933,2025-04-13,1,741.21,262,1,1,1,Hibernating
U002934,2025-09-27,2,1219.98,95,2,1,2,Hibernating
U002935,2025-11-03,10,4329.76,58,3,5,4,Loyal
U002936,2025-02-06,2,1250.74,328,1,1,2,Hibernating
U002937,2025-10-27,2,982.51,65,3,1,1,Potential Loyalists
U002938,2025-12-04,8,5485.6,27,4,5,5,Champions
U002939,2025-09-12,2,551.48,110,2,1,1,Hibernating
U002940,2025-01-12,1,307.91,353,1,1,1,Hibernating
U002941,2025-11-02,4,1716.87,59,3,3,2,Potential Loyalists
U002942,2025-11-04,2,852.11,57,3,1,1,Potential Loyalists
U002943,2025-08-14,1,325.26,139,1,1,1,Hibernating
U002944,2025-12-13,7,2303.57,18,4,4,3,Champions
U002945,2025-12-12,5,2433.2200000000003,19,4,3,3,Potential Loyalists
U002946,2025-12-15,11,5475.15,16,5,5,5,Champions
U002947,2025-12-29,5,5830.48,2,5,3,5,Potential Loyalists
U002948,2025-12-13,10,5841.0,18,4,5,5,Champions
U002949,2025-08-20,3,1587.3600000000001,133,1,2,2,Hibernating
U002950,2025-08-11,3,970.19,142,1,2,1,Hibernating
U002951,2025-10-08,1,259.03,84,2,1,1,Hibernating
U002952,2025-12-28,4,2676.85,3,5,3,3,Potential Loyalists
U002953,2025-08-12,5,1778.99,141,1,3,2,At Risk
U002954,2025-11-03,5,3979.08,58,3,3,4,Potential Loyalists
U002956,2025-12-25,3,2837.0600000000004,6,5,2,3,New & Promising
U002958,2025-11-28,6,2380.92,33,4,4,3,Champions
U002959,2025-06-22,3,2511.22,192,1,2,3,Hibernating
U002960,2025-11-18,3,2178.53,43,3,2,3,Potential Loyalists
U002961,2025-06-19,2,1206.57,195,1,1,2,Hibernating
U002962,2025-12-22,4,1851.73,9,5,3,2,Potential Loyalists
U002963,2025-11-29,4,1765.61,32,4,3,2,Potential Loyalists
U002964,2025-12-14,11,9723.03,17,5,5,5,Champions
U002965,2025-12-31,5,2667.78,0,5,3,3,Potential Loyalists
U002966,2025-10-24,5,3627.6400000000003,68,2,3,4,At Risk
U002967,2025-11-03,2,1108.65,58,3,1,1,Potential Loyalists
U002968,2025-11-17,2,1252.08,44,3,1,2,Potential Loyalists
U002969,2025-09-25,1,315.12,97,2,1,1,Hibernating
U002970,2025-10-14,1,162.91,78,2,1,1,Hibernating
U002971,2025-07-07,8,4065.79,177,1,5,4,Loyal
U002972,2025-12-18,3,1836.94,13,5,2,2,New & Promising
U002973,2025-09-08,5,1936.81,114,2,3,2,At Risk
U002974,2025-10-25,3,4465.95,67,3,2,4,Potential Loyalists
U002975,2025-08-06,3,1269.0,147,1,2,2,Hibernating
U002976,2025-09-05,4,1528.51,117,2,3,2,At Risk
U002977,2025-04-10,2,2120.3,265,1,1,3,Hibernating
U002978,2025-11-02,3,2967.15,59,3,2,3,Potential Loyalists
U002979,2025-12-15,4,2647.29,16,5,3,3,Potential Loyalists
U002980,2025-12-24,1,1100.31,7,5,1,1,New & Promising
U002981,2025-12-08,7,3563.75,23,4,4,4,Champions
U002982,2025-11-25,2,714.29,36,4,1,1,New & Promising
U002983,2025-12-10,15,11437.27,21,4,5,5,Champions
U002984,2025-10-21,12,10379.66,71,2,5,5,Loyal
U002985,2025-12-07,3,1460.99,24,4,2,2,New & Promising
U002986,2025-09-22,2,692.04,100,2,1,1,Hibernating
U002987,2025-12-20,6,5171.81,11,5,4,5,Champions
U002988,2025-11-22,3,921.5,39,3,2,1,Potential Loyalists
U002989,2025-09-10,4,2352.49,112,2,3,3,At Risk
U002990,2025-11-27,3,1857.1399999999999,34,4,2,2,New & Promising
U002991,2025-09-27,2,1639.5,95,2,1,2,Hibernating
U002992,2025-11-29,6,3739.49,32,4,4,4,Champions
U002993,2025-10-26,3,1020.01,66,3,2,1,Potential Loyalists
U002994,2025-12-20,2,1278.8600000000001,11,5,1,2,New & Promising
U002995,2025-08-23,2,692.3199999999999,130,1,1,1,Hibernating
U002996,2025-02-15,2,1237.95,319,1,1,2,Hibernating
U002997,2025-12-09,5,3049.17,22,4,3,3,Potential Loyalists
U002998,2025-09-09,3,1896.4700000000003,113,2,2,2,Hibernating
U002999,2025-05-18,4,2652.15,227,1,3,3,At Risk
U003000,2025-08-03,5,3596.6400000000003,150,1,3,4,At Risk
U003001,2025-01-27,1,1027.77,338,1,1,1,Hibernating
U003002,2025-11-12,3,1289.27,49,3,2,2,Potential Loyalists
U003003,2025-08-30,3,1378.06,123,2,2,2,Hibernating
U003004,2025-12-12,7,3785.9,19,4,4,4,Champions
U003005,2025-11-11,4,2374.93,50,3,3,3,Potential Loyalists
U003006,2025-08-10,4,1897.83,143,1,3,2,At Risk
U003007,2025-12-31,10,6180.58,0,5,5,5,Champions
U003009,2025-12-22,7,3275.7799999999997,9,5,4,4,Champions
U003010,2025-10-11,7,3595.96,81,2,4,4,Loyal
U003011,2025-11-26,8,4312.49,35,4,5,4,Champions
U003012,2025-11-12,16,8976.95,49,3,5,5,Loyal
U003013,2025-10-27,2,841.3299999999999,65,3,1,1,Potential Loyalists
U003014,2025-08-27,6,4185.38,126,2,4,4,Loyal
U003015,2025-10-13,3,4134.59,79,2,2,4,Hibernating
U003016,2025-08-09,3,1540.1,144,1,2,2,Hibernating
U003017,2025-12-13,7,4304.79,18,4,4,4,Champions
U003018,2025-12-11,5,2454.49,20,4,3,3,Potential Loyalists
U003019,2025-12-27,2,966.74,4,5,1,1,New & Promising
U003020,2025-12-14,5,3817.07,17,5,3,4,Potential Loyalists
U003021,2025-11-27,4,1403.33,34,4,3,2,Potential Loyalists
U003022,2025-09-19,3,2225.27,103,2,2,3,Hibernating
U003023,2025-12-13,5,3735.12,18,4,3,4,Potential Loyalists
U003024,2025-12-24,5,4573.87,7,5,3,4,Potential Loyalists
U003025,2025-10-10,9,4011.0,82,2,5,4,Loyal
U003026,2025-09-01,5,2920.2200000000003,121,2,3,3,At Risk
U003027,2025-12-28,2,1257.38,3,5,1,2,New & Promising
U003028,2025-10-27,7,4768.82,65,3,4,5,Loyal
U003029,2025-12-07,9,5954.16,24,4,5,5,Champions
U003030,2025-12-13,11,4935.19,18,4,5,5,Champions
U003031,2025-10-30,5,4444.860000000001,62,3,3,4,Potential Loyalists
U003032,2025-12-22,12,9846.17,9,5,5,5,Champions
U003033,2025-09-04,3,1288.4,118,2,2,2,Hibernating
U003034,2025-12-17,5,4522.26,14,5,3,4,Potential Loyalists
U003035,2025-12-13,4,3626.06,18,4,3,4,Potential Loyalists
U003036,2025-11-30,9,4817.07,31,4,5,5,Champions
U003037,2025-08-27,4,1826.89,126,2,3,2,At Risk
U003038,2025-11-10,4,4828.110000000001,51,3,3,5,Potential Loyalists
U003039,2025-09-09,1,691.46,113,2,1,1,Hibernating
U003040,2025-12-14,3,896.36,17,5,2,1,New & Promising
U003041,2025-03-24,2,1078.06,282,1,1,1,Hibernating
U003042,2025-09-17,6,2563.35,105,2,4,3,Loyal
U003043,2025-12-29,5,3221.56,2,5,3,4,Potential Loyalists
U003044,2025-12-29,6,3970.0099999999998,2,5,4,4,Champions
U003045,2025-04-29,4,4700.5199999999995,246,1,3,4,At Risk
U003046,2025-11-06,7,4606.219999999999,55,3,4,4,Loyal
U003047,2025-07-08,2,1173.11,176,1,1,1,Hibernating
U003048,2025-09-20,4,2282.81,102,2,3,3,At Risk
U003049,2025-12-13,9,8708.83,18,4,5,5,Champions
U003050,2025-07-14,1,675.29,170,1,1,1,Hibernating
U003051,2025-09-15,3,3561.52,107,2,2,4,Hibernating
U003052,2025-04-30,2,818.1800000000001,245,1,1,1,Hibernating
U003053,2025-12-27,8,5026.09,4,5,5,5,Champions
U003054,2025-07-22,1,402.77,162,1,1,1,Hibernating
U003055,2025-11-27,10,5297.32,34,4,5,5,Champions
U003056,2025-10-25,7,4175.68,67,3,4,4,Loyal
U003057,2025-12-05,2,2461.7200000000003,26,4,1,3,New & Promising
U003060,2025-12-06,8,5200.23,25,4,5,5,Champions
U003061,2025-04-23,1,1070.13,252,1,1,1,Hibernating
U003062,2025-12-26,5,3170.91,5,5,3,3,Potential Loyalists
U003063,2025-12-13,8,7184.12,18,4,5,5,Champions
U003064,2025-08-25,3,912.51,128,2,2,1,Hibernating
U003065,2025-11-04,6,2462.17,57,3,4,3,Loyal
U003066,2025-07-21,7,2562.17,163,1,4,3,Loyal
U003067,2025-10-02,3,1299.8500000000001,90,2,2,2,Hibernating
U003068,2025-10-16,5,3730.29,76,2,3,4,At Risk
U003069,2025-12-02,6,3376.92,29,4,4,4,Champions
U003070,2025-10-11,2,759.96,81,2,1,1,Hibernating
U003071,2025-11-19,11,6756.2,42,3,5,5,Loyal
U003072,2025-11-09,7,4028.84,52,3,4,4,Loyal
U003073,2025-10-24,5,5514.03,68,2,3,5,At Risk
U003074,2025-08-17,3,1228.53,136,1,2,2,Hibernating
U003075,2025-10-26,2,1543.7,66,3,1,2,Potential Loyalists
U003076,2025-10-08,4,992.12,84,2,3,1,At Risk
U003077,2025-12-07,4,1683.26,24,4,3,2,Potential Loyalists
U003078,2025-09-12,3,3450.12,110,2,2,4,Hibernating
U003079,2025-09-09,3,802.59,113,2,2,1,Hibernating
U003080,2025-11-18,3,2171.92,43,3,2,3,Potential Loyalists
U003082,2025-12-22,9,4028.89,9,5,5,4,Champions
U003083,2025-12-31,3,2066.73,0,5,2,2,New & Promising
U003084,2025-06-21,1,521.97,193,1,1,1,Hibernating
U003085,2025-11-27,3,1742.04,34,4,2,2,New & Promising
U003086,2025-03-16,1,1676.09,290,1,1,2,Hibernating
U003087,2025-11-10,7,2887.18,51,3,4,3,Loyal
U003088,2025-11-05,5,5489.19,56,3,3,5,Potential Loyalists
U003089,2025-09-19,8,4666.01,103,2,5,4,Loyal
U003090,2025-02-13,1,218.13,321,1,1,1,Hibernating
U003091,2025-06-26,3,1955.09,188,1,2,2,Hibernating
U003092,2025-11-17,12,7027.73,44,3,5,5,Loyal
U003093,2025-11-25,8,6673.89,36,4,5,5,Champions
U003094,2025-12-11,5,2364.88,20,4,3,3,Potential Loyalists
U003095,2025-12-11,5,4657.52,20,4,3,4,Potential Loyalists
U003096,2025-01-23,1,299.27,342,1,1,1,Hibernating
U003097,2025-12-28,7,2696.63,3,5,4,3,Champions
U003098,2025-11-22,3,1864.85,39,3,2,2,Potential Loyalists
U003100,2025-12-11,3,952.73,20,4,2,1,New & Promising
U003101,2025-05-30,2,977.64,215,1,1,1,Hibernating
U003102,2025-12-25,3,2467.02,6,5,2,3,New & Promising
U003103,2025-12-30,6,4989.75,1,5,4,5,Champions
U003104,2025-12-16,10,9977.52,15,5,5,5,Champions
U003106,2025-11-10,1,523.41,51,3,1,1,Potential Loyalists
U003107,2025-12-17,3,899.52,14,5,2,1,New & Promising
U003109,2025-12-28,9,8146.67,3,5,5,5,Champions
U003110,2025-12-28,5,2472.76,3,5,3,3,Potential Loyalists
U003111,2025-12-02,2,858.97,29,4,1,1,New & Promising
U003112,2025-10-25,10,9215.050000000001,67,3,5,5,Loyal
U003113,2025-05-18,2,1516.1599999999999,227,1,1,2,Hibernating
U003114,2025-09-27,3,2154.3199999999997,95,2,2,3,Hibernating
U003115,2025-11-11,4,2038.6399999999999,50,3,3,2,Potential Loyalists
U003116,2025-10-07,1,522.77,85,2,1,1,Hibernating
U003117,2025-10-25,2,664.1700000000001,67,3,1,1,Potential Loyalists
U003118,2025-12-09,5,2162.81,22,4,3,3,Potential Loyalists
U003119,2025-06-04,1,1993.28,210,1,1,2,Hibernating
U003120,2025-12-26,8,4762.39,5,5,5,5,Champions
U003121,2025-12-06,10,8805.09,25,4,5,5,Champions
U003122,2025-12-31,11,5701.87,0,5,5,5,Champions
U003123,2025-12-26,5,2839.26,5,5,3,3,Potential Loyalists
U003124,2025-11-15,9,3928.97,46,3,5,4,Loyal
U003125,2025-11-11,4,2301.08,50,3,3,3,Potential Loyalists
U003126,2025-11-10,4,2374.2,51,3,3,3,Potential Loyalists
U003127,2025-12-28,9,5985.08,3,5,5,5,Champions
U003128,2025-12-13,9,4551.38,18,4,5,4,Champions
U003130,2025-09-10,5,2002.16,112,2,3,2,At Risk
U003131,2025-09-25,3,3120.3900000000003,97,2,2,3,Hibernating
U003132,2025-11-13,5,4538.83,48,3,3,4,Potential Loyalists
U003133,2025-09-05,1,1452.47,117,2,1,2,Hibernating
U003134,2025-12-17,6,5123.87,14,5,4,5,Champions
U003135,2025-12-13,3,1783.8600000000001,18,4,2,2,New & Promising
U003136,2025-12-27,4,3296.81,4,5,3,4,Potential Loyalists
U003137,2025-10-05,3,1688.8400000000001,87,2,2,2,Hibernating
U003138,2025-12-04,3,2315.7400000000002,27,4,2,3,New & Promising
U003139,2025-10-18,4,1440.6000000000001,74,2,3,2,At Risk
U003140,2025-09-06,3,2150.4,116,2,2,3,Hibernating
U003141,2025-05-26,2,624.6800000000001,219,1,1,1,Hibernating
U003142,2025-09-10,3,1147.8999999999999,112,2,2,1,Hibernating
U003143,2025-02-13,1,484.21,321,1,1,1,Hibernating
U003144,2025-10-18,9,7787.21,74,2,5,5,Loyal
U003145,2025-11-01,4,4803.46,60,3,3,5,Potential Loyalists
U003146,2025-10-15,6,3413.1,77,2,4,4,Loyal
U003147,2025-09-07,3,3400.38,115,2,2,4,Hibernating
U003148,2025-11-02,1,260.22,59,3,1,1,Potential Loyalists
U003149,2025-10-04,3,1531.53,88,2,2,2,Hibernating
U003150,2025-08-27,2,642.4300000000001,126,2,1,1,Hibernating
U003151,2025-04-15,2,1133.32,260,1,1,1,Hibernating
U003152,2025-12-15,7,4347.92,16,5,4,4,Champions
U003153,2025-07-12,5,4888.25,172,1,3,5,At Risk
U003154,2025-03-18,1,406.84,288,1,1,1,Hibernating
U003155,2025-01-11,1,1125.7,354,1,1,1,Hibernating
U003157,2025-10-20,6,2907.13,72,2,4,3,Loyal
U003158,2025-10-06,3,1318.54,86,2,2,2,Hibernating
U003159,2025-12-22,4,5607.54,9,5,3,5,Potential Loyalists
U003160,2025-12-31,3,2455.5,0,5,2,3,New & Promising
U003161,2025-12-31,5,2462.62,0,5,3,3,Potential Loyalists
U003162,2025-12-05,4,2143.21,26,4,3,3,Potential Loyalists
U003163,2025-12-03,1,303.86,28,4,1,1,New & Promising
U003164,2025-07-19,3,1823.74,165,1,2,2,Hibernating
U003165,2025-12-04,6,3376.75,27,4,4,4,Champions
U003166,2025-12-28,4,4639.17,3,5,3,4,Potential Loyalists
U003167,2025-10-21,4,5057.74,71,2,3,5,At Risk
U003168,2025-09-30,1,309.41,92,2,1,1,Hibernating
U003169,2025-12-25,10,5939.77,6,5,5,5,Champions
U003170,2025-11-09,4,2101.34,52,3,3,2,Potential Loyalists
U003171,2025-12-13,7,5500.03,18,4,4,5,Champions
U003172,2025-12-25,4,1904.49,6,5,3,2,Potential Loyalists
U003173,2025-12-10,7,2710.29,21,4,4,3,Champions
U003174,2025-12-06,5,2409.42,25,4,3,3,Potential Loyalists
U003175,2025-12-03,3,2000.8400000000001,28,4,2,2,New & Promising
U003176,2025-12-07,13,8361.35,24,4,5,5,Champions
U003177,2025-12-26,8,4948.42,5,5,5,5,Champions
U003178,2025-10-02,7,3363.55,90,2,4,4,Loyal
U003179,2025-12-09,4,1633.1299999999999,22,4,3,2,Potential Loyalists
U003180,2025-12-13,12,5684.66,18,4,5,5,Champions
U003181,2025-06-02,1,1230.0,212,1,1,2,Hibernating
U003182,2025-11-09,7,3178.1800000000003,52,3,4,3,Loyal
U003183,2025-11-23,6,3699.56,38,3,4,4,Loyal
U003184,2025-07-03,3,1143.81,181,1,2,1,Hibernating
U003185,2025-05-05,2,1237.31,240,1,1,2,Hibernating
U003186,2025-11-20,5,2640.83,41,3,3,3,Potential Loyalists
U003187,2025-12-05,3,1951.6,26,4,2,2,New & Promising
U003188,2025-09-08,2,1443.4,114,2,1,2,Hibernating
U003190,2025-08-08,2,1313.87,145,1,1,2,Hibernating
U003191,2025-12-15,5,3962.9300000000003,16,5,3,4,Potential Loyalists
U003192,2025-12-10,7,4506.71,21,4,4,4,Champions
U003193,2025-10-14,4,3230.25,78,2,3,4,At Risk
U003194,2025-11-10,8,5218.95,51,3,5,5,Loyal
U003195,2025-10-30,4,2853.12,62,3,3,3,Potential Loyalists
U003197,2025-04-02,1,1375.92,273,1,1,2,Hibernating
U003198,2025-12-26,4,1677.8200000000002,5,5,3,2,Potential Loyalists
U003199,2025-12-27,4,2331.5299999999997,4,5,3,3,Potential Loyalists
U003200,2025-11-03,6,3660.54,58,3,4,4,Loyal
U003201,2025-12-13,5,3762.91,18,4,3,4,Potential Loyalists
U003202,2025-12-14,6,4441.68,17,5,4,4,Champions
U003203,2025-12-20,5,2365.54,11,5,3,3,Potential Loyalists
U003204,2025-11-24,4,2990.64,37,4,3,3,Potential Loyalists
U003205,2025-12-24,12,6913.55,7,5,5,5,Champions
U003206,2025-11-12,13,7581.14,49,3,5,5,Loyal
U003207,2025-11-19,4,1926.9299999999998,42,3,3,2,Potential Loyalists
U003208,2025-12-09,3,2852.1000000000004,22,4,2,3,New & Promising
U003209,2025-12-15,7,3030.68,16,5,4,3,Champions
U003210,2025-07-20,2,1033.97,164,1,1,1,Hibernating
U003211,2025-05-11,2,2734.51,234,1,1,3,Hibernating
U003212,2025-12-30,8,4549.73,1,5,5,4,Champions
U003213,2025-12-13,7,4141.91,18,4,4,4,Champions
U003214,2025-12-12,2,2072.23,19,4,1,2,New & Promising
U003215,2025-11-15,2,1470.46,46,3,1,2,Potential Loyalists
U003216,2025-12-19,3,2101.99,12,5,2,2,New & Promising
U003218,2025-11-26,4,4469.78,35,4,3,4,Potential Loyalists
U003220,2025-11-29,6,3437.4300000000003,32,4,4,4,Champions
U003221,2025-10-25,6,3357.29,67,3,4,4,Loyal
U003222,2025-11-11,8,6329.0,50,3,5,5,Loyal
U003223,2025-11-08,7,3841.54,53,3,4,4,Loyal
U003224,2025-10-06,3,2652.06,86,2,2,3,Hibernating
U003225,2025-12-10,6,2724.9700000000003,21,4,4,3,Champions
U003226,2025-11-09,10,5580.66,52,3,5,5,Loyal
U003227,2025-09-06,4,1839.9,116,2,3,2,At Risk
U003228,2025-09-20,4,2580.86,102,2,3,3,At Risk
U003229,2025-11-06,2,996.97,55,3,1,1,Potential Loyalists
U003230,2025-12-19,3,2439.55,12,5,2,3,New & Promising
U003231,2025-12-11,1,523.62,20,4,1,1,New & Promising
U003232,2025-12-28,4,2368.7200000000003,3,5,3,3,Potential Loyalists
U003233,2025-12-05,5,4976.879999999999,26,4,3,5,Potential Loyalists
U003234,2025-12-25,7,6182.5599999999995,6,5,4,5,Champions
U003235,2025-12-04,17,10650.9,27,4,5,5,Champions
U003236,2025-12-26,7,5001.51,5,5,4,5,Champions
U003237,2025-11-01,2,402.45,60,3,1,1,Potential Loyalists
U003238,2025-12-13,8,3049.74,18,4,5,3,Champions
U003239,2025-09-09,4,2580.19,113,2,3,3,At Risk
U003240,2025-12-17,13,8590.47,14,5,5,5,Champions
U003241,2025-12-18,3,1403.97,13,5,2,2,New & Promising
U003242,2025-05-11,3,1563.8899999999999,234,1,2,2,Hibernating
U003243,2025-06-27,1,388.18,187,1,1,1,Hibernating
U003244,2025-11-08,7,3650.01,53,3,4,4,Loyal
U003245,2025-12-13,5,2615.31,18,4,3,3,Potential Loyalists
U003246,2025-04-27,3,2281.92,248,1,2,3,Hibernating
U003247,2025-10-06,5,3907.4700000000003,86,2,3,4,At Risk
U003248,2025-08-10,6,3790.44,143,1,4,4,Loyal
U003249,2025-09-09,2,1302.09,113,2,1,2,Hibernating
U003250,2025-12-28,7,4681.53,3,5,4,4,Champions
U003251,2025-08-05,3,1093.72,148,1,2,1,Hibernating
U003252,2025-11-19,6,3479.5,42,3,4,4,Loyal
U003253,2025-10-08,1,341.45,84,2,1,1,Hibernating
U003254,2025-12-07,8,4335.21,24,4,5,4,Champions
U003255,2025-10-16,1,299.24,76,2,1,1,Hibernating
U003256,2025-12-28,2,786.5799999999999,3,5,1,1,New & Promising
U003257,2025-09-13,7,3441.6,109,2,4,4,Loyal
U003258,2025-12-21,7,3804.52,10,5,4,4,Champions
U003260,2025-12-13,11,7252.27,18,4,5,5,Champions
U003262,2025-10-26,7,4945.639999999999,66,3,4,5,Loyal
U003263,2025-10-13,4,1971.55,79,2,3,2,At Risk
U003264,2025-11-01,7,3339.34,60,3,4,4,Loyal
U003265,2025-11-08,4,2101.22,53,3,3,2,Potential Loyalists
U003266,2025-12-07,2,801.13,24,4,1,1,New & Promising
U003267,2025-05-17,2,1635.59,228,1,1,2,Hibernating
U003268,2025-10-11,5,2997.99,81,2,3,3,At Risk
U003269,2025-11-18,9,4974.71,43,3,5,5,Loyal
U003271,2025-09-04,3,3702.09,118,2,2,4,Hibernating
U003272,2025-10-22,14,7004.84,70,2,5,5,Loyal
U003273,2025-12-12,3,1695.0900000000001,19,4,2,2,New & Promising
U003274,2025-12-13,2,1104.56,18,4,1,1,New & Promising
U003275,2025-11-18,4,1381.35,43,3,3,2,Potential Loyalists
U003276,2025-10-24,7,4380.97,68,2,4,4,Loyal
U003277,2025-10-02,6,2185.7200000000003,90,2,4,3,Loyal
U003278,2025-11-03,8,3516.02,58,3,5,4,Loyal
U003279,2025-09-10,2,696.07,112,2,1,1,Hibernating
U003280,2025-12-16,2,1082.18,15,5,1,1,New & Promising
U003281,2025-08-26,1,214.75,127,2,1,1,Hibernating
U003282,2025-12-25,12,7564.94,6,5,5,5,Champions
U003283,2025-12-20,10,6742.34,11,5,5,5,Champions
U003284,2025-11-05,4,2301.24,56,3,3,3,Potential Loyalists
U003285,2025-03-02,2,1297.75,304,1,1,2,Hibernating
U003286,2025-11-22,13,9433.85,39,3,5,5,Loyal
U003287,2025-04-22,1,522.91,253,1,1,1,Hibernating
U003288,2025-12-22,7,7384.39,9,5,4,5,Champions
U003289,2025-12-18,9,4562.17,13,5,5,4,Champions
U003291,2025-12-06,4,1118.47,25,4,3,1,Potential Loyalists
U003292,2025-11-16,5,2098.93,45,3,3,2,Potential Loyalists
U003293,2025-12-28,6,3276.19,3,5,4,4,Champions
U003294,2025-08-17,3,1137.99,136,1,2,1,Hibernating
U003295,2025-04-02,1,400.27,273,1,1,1,Hibernating
U003296,2025-11-24,7,4607.13,37,4,4,4,Champions
U003297,2025-10-17,3,1786.73,75,2,2,2,Hibernating
U003298,2025-11-02,3,2673.96,59,3,2,3,Potential Loyalists
U003299,2025-07-25,5,2640.96,159,1,3,3,At Risk
U003300,2025-10-24,2,2334.64,68,2,1,3,Hibernating
U003301,2025-05-15,1,1405.46,230,1,1,2,Hibernating
U003302,2025-10-02,6,5898.280000000001,90,2,4,5,Loyal
U003303,2025-12-14,6,4341.0,17,5,4,4,Champions
U003304,2025-06-07,2,906.11,207,1,1,1,Hibernating
U003305,2025-11-17,3,2627.0,44,3,2,3,Potential Loyalists
U003306,2025-10-27,6,9495.529999999999,65,3,4,5,Loyal
U003307,2025-12-31,3,1490.71,0,5,2,2,New & Promising
U003309,2025-12-11,6,2870.88,20,4,4,3,Champions
U003310,2025-12-26,8,3776.45,5,5,5,4,Champions
U003311,2025-12-31,2,638.11,0,5,1,1,New & Promising
U003312,2025-11-10,8,5417.75,51,3,5,5,Loyal
U003313,2025-09-19,9,4112.04,103,2,5,4,Loyal
U003314,2025-10-06,4,2552.19,86,2,3,3,At Risk
U003315,2025-11-13,6,5283.21,48,3,4,5,Loyal
U003316,2025-10-29,9,6581.23,63,3,5,5,Loyal
U003317,2025-11-21,7,5415.08,40,3,4,5,Loyal
U003318,2025-03-29,1,435.73,277,1,1,1,Hibernating
U003319,2025-11-10,1,1122.59,51,3,1,1,Potential Loyalists
U003320,2025-10-30,4,3189.29,62,3,3,3,Potential Loyalists
U003321,2025-12-30,7,5051.91,1,5,4,5,Champions
U003322,2025-10-04,11,7204.76,88,2,5,5,Loyal
U003323,2025-12-13,7,3353.34,18,4,4,4,Champions
U003324,2025-12-29,9,5032.43,2,5,5,5,Champions
U003325,2025-09-19,7,3751.04,103,2,4,4,Loyal
U003326,2025-12-27,14,5724.04,4,5,5,5,Champions
U003327,2025-11-11,3,1789.94,50,3,2,2,Potential Loyalists
U003328,2025-11-02,10,4582.08,59,3,5,4,Loyal
U003329,2025-11-29,8,4711.6,32,4,5,4,Champions
U003330,2025-11-30,5,3357.0499999999997,31,4,3,4,Potential Loyalists
U003331,2025-11-20,2,662.0,41,3,1,1,Potential Loyalists
U003332,2025-12-30,8,5794.54,1,5,5,5,Champions
U003333,2025-11-14,6,3140.7,47,3,4,3,Loyal
U003334,2025-09-26,9,3645.37,96,2,5,4,Loyal
U003335,2025-11-22,8,6505.23,39,3,5,5,Loyal
U003336,2025-10-21,2,845.6800000000001,71,2,1,1,Hibernating
U003337,2025-12-01,7,3969.66,30,4,4,4,Champions
U003338,2025-10-17,6,3107.45,75,2,4,3,Loyal
U003339,2025-08-08,6,2834.42,145,1,4,3,Loyal
U003340,2025-11-16,6,3191.68,45,3,4,3,Loyal
U003341,2025-12-16,2,1332.78,15,5,1,2,New & Promising
U003342,2025-12-23,8,4497.09,8,5,5,4,Champions
U003343,2025-11-10,2,1736.52,51,3,1,2,Potential Loyalists
U003344,2025-12-01,3,2569.46,30,4,2,3,New & Promising
U003345,2025-12-09,2,839.64,22,4,1,1,New & Promising
U003346,2025-09-18,1,430.8,104,2,1,1,Hibernating
U003347,2025-12-06,5,4230.53,25,4,3,4,Potential Loyalists
U003348,2025-11-12,7,3126.18,49,3,4,3,Loyal
U003349,2025-05-14,3,1120.89,231,1,2,1,Hibernating
U003350,2025-04-03,2,1014.24,272,1,1,1,Hibernating
U003351,2025-10-27,5,3588.17,65,3,3,4,Potential Loyalists
U003352,2025-11-27,2,859.22,34,4,1,1,New & Promising
U003353,2025-11-02,7,3161.16,59,3,4,3,Loyal
U003354,2025-10-07,1,543.88,85,2,1,1,Hibernating
U003355,2025-07-22,1,171.46,162,1,1,1,Hibernating
U003356,2025-11-12,3,2536.07,49,3,2,3,Potential Loyalists
U003357,2025-09-19,1,534.17,103,2,1,1,Hibernating
U003358,2025-11-02,6,3498.9300000000003,59,3,4,4,Loyal
U003359,2025-06-22,1,174.24,192,1,1,1,Hibernating
U003360,2025-12-21,8,3665.21,10,5,5,4,Champions
U003361,2025-12-11,6,2444.25,20,4,4,3,Champions
U003362,2025-12-12,8,7325.93,19,4,5,5,Champions
U003364,2025-12-28,3,821.63,3,5,2,1,New & Promising
U003365,2025-11-20,10,10833.2,41,3,5,5,Loyal
U003366,2025-11-15,7,6394.15,46,3,4,5,Loyal
U003367,2025-12-24,8,3622.56,7,5,5,4,Champions
U003368,2025-06-02,4,1935.83,212,1,3,2,At Risk
U003369,2025-12-28,2,1966.98,3,5,1,2,New & Promising
U003370,2025-07-21,2,1167.43,163,1,1,1,Hibernating
U003371,2025-06-22,3,975.01,192,1,2,1,Hibernating
U003372,2025-07-14,1,319.6,170,1,1,1,Hibernating
U003373,2025-05-18,1,114.14,227,1,1,1,Hibernating
U003374,2025-12-19,9,9491.25,12,5,5,5,Champions
U003375,2025-04-19,1,250.14,256,1,1,1,Hibernating
U003376,2025-06-25,2,724.54,189,1,1,1,Hibernating
U003377,2025-10-26,6,4729.46,66,3,4,4,Loyal
U003378,2025-02-12,2,1429.25,322,1,1,2,Hibernating
U003379,2025-05-12,2,893.53,233,1,1,1,Hibernating
U003381,2025-11-30,5,2297.5699999999997,31,4,3,3,Potential Loyalists
U003382,2025-07-19,2,634.4100000000001,165,1,1,1,Hibernating
U003383,2025-11-11,4,1905.48,50,3,3,2,Potential Loyalists
U003384,2025-10-02,4,1639.74,90,2,3,2,At Risk
U003385,2025-07-03,4,2254.22,181,1,3,3,At Risk
U003386,2025-11-04,5,2606.88,57,3,3,3,Potential Loyalists
U003387,2025-11-29,6,3659.0200000000004,32,4,4,4,Champions
U003388,2025-08-27,3,1707.1,126,2,2,2,Hibernating
U003390,2025-11-15,2,569.41,46,3,1,1,Potential Loyalists
U003391,2025-07-19,7,5010.24,165,1,4,5,Loyal
U003393,2025-11-27,6,4082.26,34,4,4,4,Champions
U003394,2025-11-06,6,3092.4,55,3,4,3,Loyal
U003395,2025-11-18,8,4444.1900000000005,43,3,5,4,Loyal
U003396,2025-11-16,8,6913.76,45,3,5,5,Loyal
U003397,2025-11-22,5,2160.16,39,3,3,3,Potential Loyalists
U003398,2025-12-16,15,7288.52,15,5,5,5,Champions
U003399,2025-08-06,2,1852.8700000000001,147,1,1,2,Hibernating
U003400,2025-08-08,2,689.03,145,1,1,1,Hibernating
U003401,2025-12-18,3,2069.02,13,5,2,2,New & Promising
U003402,2025-12-24,9,4485.15,7,5,5,4,Champions
U003403,2025-12-13,1,1729.62,18,4,1,2,New & Promising
U003404,2025-12-20,2,911.75,11,5,1,1,New & Promising
U003405,2025-11-02,5,2153.21,59,3,3,3,Potential Loyalists
U003406,2025-07-06,3,1244.0,178,1,2,2,Hibernating
U003407,2025-11-18,2,1604.22,43,3,1,2,Potential Loyalists
U003408,2025-11-30,3,2027.68,31,4,2,2,New & Promising
U003409,2025-12-01,6,2516.01,30,4,4,3,Champions
U003410,2025-09-20,3,1609.48,102,2,2,2,Hibernating
U003411,2025-12-25,7,4197.65,6,5,4,4,Champions
U003412,2025-12-28,2,442.84,3,5,1,1,New & Promising
U003413,2025-12-20,9,3906.45,11,5,5,4,Champions
U003414,2025-12-25,9,5706.83,6,5,5,5,Champions
U003415,2025-12-28,2,1345.44,3,5,1,2,New & Promising
U003416,2025-11-19,6,2563.29,42,3,4,3,Loyal
U003417,2025-12-19,2,1294.05,12,5,1,2,New & Promising
U003418,2025-05-16,2,1116.33,229,1,1,1,Hibernating
U003419,2025-12-22,8,5899.469999999999,9,5,5,5,Champions
U003420,2025-11-15,8,3773.9,46,3,5,4,Loyal
U003421,2025-12-11,4,2413.7799999999997,20,4,3,3,Potential Loyalists
U003422,2025-11-10,4,2264.07,51,3,3,3,Potential Loyalists
U003423,2025-11-25,2,688.45,36,4,1,1,New & Promising
U003424,2025-12-12,9,6487.650000000001,19,4,5,5,Champions
U003425,2025-11-17,6,3956.92,44,3,4,4,Loyal
U003426,2025-10-08,5,1836.3600000000001,84,2,3,2,At Risk
U003427,2025-12-13,3,2058.35,18,4,2,2,New & Promising
U003428,2025-12-27,12,5884.37,4,5,5,5,Champions
U003429,2025-09-21,3,575.0799999999999,101,2,2,1,Hibernating
U003430,2025-04-17,2,1401.8500000000001,258,1,1,2,Hibernating
U003431,2025-08-18,2,754.25,135,1,1,1,Hibernating
U003432,2025-12-22,10,8867.41,9,5,5,5,Champions
U003433,2025-11-26,7,2137.3599999999997,35,4,4,3,Champions
U003434,2025-12-26,3,2182.91,5,5,2,3,New & Promising
U003435,2025-12-31,7,5892.05,0,5,4,5,Champions
U003436,2025-12-06,6,4998.9,25,4,4,5,Champions
U003437,2025-07-20,4,2653.04,164,1,3,3,At Risk
U003438,2025-11-06,11,7834.58,55,3,5,5,Loyal
U003439,2025-06-21,2,826.28,193,1,1,1,Hibernating
U003440,2025-05-03,2,931.85,242,1,1,1,Hibernating
U003441,2025-08-25,2,452.58,128,2,1,1,Hibernating
U003442,2025-08-29,2,1041.37,124,2,1,1,Hibernating
U003443,2025-12-02,4,2840.37,29,4,3,3,Potential Loyalists
U003444,2025-10-27,4,2135.84,65,3,3,3,Potential Loyalists
U003445,2025-12-05,6,2525.97,26,4,4,3,Champions
U003447,2025-11-10,4,2021.68,51,3,3,2,Potential Loyalists
U003448,2025-10-06,3,1326.94,86,2,2,2,Hibernating
U003450,2025-10-22,4,1856.77,70,2,3,2,At Risk
U003451,2025-12-05,3,4299.469999999999,26,4,2,4,New & Promising
U003452,2025-12-19,3,1747.76,12,5,2,2,New & Promising
U003453,2025-05-23,4,1534.19,222,1,3,2,At Risk
U003454,2025-12-19,8,9966.28,12,5,5,5,Champions
U003455,2025-05-13,4,2447.24,232,1,3,3,At Risk
U003457,2025-10-20,6,5113.7300000000005,72,2,4,5,Loyal
U003458,2025-09-15,4,1414.96,107,2,3,2,At Risk
U003459,2025-08-03,2,1135.33,150,1,1,1,Hibernating
U003460,2025-12-01,8,3173.6,30,4,5,3,Champions
U003461,2025-09-27,5,2935.79,95,2,3,3,At Risk
U003462,2025-12-22,5,4536.42,9,5,3,4,Potential Loyalists
U003463,2025-09-21,8,4670.9,101,2,5,4,Loyal
U003464,2025-12-24,5,4083.54,7,5,3,4,Potential Loyalists
U003465,2025-09-17,5,2772.48,105,2,3,3,At Risk
U003466,2025-06-02,1,793.13,212,1,1,1,Hibernating
U003468,2025-07-25,3,2632.9900000000002,159,1,2,3,Hibernating
U003469,2025-12-19,10,5665.98,12,5,5,5,Champions
U003470,2025-11-03,7,3941.83,58,3,4,4,Loyal
U003471,2025-12-16,4,2760.06,15,5,3,3,Potential Loyalists
U003472,2025-12-22,8,4001.26,9,5,5,4,Champions
U003473,2025-12-28,2,1293.9099999999999,3,5,1,2,New & Promising
U003474,2025-09-25,3,940.79,97,2,2,1,Hibernating
U003475,2025-10-03,3,2011.5199999999998,89,2,2,2,Hibernating
U003476,2025-11-13,7,5802.4400000000005,48,3,4,5,Loyal
U003477,2025-09-27,3,1425.26,95,2,2,2,Hibernating
U003479,2025-12-31,7,3917.6600000000003,0,5,4,4,Champions
U003480,2025-12-11,8,2976.86,20,4,5,3,Champions
U003481,2025-12-15,15,8613.23,16,5,5,5,Champions
U003482,2025-11-21,2,1963.42,40,3,1,2,Potential Loyalists
U003483,2025-03-04,1,522.83,302,1,1,1,Hibernating
U003484,2025-10-16,5,4208.05,76,2,3,4,At Risk
U003485,2025-10-16,5,2292.5699999999997,76,2,3,3,At Risk
U003486,2025-12-26,9,3937.9,5,5,5,4,Champions
U003487,2025-12-02,8,5584.73,29,4,5,5,Champions
U003488,2025-01-21,1,1584.0,344,1,1,2,Hibernating
U003489,2025-08-14,3,1381.47,139,1,2,2,Hibernating
U003490,2025-09-12,1,706.71,110,2,1,1,Hibernating
U003491,2025-10-26,6,3252.8900000000003,66,3,4,4,Loyal
U003492,2025-11-12,4,2247.7,49,3,3,3,Potential Loyalists
U003493,2025-10-05,2,1018.1700000000001,87,2,1,1,Hibernating
U003494,2025-12-28,4,1851.66,3,5,3,2,Potential Loyalists
U003495,2025-12-05,4,1393.01,26,4,3,2,Potential Loyalists
U003496,2025-10-05,6,4100.59,87,2,4,4,Loyal
U003497,2025-12-14,9,6249.13,17,5,5,5,Champions
U003498,2025-12-12,7,6168.65,19,4,4,5,Champions
U003499,2025-11-28,8,3648.0699999999997,33,4,5,4,Champions
U003500,2025-08-31,6,4923.6,122,2,4,5,Loyal
U003501,2025-06-17,2,1284.05,197,1,1,2,Hibernating
U003502,2025-06-27,4,1852.26,187,1,3,2,At Risk
U003503,2025-12-30,8,3590.02,1,5,5,4,Champions
U003504,2025-11-26,5,2339.6800000000003,35,4,3,3,Potential Loyalists
U003505,2025-10-21,1,799.18,71,2,1,1,Hibernating
U003506,2025-12-09,3,3869.0400000000004,22,4,2,4,New & Promising
U003507,2025-11-11,9,9588.04,50,3,5,5,Loyal
U003508,2025-12-11,7,5954.59,20,4,4,5,Champions
U003509,2025-11-14,2,5190.349999999999,47,3,1,5,Potential Loyalists
U003510,2025-12-11,10,4088.94,20,4,5,4,Champions
U003512,2025-12-21,10,5594.21,10,5,5,5,Champions
U003513,2025-11-15,9,5434.72,46,3,5,5,Loyal
U003514,2025-12-21,4,7431.01,10,5,3,5,Potential Loyalists
U003515,2025-06-27,1,1288.46,187,1,1,2,Hibernating
U003516,2025-11-09,10,6621.35,52,3,5,5,Loyal
U003517,2025-12-07,6,3138.16,24,4,4,3,Champions
U003518,2025-11-10,2,665.5999999999999,51,3,1,1,Potential Loyalists
U003519,2025-08-01,3,2321.9,152,1,2,3,Hibernating
U003520,2025-12-21,4,3178.5699999999997,10,5,3,3,Potential Loyalists
U003521,2025-08-04,4,1766.0,149,1,3,2,At Risk
U003522,2025-07-22,5,3412.7599999999998,162,1,3,4,At Risk
U003523,2025-09-24,1,1224.0,98,2,1,2,Hibernating
U003524,2025-11-10,6,2580.33,51,3,4,3,Loyal
U003525,2025-02-19,1,580.9,315,1,1,1,Hibernating
U003526,2025-12-26,5,2527.12,5,5,3,3,Potential Loyalists
U003527,2025-12-27,9,5117.97,4,5,5,5,Champions
U003528,2025-10-05,5,2950.23,87,2,3,3,At Risk
U003529,2025-09-04,5,2591.08,118,2,3,3,At Risk
U003530,2025-09-19,4,3419.6499999999996,103,2,3,4,At Risk
U003532,2025-12-20,10,5143.79,11,5,5,5,Champions
U003533,2025-02-12,1,1091.74,322,1,1,1,Hibernating
U003534,2025-11-09,3,2134.12,52,3,2,3,Potential Loyalists
U003535,2025-11-23,6,5613.54,38,3,4,5,Loyal
U003536,2025-08-09,6,3213.75,144,1,4,4,Loyal
U003537,2025-11-03,5,3511.15,58,3,3,4,Potential Loyalists
U003538,2025-11-29,9,7881.61,32,4,5,5,Champions
U003539,2025-11-01,5,2366.27,60,3,3,3,Potential Loyalists
U003540,2025-04-14,1,802.0,261,1,1,1,Hibernating
U003541,2025-11-07,1,367.23,54,3,1,1,Potential Loyalists
U003542,2025-07-09,2,579.0,175,1,1,1,Hibernating
U003543,2025-11-01,4,2037.51,60,3,3,2,Potential Loyalists
U003544,2025-07-28,2,1079.99,156,1,1,1,Hibernating
U003545,2025-12-01,4,1507.12,30,4,3,2,Potential Loyalists
U003546,2025-12-24,5,2803.5299999999997,7,5,3,3,Potential Loyalists
U003547,2025-12-07,8,4069.63,24,4,5,4,Champions
U003548,2025-04-27,3,966.3899999999999,248,1,2,1,Hibernating
U003549,2025-10-26,4,2232.84,66,3,3,3,Potential Loyalists
U003550,2025-09-08,8,3629.54,114,2,5,4,Loyal
U003551,2025-10-17,4,1601.62,75,2,3,2,At Risk
U003552,2025-11-28,7,6396.82,33,4,4,5,Champions
U003553,2025-12-28,6,4041.1,3,5,4,4,Champions
U003554,2025-11-12,6,2278.06,49,3,4,3,Loyal
U003555,2025-09-01,5,4994.07,121,2,3,5,At Risk
U003556,2025-10-07,3,1955.72,85,2,2,2,Hibernating
U003557,2025-12-17,13,9158.72,14,5,5,5,Champions
U003558,2025-10-25,3,1616.86,67,3,2,2,Potential Loyalists
U003559,2025-11-18,6,2970.01,43,3,4,3,Loyal
U003560,2025-12-22,9,8054.04,9,5,5,5,Champions
U003561,2025-11-09,5,1336.1599999999999,52,3,3,2,Potential Loyalists
U003562,2025-10-10,1,537.51,82,2,1,1,Hibernating
U003563,2025-11-13,5,4782.6,48,3,3,5,Potential Loyalists
U003564,2025-11-24,3,1807.09,37,4,2,2,New & Promising
U003565,2025-12-04,5,2023.44,27,4,3,2,Potential Loyalists
U003566,2025-12-04,5,2515.6,27,4,3,3,Potential Loyalists
U003567,2025-12-04,3,1436.28,27,4,2,2,New & Promising
U003568,2025-12-22,7,5335.24,9,5,4,5,Champions
U003569,2025-09-12,2,866.5899999999999,110,2,1,1,Hibernating
U003570,2025-04-19,1,221.42,256,1,1,1,Hibernating
U003571,2025-02-04,1,172.47,330,1,1,1,Hibernating
U003572,2025-08-24,4,1512.01,129,1,3,2,At Risk
U003573,2025-12-24,11,9164.51,7,5,5,5,Champions
U003574,2025-10-14,8,4873.43,78,2,5,5,Loyal
U003575,2025-07-25,7,2681.19,159,1,4,3,Loyal
U003576,2025-11-15,3,1735.83,46,3,2,2,Potential Loyalists
U003577,2025-11-21,5,2809.09,40,3,3,3,Potential Loyalists
U003578,2025-12-11,7,4458.82,20,4,4,4,Champions
U003579,2025-05-25,3,2005.5500000000002,220,1,2,2,Hibernating
U003580,2025-12-10,4,1429.68,21,4,3,2,Potential Loyalists
U003581,2025-09-26,6,3068.12,96,2,4,3,Loyal
U003582,2025-11-25,5,3960.39,36,4,3,4,Potential Loyalists
U003583,2025-12-21,4,4724.09,10,5,3,4,Potential Loyalists
U003584,2025-07-27,2,3012.69,157,1,1,3,Hibernating
U003585,2025-11-10,7,6176.13,51,3,4,5,Loyal
U003586,2025-10-17,10,6203.48,75,2,5,5,Loyal
U003587,2025-12-29,11,6344.32,2,5,5,5,Champions
U003588,2025-12-03,9,7434.55,28,4,5,5,Champions
U003589,2025-12-04,8,4135.42,27,4,5,4,Champions
U003590,2025-10-28,3,1547.43,64,3,2,2,Potential Loyalists
U003591,2025-12-21,5,3174.6200000000003,10,5,3,3,Potential Loyalists
U003592,2025-10-27,7,3377.7799999999997,65,3,4,4,Loyal
U003593,2025-10-16,3,2711.7,76,2,2,3,Hibernating
U003594,2025-06-18,1,550.91,196,1,1,1,Hibernating
U003595,2025-10-19,3,2198.13,73,2,2,3,Hibernating
U003596,2025-11-29,8,5508.68,32,4,5,5,Champions
U003597,2025-12-04,3,1934.25,27,4,2,2,New & Promising
U003598,2025-11-25,5,5129.16,36,4,3,5,Potential Loyalists
U003599,2025-10-03,5,3781.75,89,2,3,4,At Risk
U003600,2025-11-13,7,7847.92,48,3,4,5,Loyal
U003601,2025-12-07,10,7320.66,24,4,5,5,Champions
U003602,2025-11-10,4,2808.02,51,3,3,3,Potential Loyalists
U003603,2025-12-20,6,4482.71,11,5,4,4,Champions
U003604,2025-10-16,2,1311.01,76,2,1,2,Hibernating
U003605,2025-11-16,4,1497.49,45,3,3,2,Potential Loyalists
U003606,2025-06-18,4,1843.47,196,1,3,2,At Risk
U003607,2025-12-31,10,5393.3,0,5,5,5,Champions
U003608,2025-09-24,2,432.85,98,2,1,1,Hibernating
U003609,2025-11-13,8,6014.91,48,3,5,5,Loyal
U003610,2025-12-13,9,5190.43,18,4,5,5,Champions
U003611,2025-11-18,11,8657.89,43,3,5,5,Loyal
U003612,2025-12-31,7,5244.5199999999995,0,5,4,5,Champions
U003613,2025-12-19,7,4463.05,12,5,4,4,Champions
U003614,2025-11-26,2,1775.53,35,4,1,2,New & Promising
U003615,2025-10-09,2,357.7,83,2,1,1,Hibernating
U003616,2025-11-12,3,1099.22,49,3,2,1,Potential Loyalists
U003617,2025-06-22,2,631.53,192,1,1,1,Hibernating
U003618,2025-12-27,3,2532.29,4,5,2,3,New & Promising
U003619,2025-10-27,8,6180.09,65,3,5,5,Loyal
U003620,2025-08-19,5,2233.63,134,1,3,3,At Risk
U003621,2025-11-26,4,1801.78,35,4,3,2,Potential Loyalists
U003622,2025-11-19,4,3033.06,42,3,3,3,Potential Loyalists
U003623,2025-10-07,7,3521.7200000000003,85,2,4,4,Loyal
U003625,2025-08-19,4,1470.98,134,1,3,2,At Risk
U003626,2025-10-02,3,1839.07,90,2,2,2,Hibernating
U003627,2025-12-17,12,8591.18,14,5,5,5,Champions
U003628,2025-12-28,11,7084.7,3,5,5,5,Champions
U003629,2025-10-14,9,3605.69,78,2,5,4,Loyal
U003630,2025-09-29,3,1279.1299999999999,93,2,2,2,Hibernating
U003631,2025-12-11,11,6773.11,20,4,5,5,Champions
U003632,2025-09-30,5,3164.61,92,2,3,3,At Risk
U003633,2025-11-10,6,2619.04,51,3,4,3,Loyal
U003634,2025-12-12,9,4902.53,19,4,5,5,Champions
U003635,2025-12-11,5,2757.12,20,4,3,3,Potential Loyalists
U003636,2025-11-29,10,5237.41,32,4,5,5,Champions
U003637,2025-11-14,5,3007.3599999999997,47,3,3,3,Potential Loyalists
U003638,2025-12-06,4,2006.81,25,4,3,2,Potential Loyalists
U003639,2025-09-23,4,3304.21,99,2,3,4,At Risk
U003640,2025-11-11,8,3268.19,50,3,5,4,Loyal
U003641,2025-12-13,4,1325.45,18,4,3,2,Potential Loyalists
U003642,2025-11-20,5,2344.92,41,3,3,3,Potential Loyalists
U003643,2025-11-15,6,2474.98,46,3,4,3,Loyal
U003644,2025-08-25,4,3572.92,128,2,3,4,At Risk
U003645,2025-09-03,4,1844.92,119,2,3,2,At Risk
U003647,2025-10-21,6,3009.04,71,2,4,3,Loyal
U003648,2025-11-08,4,1576.03,53,3,3,2,Potential Loyalists
U003649,2025-12-11,3,2249.87,20,4,2,3,New & Promising
U003650,2025-12-31,9,5536.64,0,5,5,5,Champions
U003651,2025-09-16,5,6260.3099999999995,106,2,3,5,At Risk
U003652,2025-12-28,2,815.61,3,5,1,1,New & Promising
U003653,2025-12-21,7,2891.36,10,5,4,3,Champions
U003654,2025-12-22,10,5556.63,9,5,5,5,Champions
U003655,2025-12-30,9,5808.72,1,5,5,5,Champions
U003656,2025-09-17,4,3326.62,105,2,3,4,At Risk
U003657,2025-12-22,5,3870.9400000000005,9,5,3,4,Potential Loyalists
U003658,2025-10-18,4,2374.8599999999997,74,2,3,3,At Risk
U003659,2025-12-14,3,5846.79,17,5,2,5,New & Promising
U003660,2025-11-12,5,2690.43,49,3,3,3,Potential Loyalists
U003661,2025-10-27,9,6884.72,65,3,5,5,Loyal
U003663,2025-12-08,5,2317.66,23,4,3,3,Potential Loyalists
U003664,2025-04-26,1,191.84,249,1,1,1,Hibernating
U003665,2025-11-17,5,2659.0,44,3,3,3,Potential Loyalists
U003667,2025-10-24,6,3203.52,68,2,4,4,Loyal
U003668,2025-12-23,9,5196.45,8,5,5,5,Champions
U003669,2025-12-31,12,11747.27,0,5,5,5,Champions
U003670,2025-10-16,4,2912.26,76,2,3,3,At Risk
U003671,2025-11-19,7,6267.66,42,3,4,5,Loyal
U003672,2025-12-22,4,3305.73,9,5,3,4,Potential Loyalists
U003673,2025-12-10,3,1619.6499999999999,21,4,2,2,New & Promising
U003674,2025-09-25,1,606.81,97,2,1,1,Hibernating
U003675,2025-12-06,12,6280.81,25,4,5,5,Champions
U003676,2025-07-10,1,1829.6,174,1,1,2,Hibernating
U003677,2025-11-08,5,3202.03,53,3,3,4,Potential Loyalists
U003678,2025-10-17,5,3106.73,75,2,3,3,At Risk
U003679,2025-09-04,4,2347.08,118,2,3,3,At Risk
U003680,2025-08-02,3,1216.34,151,1,2,2,Hibernating
U003681,2025-10-08,2,739.81,84,2,1,1,Hibernating
U003682,2025-12-29,4,2658.37,2,5,3,3,Potential Loyalists
U003683,2025-02-22,1,594.23,312,1,1,1,Hibernating
U003684,2025-03-23,1,463.5,283,1,1,1,Hibernating
U003685,2025-02-28,2,1328.75,306,1,1,2,Hibernating
U003686,2025-11-24,14,9007.54,37,4,5,5,Champions
U003687,2025-12-13,2,650.49,18,4,1,1,New & Promising
U003688,2025-12-19,16,7555.68,12,5,5,5,Champions
U003689,2025-12-10,2,872.52,21,4,1,1,New & Promising
U003690,2025-12-13,4,2868.34,18,4,3,3,Potential Loyalists
U003691,2025-10-21,1,553.93,71,2,1,1,Hibernating
U003692,2025-11-10,10,5775.72,51,3,5,5,Loyal
U003693,2025-12-08,2,1326.43,23,4,1,2,New & Promising
U003694,2025-12-17,6,3999.6600000000003,14,5,4,4,Champions
U003695,2025-06-17,3,2481.98,197,1,2,3,Hibernating
U003696,2025-12-07,3,2416.17,24,4,2,3,New & Promising
U003697,2025-06-13,1,420.74,201,1,1,1,Hibernating
U003698,2025-10-16,1,705.82,76,2,1,1,Hibernating
U003699,2025-09-13,1,177.52,109,2,1,1,Hibernating
U003700,2025-11-23,2,2638.7299999999996,38,3,1,3,Potential Loyalists
U003701,2025-01-18,1,395.8,347,1,1,1,Hibernating
U003702,2025-10-04,5,3182.75,88,2,3,3,At Risk
U003704,2025-08-16,1,510.57,137,1,1,1,Hibernating
U003705,2025-12-21,8,3714.77,10,5,5,4,Champions
U003706,2025-12-07,6,5654.83,24,4,4,5,Champions
U003707,2025-10-13,4,1432.79,79,2,3,2,At Risk
U003708,2025-11-29,4,1801.35,32,4,3,2,Potential Loyalists
U003709,2025-11-08,8,5828.09,53,3,5,5,Loyal
U003710,2025-08-07,3,1939.1,146,1,2,2,Hibernating
U003711,2025-05-27,2,913.48,218,1,1,1,Hibernating
U003712,2025-11-20,1,554.9,41,3,1,1,Potential Loyalists
U003713,2025-04-09,1,532.83,266,1,1,1,Hibernating
U003714,2025-10-12,1,408.92,80,2,1,1,Hibernating
U003715,2025-12-01,5,3568.8100000000004,30,4,3,4,Potential Loyalists
U003716,2025-12-02,11,4821.46,29,4,5,5,Champions
U003717,2025-11-11,6,5376.62,50,3,4,5,Loyal
U003718,2025-11-29,3,2013.06,32,4,2,2,New & Promising
U003719,2025-12-05,10,8682.14,26,4,5,5,Champions
U003720,2025-11-29,9,6133.91,32,4,5,5,Champions
U003721,2025-02-24,2,1880.93,310,1,1,2,Hibernating
U003722,2025-12-13,7,4731.14,18,4,4,4,Champions
U003723,2025-12-25,1,481.92,6,5,1,1,New & Promising
U003725,2025-09-09,3,1379.58,113,2,2,2,Hibernating
U003726,2025-11-16,3,1752.6499999999999,45,3,2,2,Potential Loyalists
U003728,2025-10-22,9,6823.4800000000005,70,2,5,5,Loyal
U003729,2025-12-12,11,8592.300000000001,19,4,5,5,Champions
U003730,2025-12-13,4,2809.2400000000002,18,4,3,3,Potential Loyalists
U003731,2025-10-22,9,3279.87,70,2,5,4,Loyal
U003732,2025-12-11,5,4070.5399999999995,20,4,3,4,Potential Loyalists
U003733,2025-12-03,10,7962.25,28,4,5,5,Champions
U003734,2025-12-29,7,4728.19,2,5,4,4,Champions
U003735,2025-09-30,4,1510.82,92,2,3,2,At Risk
U003736,2025-11-12,4,2412.61,49,3,3,3,Potential Loyalists
U003737,2025-12-25,4,2102.42,6,5,3,2,Potential Loyalists
U003738,2025-10-31,4,3955.34,61,3,3,4,Potential Loyalists
U003739,2025-12-15,8,6403.01,16,5,5,5,Champions
U003740,2025-07-28,7,4749.74,156,1,4,5,Loyal
U003741,2025-04-30,2,1141.6399999999999,245,1,1,1,Hibernating
U003742,2025-12-29,5,2921.4700000000003,2,5,3,3,Potential Loyalists
U003743,2025-11-07,4,3096.98,54,3,3,3,Potential Loyalists
U003744,2025-12-22,9,6851.86,9,5,5,5,Champions
U003745,2025-10-19,11,6233.49,73,2,5,5,Loyal
U003746,2025-12-16,10,6332.49,15,5,5,5,Champions
U003747,2025-08-03,4,2238.26,150,1,3,3,At Risk
U003748,2025-12-13,5,3501.71,18,4,3,4,Potential Loyalists
U003749,2025-12-06,4,2599.56,25,4,3,3,Potential Loyalists
U003751,2025-11-07,4,2253.01,54,3,3,3,Potential Loyalists
U003752,2025-10-20,2,1117.08,72,2,1,1,Hibernating
U003753,2025-10-10,7,4751.65,82,2,4,5,Loyal
U003754,2025-12-16,6,2787.0299999999997,15,5,4,3,Champions
U003755,2025-04-14,2,1006.35,261,1,1,1,Hibernating
U003756,2025-11-27,8,8200.34,34,4,5,5,Champions
U003757,2025-10-04,2,871.54,88,2,1,1,Hibernating
U003758,2025-11-17,7,4057.3500000000004,44,3,4,4,Loyal
U003759,2025-03-10,2,889.29,296,1,1,1,Hibernating
U003760,2025-10-26,5,3285.3900000000003,66,3,3,4,Potential Loyalists
U003762,2025-12-29,8,5861.36,2,5,5,5,Champions
U003763,2025-12-29,7,4417.03,2,5,4,4,Champions
U003764,2025-11-01,4,1064.3,60,3,3,1,Potential Loyalists
U003765,2025-09-11,3,1171.63,111,2,2,1,Hibernating
U003766,2025-10-08,4,3056.02,84,2,3,3,At Risk
U003767,2025-11-23,7,6056.83,38,3,4,5,Loyal
U003768,2025-12-04,6,3536.54,27,4,4,4,Champions
U003769,2025-11-16,9,3900.64,45,3,5,4,Loyal
U003770,2025-11-21,13,6868.07,40,3,5,5,Loyal
U003771,2025-03-09,1,1776.42,297,1,1,2,Hibernating
U003772,2025-11-29,4,2311.74,32,4,3,3,Potential Loyalists
U003773,2025-10-11,8,4620.21,81,2,5,4,Loyal
U003774,2025-07-11,4,3449.8700000000003,173,1,3,4,At Risk
U003775,2025-10-10,6,4151.09,82,2,4,4,Loyal
U003776,2025-12-12,7,6191.84,19,4,4,5,Champions
U003778,2025-08-11,3,1526.54,142,1,2,2,Hibernating
U003779,2025-12-11,8,6512.349999999999,20,4,5,5,Champions
U003780,2025-09-11,3,3147.76,111,2,2,3,Hibernating
U003781,2025-12-18,13,9225.09,13,5,5,5,Champions
U003782,2025-10-18,6,3146.9900000000002,74,2,4,3,Loyal
U003783,2025-11-16,3,1738.05,45,3,2,2,Potential Loyalists
U003784,2025-11-25,6,3681.56,36,4,4,4,Champions
U003785,2025-12-31,6,2595.3199999999997,0,5,4,3,Champions
U003786,2025-12-14,5,3328.29,17,5,3,4,Potential Loyalists
U003789,2025-10-10,2,615.24,82,2,1,1,Hibernating
U003790,2025-12-28,4,2550.16,3,5,3,3,Potential Loyalists
U003791,2025-03-30,1,388.95,276,1,1,1,Hibernating
U003792,2025-12-14,4,1792.5,17,5,3,2,Potential Loyalists
U003793,2025-11-09,6,6799.25,52,3,4,5,Loyal
U003794,2025-12-18,13,9101.17,13,5,5,5,Champions
U003795,2025-11-25,9,3562.11,36,4,5,4,Champions
U003796,2025-12-31,5,2428.81,0,5,3,3,Potential Loyalists
U003798,2025-10-12,6,4595.98,80,2,4,4,Loyal
U003799,2025-12-19,6,2547.06,12,5,4,3,Champions
U003800,2025-12-09,5,6408.38,22,4,3,5,Potential Loyalists
U003801,2025-12-07,12,8260.720000000001,24,4,5,5,Champions
U003802,2025-12-27,4,2229.79,4,5,3,3,Potential Loyalists
U003803,2025-12-25,4,2921.82,6,5,3,3,Potential Loyalists
U003804,2025-12-07,2,566.34,24,4,1,1,New & Promising
U003805,2025-10-11,8,4702.77,81,2,5,4,Loyal
U003806,2025-11-29,6,3430.76,32,4,4,4,Champions
U003807,2025-12-10,7,6344.97,21,4,4,5,Champions
U003808,2025-08-29,4,2701.15,124,2,3,3,At Risk
U003809,2025-11-30,10,5983.85,31,4,5,5,Champions
U003810,2025-11-22,2,998.63,39,3,1,1,Potential Loyalists
U003811,2025-08-11,3,2887.84,142,1,2,3,Hibernating
U003812,2025-12-23,4,3443.91,8,5,3,4,Potential Loyalists
U003813,2025-07-24,2,1637.92,160,1,1,2,Hibernating
U003814,2025-10-12,7,2937.6000000000004,80,2,4,3,Loyal
U003815,2025-12-10,1,300.7,21,4,1,1,New & Promising
U003816,2025-12-07,8,6250.139999999999,24,4,5,5,Champions
U003817,2025-05-26,3,1541.03,219,1,2,2,Hibernating
U003818,2025-11-19,5,2466.84,42,3,3,3,Potential Loyalists
U003819,2025-11-07,12,6890.25,54,3,5,5,Loyal
U003820,2025-09-28,6,4162.82,94,2,4,4,Loyal
U003821,2025-05-07,2,2897.75,238,1,1,3,Hibernating
U003822,2025-06-14,3,1210.72,200,1,2,2,Hibernating
U003823,2025-12-19,13,6417.36,12,5,5,5,Champions
U003824,2025-11-07,3,809.98,54,3,2,1,Potential Loyalists
U003825,2025-12-16,5,2333.03,15,5,3,3,Potential Loyalists
U003826,2025-10-23,1,2275.23,69,2,1,3,Hibernating
U003827,2025-12-25,7,5969.8099999999995,6,5,4,5,Champions
U003828,2025-12-22,8,3208.26,9,5,5,4,Champions
U003829,2025-10-07,2,1101.73,85,2,1,1,Hibernating
U003830,2025-10-18,5,1958.04,74,2,3,2,At Risk
U003831,2025-10-04,1,271.65,88,2,1,1,Hibernating
U003832,2025-11-11,7,5273.6,50,3,4,5,Loyal
U003833,2025-12-30,8,4168.38,1,5,5,4,Champions
U003834,2025-12-12,9,7524.91,19,4,5,5,Champions
U003835,2025-10-31,2,675.65,61,3,1,1,Potential Loyalists
U003836,2025-11-02,3,1407.95,59,3,2,2,Potential Loyalists
U003837,2025-12-11,6,2548.42,20,4,4,3,Champions
U003838,2025-10-18,10,4748.95,74,2,5,5,Loyal
U003839,2025-12-11,5,5178.9400000000005,20,4,3,5,Potential Loyalists
U003840,2025-11-26,4,2860.35,35,4,3,3,Potential Loyalists
U003841,2025-10-07,6,3627.16,85,2,4,4,Loyal
U003842,2025-10-27,9,5381.5,65,3,5,5,Loyal
U003843,2025-06-21,1,607.25,193,1,1,1,Hibernating
U003844,2025-12-25,4,1324.51,6,5,3,2,Potential Loyalists
U003845,2025-12-11,9,10680.289999999999,20,4,5,5,Champions
U003846,2025-12-11,4,2862.56,20,4,3,3,Potential Loyalists
U003847,2025-11-23,8,5552.92,38,3,5,5,Loyal
U003848,2025-12-01,5,4325.29,30,4,3,4,Potential Loyalists
U003849,2025-12-08,3,1415.06,23,4,2,2,New & Promising
U003850,2025-12-11,3,2868.59,20,4,2,3,New & Promising
U003851,2025-06-25,2,1492.54,189,1,1,2,Hibernating
U003852,2025-11-04,2,1197.04,57,3,1,2,Potential Loyalists
U003853,2025-12-27,12,7570.17,4,5,5,5,Champions
U003854,2025-12-18,8,3742.37,13,5,5,4,Champions
U003855,2025-10-16,5,2557.7200000000003,76,2,3,3,At Risk
U003856,2025-12-30,8,4130.05,1,5,5,4,Champions
U003857,2025-12-10,7,3489.5299999999997,21,4,4,4,Champions
U003858,2025-08-20,2,1838.46,133,1,1,2,Hibernating
U003859,2025-09-05,3,2466.5899999999997,117,2,2,3,Hibernating
U003860,2025-10-24,4,3432.7,68,2,3,4,At Risk
U003861,2025-04-05,1,276.39,270,1,1,1,Hibernating
U003862,2025-06-16,1,874.93,198,1,1,1,Hibernating
U003863,2025-11-06,8,6512.0199999999995,55,3,5,5,Loyal
U003864,2025-12-26,14,6548.38,5,5,5,5,Champions
U003865,2025-10-15,4,1471.21,77,2,3,2,At Risk
U003867,2025-04-23,2,1544.46,252,1,1,2,Hibernating
U003868,2025-06-24,4,1850.4499999999998,190,1,3,2,At Risk
U003869,2025-10-20,7,4561.29,72,2,4,4,Loyal
U003870,2025-06-17,2,1088.62,197,1,1,1,Hibernating
U003872,2025-10-29,4,1355.81,63,3,3,2,Potential Loyalists
U003873,2025-05-04,3,1054.74,241,1,2,1,Hibernating
U003874,2025-08-27,1,694.08,126,2,1,1,Hibernating
U003876,2025-12-20,8,7147.87,11,5,5,5,Champions
U003877,2025-07-04,2,1294.4,180,1,1,2,Hibernating
U003878,2025-12-13,7,2621.91,18,4,4,3,Champions
U003879,2025-12-24,4,2658.7799999999997,7,5,3,3,Potential Loyalists
U003880,2025-12-12,8,5169.9800000000005,19,4,5,5,Champions
U003881,2025-11-12,6,3451.35,49,3,4,4,Loyal
U003882,2025-12-01,4,2402.11,30,4,3,3,Potential Loyalists
U003883,2025-06-07,3,2371.03,207,1,2,3,Hibernating
U003884,2025-08-29,3,2345.64,124,2,2,3,Hibernating
U003885,2025-11-22,2,648.03,39,3,1,1,Potential Loyalists
U003886,2025-12-09,7,4652.81,22,4,4,4,Champions
U003887,2025-11-06,11,4350.17,55,3,5,4,Loyal
U003888,2025-11-16,8,3935.4,45,3,5,4,Loyal
U003889,2025-01-30,1,145.98,335,1,1,1,Hibernating
U003890,2025-12-02,6,2833.71,29,4,4,3,Champions
U003891,2025-12-13,7,3005.1,18,4,4,3,Champions
U003892,2025-12-13,10,8927.0,18,4,5,5,Champions
U003893,2025-09-20,5,3615.49,102,2,3,4,At Risk
U003894,2025-08-09,7,6594.55,144,1,4,5,Loyal
U003896,2025-11-15,4,2970.4399999999996,46,3,3,3,Potential Loyalists
U003897,2025-12-22,1,108.22,9,5,1,1,New & Promising
U003898,2025-01-04,1,238.75,361,1,1,1,Hibernating
U003899,2025-10-21,4,1233.5700000000002,71,2,3,2,At Risk
U003900,2025-11-12,1,233.58,49,3,1,1,Potential Loyalists
U003901,2025-11-24,5,2569.33,37,4,3,3,Potential Loyalists
U003902,2025-11-23,4,2873.72,38,3,3,3,Potential Loyalists
U003903,2025-12-25,6,4802.7300000000005,6,5,4,5,Champions
U003904,2025-12-13,3,1303.94,18,4,2,2,New & Promising
U003905,2025-12-21,2,687.45,10,5,1,1,New & Promising
U003907,2025-10-06,2,1522.4499999999998,86,2,1,2,Hibernating
U003909,2025-04-08,2,721.26,267,1,1,1,Hibernating
U003910,2025-12-13,4,2303.44,18,4,3,3,Potential Loyalists
U003911,2025-12-18,8,4358.23,13,5,5,4,Champions
U003912,2025-09-11,8,3771.38,111,2,5,4,Loyal
U003913,2025-11-07,4,1585.8400000000001,54,3,3,2,Potential Loyalists
U003914,2025-12-13,12,5060.62,18,4,5,5,Champions
U003915,2025-12-15,11,8812.98,16,5,5,5,Champions
U003916,2025-12-13,6,4087.6099999999997,18,4,4,4,Champions
U003917,2025-10-04,3,2842.29,88,2,2,3,Hibernating
U003918,2025-12-13,10,7713.82,18,4,5,5,Champions
U003919,2025-12-07,8,4748.88,24,4,5,5,Champions
U003920,2025-11-26,6,7306.5199999999995,35,4,4,5,Champions
U003921,2025-09-08,9,5461.41,114,2,5,5,Loyal
U003923,2025-04-18,2,1118.88,257,1,1,1,Hibernating
U003925,2025-12-31,3,2603.38,0,5,2,3,New & Promising
U003926,2025-12-14,3,1352.47,17,5,2,2,New & Promising
U003927,2025-07-12,1,272.0,172,1,1,1,Hibernating
U003928,2025-04-10,4,2766.4300000000003,265,1,3,3,At Risk
U003929,2025-12-24,1,107.84,7,5,1,1,New & Promising
U003930,2025-02-11,1,331.46,323,1,1,1,Hibernating
U003931,2025-09-20,8,5133.63,102,2,5,5,Loyal
U003932,2025-10-25,4,1867.6,67,3,3,2,Potential Loyalists
U003933,2025-10-23,4,3283.04,69,2,3,4,At Risk
U003934,2025-11-04,2,858.79,57,3,1,1,Potential Loyalists
U003935,2025-12-06,10,8279.87,25,4,5,5,Champions
U003936,2025-11-23,2,1440.0,38,3,1,2,Potential Loyalists
U003937,2025-12-04,5,2612.85,27,4,3,3,Potential Loyalists
U003938,2025-07-25,3,1552.4,159,1,2,2,Hibernating
U003939,2025-11-30,7,5670.62,31,4,4,5,Champions
U003940,2025-11-24,3,981.78,37,4,2,1,New & Promising
U003941,2025-07-29,1,709.05,155,1,1,1,Hibernating
U003942,2025-12-09,9,7385.18,22,4,5,5,Champions
U003943,2025-12-15,10,8383.54,16,5,5,5,Champions
U003944,2025-09-14,3,1175.47,108,2,2,1,Hibernating
U003945,2025-08-29,8,4610.11,124,2,5,4,Loyal
U003946,2025-07-01,1,256.35,183,1,1,1,Hibernating
U003947,2025-10-12,5,5731.7,80,2,3,5,At Risk
U003948,2025-10-14,2,1907.13,78,2,1,2,Hibernating
U003949,2025-12-29,6,6666.66,2,5,4,5,Champions
U003950,2025-09-14,3,2982.37,108,2,2,3,Hibernating
U003951,2025-11-03,5,2491.2,58,3,3,3,Potential Loyalists
U003952,2025-11-29,4,2950.7400000000002,32,4,3,3,Potential Loyalists
U003953,2025-01-28,1,1155.6,337,1,1,1,Hibernating
U003954,2025-12-12,1,524.68,19,4,1,1,New & Promising
U003955,2025-12-04,6,3417.3,27,4,4,4,Champions
U003956,2025-09-20,1,1506.98,102,2,1,2,Hibernating
U003957,2025-10-27,5,2870.11,65,3,3,3,Potential Loyalists
U003958,2025-11-29,5,2845.17,32,4,3,3,Potential Loyalists
U003959,2025-12-22,12,6008.51,9,5,5,5,Champions
U003960,2025-01-04,1,511.12,361,1,1,1,Hibernating
U003961,2025-12-23,6,3367.05,8,5,4,4,Champions
U003962,2025-08-05,2,4088.26,148,1,1,4,Hibernating
U003963,2025-11-21,4,2351.56,40,3,3,3,Potential Loyalists
U003964,2025-09-02,5,4236.09,120,2,3,4,At Risk
U003965,2025-09-14,4,2268.25,108,2,3,3,At Risk
U003966,2025-11-01,7,5129.8,60,3,4,5,Loyal
U003968,2025-11-13,3,1350.25,48,3,2,2,Potential Loyalists
U003969,2025-12-08,10,6118.57,23,4,5,5,Champions
U003970,2025-12-30,4,1738.97,1,5,3,2,Potential Loyalists
U003971,2025-01-09,1,1212.41,356,1,1,2,Hibernating
U003972,2025-11-09,8,5624.16,52,3,5,5,Loyal
U003973,2025-03-14,1,267.36,292,1,1,1,Hibernating
U003974,2025-12-07,9,6204.46,24,4,5,5,Champions
U003975,2025-11-07,6,5234.57,54,3,4,5,Loyal
U003976,2025-12-22,7,5717.15,9,5,4,5,Champions
U003977,2025-12-10,2,2515.0299999999997,21,4,1,3,New & Promising
U003978,2025-06-14,1,362.23,200,1,1,1,Hibernating
U003979,2025-12-13,5,2022.07,18,4,3,2,Potential Loyalists
U003980,2025-12-06,11,6502.13,25,4,5,5,Champions
U003981,2025-12-13,9,4083.1800000000003,18,4,5,4,Champions
U003983,2025-11-30,4,4659.41,31,4,3,4,Potential Loyalists
U003984,2025-03-26,2,1291.8600000000001,280,1,1,2,Hibernating
U003985,2025-11-20,2,702.39,41,3,1,1,Potential Loyalists
U003986,2025-12-04,3,2582.95,27,4,2,3,New & Promising
U003987,2025-11-11,7,4221.64,50,3,4,4,Loyal
U003988,2025-12-29,8,3182.36,2,5,5,3,Champions
U003989,2025-11-30,8,4182.1,31,4,5,4,Champions
U003990,2025-12-23,4,1510.06,8,5,3,2,Potential Loyalists
U003991,2025-12-26,2,1343.28,5,5,1,2,New & Promising
U003992,2025-05-18,4,2837.42,227,1,3,3,At Risk
U003993,2025-10-31,4,2491.3199999999997,61,3,3,3,Potential Loyalists
U003994,2025-04-03,1,624.67,272,1,1,1,Hibernating
U003995,2025-12-25,4,2366.25,6,5,3,3,Potential Loyalists
U003996,2025-08-22,1,553.42,131,1,1,1,Hibernating
U003997,2025-11-30,5,3517.87,31,4,3,4,Potential Loyalists
U003998,2025-12-27,8,3849.56,4,5,5,4,Champions
U003999,2025-11-29,5,1625.41,32,4,3,2,Potential Loyalists
U004000,2025-11-19,5,2249.83,42,3,3,3,Potential Loyalists
U004002,2025-09-24,3,2404.56,98,2,2,3,Hibernating
U004004,2025-12-16,5,2075.11,15,5,3,2,Potential Loyalists
U004005,2025-12-26,8,3159.88,5,5,5,3,Champions
U004006,2025-11-24,4,2288.81,37,4,3,3,Potential Loyalists
U004007,2025-01-15,1,276.01,350,1,1,1,Hibernating
U004008,2025-07-22,7,3890.9,162,1,4,4,Loyal
U004009,2025-12-22,9,4748.4400000000005,9,5,5,5,Champions
U004010,2025-08-06,7,3358.46,147,1,4,4,Loyal
U004011,2025-10-02,5,2264.66,90,2,3,3,At Risk
U004012,2025-11-08,10,6752.25,53,3,5,5,Loyal
U004013,2025-11-29,5,3308.77,32,4,3,4,Potential Loyalists
U004014,2025-11-19,5,4674.1900000000005,42,3,3,4,Potential Loyalists
U004015,2025-11-06,4,2167.47,55,3,3,3,Potential Loyalists
U004016,2025-12-03,4,2484.91,28,4,3,3,Potential Loyalists
U004017,2025-05-10,1,186.65,235,1,1,1,Hibernating
U004018,2025-12-06,10,6701.64,25,4,5,5,Champions
U004019,2025-12-20,4,2536.11,11,5,3,3,Potential Loyalists
U004020,2025-12-27,6,4778.13,4,5,4,5,Champions
U004021,2025-12-13,7,4135.51,18,4,4,4,Champions
U004022,2025-12-31,5,2074.55,0,5,3,2,Potential Loyalists
U004023,2025-11-16,2,1246.09,45,3,1,2,Potential Loyalists
U004024,2025-12-14,18,11286.109999999999,17,5,5,5,Champions
U004025,2025-10-19,3,1582.87,73,2,2,2,Hibernating
U004026,2025-08-10,2,3429.42,143,1,1,4,Hibernating
U004027,2025-09-09,4,1952.66,113,2,3,2,At Risk
U004028,2025-11-11,7,2874.86,50,3,4,3,Loyal
U004029,2025-05-04,3,2026.26,241,1,2,2,Hibernating
U004030,2025-10-12,3,1096.4499999999998,80,2,2,1,Hibernating
U004031,2025-12-14,7,4395.78,17,5,4,4,Champions
U004032,2025-09-09,4,2211.87,113,2,3,3,At Risk
U004033,2025-06-16,4,1336.67,198,1,3,2,At Risk
U004034,2025-12-17,10,6178.96,14,5,5,5,Champions
U004035,2025-11-01,4,4955.54,60,3,3,5,Potential Loyalists
U004036,2025-03-05,1,564.31,301,1,1,1,Hibernating
U004037,2025-12-03,7,5155.639999999999,28,4,4,5,Champions
U004038,2025-09-05,3,2527.59,117,2,2,3,Hibernating
U004039,2025-09-11,1,834.34,111,2,1,1,Hibernating
U004040,2025-11-04,5,2699.8,57,3,3,3,Potential Loyalists
U004041,2025-12-13,4,1900.95,18,4,3,2,Potential Loyalists
U004042,2025-10-04,1,802.07,88,2,1,1,Hibernating
U004043,2025-07-08,2,1063.44,176,1,1,1,Hibernating
U004044,2025-04-13,1,1112.21,262,1,1,1,Hibernating
U004045,2025-08-13,2,1245.56,140,1,1,2,Hibernating
U004046,2025-06-19,2,2135.95,195,1,1,3,Hibernating
U004047,2025-12-04,3,2608.8900000000003,27,4,2,3,New & Promising
U004048,2025-12-28,10,5782.65,3,5,5,5,Champions
U004049,2025-12-11,2,799.19,20,4,1,1,New & Promising
U004050,2025-03-02,2,1158.1399999999999,304,1,1,1,Hibernating
U004051,2025-10-03,8,5440.63,89,2,5,5,Loyal
U004052,2025-07-21,5,2394.49,163,1,3,3,At Risk
U004053,2025-10-11,12,9376.16,81,2,5,5,Loyal
U004054,2025-12-11,4,3078.06,20,4,3,3,Potential Loyalists
U004055,2025-10-25,2,1256.35,67,3,1,2,Potential Loyalists
U004056,2025-11-08,4,3136.4,53,3,3,3,Potential Loyalists
U004057,2025-08-20,2,1015.38,133,1,1,1,Hibernating
U004058,2025-05-31,1,1043.87,214,1,1,1,Hibernating
U004059,2025-11-30,11,8931.11,31,4,5,5,Champions
U004060,2025-12-06,3,725.38,25,4,2,1,New & Promising
U004061,2025-11-22,12,7031.9,39,3,5,5,Loyal
U004062,2025-10-06,6,6498.86,86,2,4,5,Loyal
U004063,2025-12-23,11,5971.92,8,5,5,5,Champions
U004064,2025-12-22,9,7488.82,9,5,5,5,Champions
U004065,2025-10-25,5,3005.09,67,3,3,3,Potential Loyalists
U004067,2025-12-26,8,4549.33,5,5,5,4,Champions
U004068,2025-12-22,2,891.44,9,5,1,1,New & Promising
U004069,2025-09-04,8,4655.0,118,2,5,4,Loyal
U004070,2025-12-28,8,3491.6099999999997,3,5,5,4,Champions
U004072,2025-11-09,2,1136.96,52,3,1,1,Potential Loyalists
U004073,2025-03-12,2,710.0699999999999,294,1,1,1,Hibernating
U004074,2025-09-26,5,4093.55,96,2,3,4,At Risk
U004075,2025-11-22,1,1143.19,39,3,1,1,Potential Loyalists
U004076,2025-12-27,5,2307.84,4,5,3,3,Potential Loyalists
U004077,2025-10-07,7,2565.82,85,2,4,3,Loyal
U004078,2025-10-05,2,1755.64,87,2,1,2,Hibernating
U004080,2025-12-16,2,1591.67,15,5,1,2,New & Promising
U004081,2025-12-27,10,8248.21,4,5,5,5,Champions
U004082,2025-10-04,2,1404.95,88,2,1,2,Hibernating
U004083,2025-12-13,6,3216.67,18,4,4,4,Champions
U004084,2025-12-20,8,5451.16,11,5,5,5,Champions
U004085,2025-10-25,3,2342.26,67,3,2,3,Potential Loyalists
U004086,2025-11-05,6,5103.84,56,3,4,5,Loyal
U004087,2025-12-31,3,1440.19,0,5,2,2,New & Promising
U004088,2025-12-07,5,1990.1100000000001,24,4,3,2,Potential Loyalists
U004089,2025-11-02,5,2492.74,59,3,3,3,Potential Loyalists
U004090,2025-11-10,6,2768.61,51,3,4,3,Loyal
U004091,2025-11-10,2,1154.06,51,3,1,1,Potential Loyalists
U004092,2025-09-03,2,1061.61,119,2,1,1,Hibernating
U004093,2025-11-25,4,1970.9699999999998,36,4,3,2,Potential Loyalists
U004094,2025-10-15,3,2821.69,77,2,2,3,Hibernating
U004095,2025-12-02,2,915.3,29,4,1,1,New & Promising
U004096,2025-05-26,3,861.2199999999999,219,1,2,1,Hibernating
U004097,2025-11-18,7,3711.66,43,3,4,4,Loyal
U004098,2025-11-30,5,2459.94,31,4,3,3,Potential Loyalists
U004099,2025-09-29,5,3601.09,93,2,3,4,At Risk
U004100,2025-12-30,2,734.76,1,5,1,1,New & Promising
U004101,2025-11-25,5,2712.46,36,4,3,3,Potential Loyalists
U004102,2025-04-07,2,951.4300000000001,268,1,1,1,Hibernating
U004103,2025-11-10,4,2284.23,51,3,3,3,Potential Loyalists
U004104,2025-07-09,4,2150.94,175,1,3,3,At Risk
U004105,2025-07-23,2,2431.6,161,1,1,3,Hibernating
U004106,2025-08-14,2,698.24,139,1,1,1,Hibernating
U004107,2025-12-15,6,6466.110000000001,16,5,4,5,Champions
U004108,2025-12-11,2,741.89,20,4,1,1,New & Promising
U004109,2025-06-14,2,905.45,200,1,1,1,Hibernating
U004111,2025-12-07,6,7430.87,24,4,4,5,Champions
U004112,2025-11-06,6,3102.24,55,3,4,3,Loyal
U004113,2025-11-07,3,2995.64,54,3,2,3,Potential Loyalists
U004114,2025-09-10,4,1563.86,112,2,3,2,At Risk
U004115,2025-05-25,2,1667.46,220,1,1,2,Hibernating
U004116,2025-10-17,3,668.06,75,2,2,1,Hibernating
U004117,2025-12-10,6,5127.47,21,4,4,5,Champions
U004118,2025-08-19,3,3542.43,134,1,2,4,Hibernating
U004119,2025-12-13,4,1695.7600000000002,18,4,3,2,Potential Loyalists
U004120,2025-12-19,11,6340.78,12,5,5,5,Champions
U004121,2025-10-19,6,2211.85,73,2,4,3,Loyal
U004122,2025-12-26,1,661.63,5,5,1,1,New & Promising
U004123,2025-10-21,4,1877.1000000000001,71,2,3,2,At Risk
U004124,2025-11-02,2,724.24,59,3,1,1,Potential Loyalists
U004125,2025-11-14,5,5604.99,47,3,3,5,Potential Loyalists
U004126,2025-10-25,2,2000.2,67,3,1,2,Potential Loyalists
U004127,2025-09-12,7,4259.02,110,2,4,4,Loyal
U004128,2025-12-29,5,2134.7999999999997,2,5,3,3,Potential Loyalists
U004129,2025-05-02,2,673.85,243,1,1,1,Hibernating
U004130,2025-11-29,4,3680.3199999999997,32,4,3,4,Potential Loyalists
U004131,2025-10-25,1,282.0,67,3,1,1,Potential Loyalists
U004132,2025-12-21,9,4857.95,10,5,5,5,Champions
U004133,2025-10-26,1,448.22,66,3,1,1,Potential Loyalists
U004134,2025-11-09,6,2716.1,52,3,4,3,Loyal
U004135,2025-11-18,10,7477.7,43,3,5,5,Loyal
U004136,2025-12-29,3,1070.76,2,5,2,1,New & Promising
U004137,2025-12-29,9,4425.0,2,5,5,4,Champions
U004138,2025-12-13,8,4438.35,18,4,5,4,Champions
U004139,2025-02-21,1,344.0,313,1,1,1,Hibernating
U004140,2025-10-30,9,5453.57,62,3,5,5,Loyal
U004141,2025-12-30,8,4612.66,1,5,5,4,Champions
U004142,2025-12-28,5,1596.56,3,5,3,2,Potential Loyalists
U004143,2025-12-06,9,6831.36,25,4,5,5,Champions
U004144,2025-08-27,5,3883.9300000000003,126,2,3,4,At Risk
U004145,2025-12-12,12,6669.13,19,4,5,5,Champions
U004147,2025-10-13,3,1350.3400000000001,79,2,2,2,Hibernating
U004148,2025-04-16,1,1236.27,259,1,1,2,Hibernating
U004149,2025-10-11,6,3809.2,81,2,4,4,Loyal
U004150,2025-11-25,7,2723.39,36,4,4,3,Champions
U004152,2025-12-15,2,3813.1,16,5,1,4,New & Promising
U004153,2025-10-17,3,1858.31,75,2,2,2,Hibernating
U004154,2025-12-26,8,6469.75,5,5,5,5,Champions
U004155,2025-12-17,8,8720.77,14,5,5,5,Champions
U004156,2025-12-22,16,7904.06,9,5,5,5,Champions
U004157,2025-12-15,9,7509.62,16,5,5,5,Champions
U004158,2025-12-24,7,8046.43,7,5,4,5,Champions
U004159,2025-12-13,9,4099.55,18,4,5,4,Champions
U004160,2025-09-17,6,4682.53,105,2,4,4,Loyal
U004161,2025-10-24,4,4772.73,68,2,3,5,At Risk
U004162,2025-12-16,6,4265.6,15,5,4,4,Champions
U004163,2025-08-17,2,616.04,136,1,1,1,Hibernating
U004164,2025-08-03,5,4482.360000000001,150,1,3,4,At Risk
U004165,2025-11-26,5,3980.04,35,4,3,4,Potential Loyalists
U004167,2025-09-09,2,2549.1800000000003,113,2,1,3,Hibernating
U004168,2025-12-12,7,4883.18,19,4,4,5,Champions
U004169,2025-12-29,13,9468.69,2,5,5,5,Champions
U004170,2025-12-09,3,2677.3599999999997,22,4,2,3,New & Promising
U004171,2025-10-07,5,2134.21,85,2,3,3,At Risk
U004172,2025-10-03,6,2432.09,89,2,4,3,Loyal
U004173,2025-12-14,2,739.6500000000001,17,5,1,1,New & Promising
U004174,2025-10-14,3,2113.17,78,2,2,2,Hibernating
U004175,2025-12-16,7,4476.47,15,5,4,4,Champions
U004176,2025-11-15,6,4503.39,46,3,4,4,Loyal
U004177,2025-09-09,2,3147.56,113,2,1,3,Hibernating
U004178,2025-08-06,7,3078.2,147,1,4,3,Loyal
U004179,2025-09-04,5,2138.64,118,2,3,3,At Risk
U004180,2025-10-05,1,557.0,87,2,1,1,Hibernating
U004181,2025-08-13,3,1715.0700000000002,140,1,2,2,Hibernating
U004182,2025-12-08,3,1055.1299999999999,23,4,2,1,New & Promising
U004183,2025-10-12,1,1433.88,80,2,1,2,Hibernating
U004184,2025-10-08,2,726.1600000000001,84,2,1,1,Hibernating
U004185,2025-10-02,2,1505.3899999999999,90,2,1,2,Hibernating
U004186,2025-12-23,3,1455.08,8,5,2,2,New & Promising
U004187,2025-11-16,10,6726.25,45,3,5,5,Loyal
U004188,2025-11-08,8,4050.68,53,3,5,4,Loyal
U004189,2025-12-17,3,1055.41,14,5,2,1,New & Promising
U004190,2025-11-29,3,1703.51,32,4,2,2,New & Promising
U004191,2025-12-11,4,2167.0,20,4,3,3,Potential Loyalists
U004192,2025-10-10,6,6029.21,82,2,4,5,Loyal
U004193,2025-04-26,1,308.03,249,1,1,1,Hibernating
U004194,2025-07-03,1,759.69,181,1,1,1,Hibernating
U004195,2025-09-20,5,3922.9700000000003,102,2,3,4,At Risk
U004196,2025-11-28,3,2997.01,33,4,2,3,New & Promising
U004197,2025-12-03,10,4322.66,28,4,5,4,Champions
U004199,2025-12-01,6,3538.52,30,4,4,4,Champions
U004200,2025-10-09,4,2457.37,83,2,3,3,At Risk
U004201,2025-12-11,3,1406.33,20,4,2,2,New & Promising
U004202,2025-12-28,2,2572.08,3,5,1,3,New & Promising
U004203,2025-10-02,6,3307.51,90,2,4,4,Loyal
U004204,2025-12-23,10,7157.65,8,5,5,5,Champions
U004205,2025-03-28,1,947.72,278,1,1,1,Hibernating
U004206,2025-07-04,6,2912.12,180,1,4,3,Loyal
U004207,2025-11-20,11,5234.05,41,3,5,5,Loyal
U004208,2025-12-13,6,3749.1,18,4,4,4,Champions
U004209,2025-10-15,2,2210.84,77,2,1,3,Hibernating
U004210,2025-09-08,3,4507.85,114,2,2,4,Hibernating
U004211,2025-10-30,6,3060.9,62,3,4,3,Loyal
U004212,2025-07-22,2,441.78,162,1,1,1,Hibernating
U004213,2025-12-14,6,2492.71,17,5,4,3,Champions
U004214,2025-11-18,4,2604.35,43,3,3,3,Potential Loyalists
U004215,2025-11-24,5,3459.86,37,4,3,4,Potential Loyalists
U004216,2025-12-11,4,3255.83,20,4,3,4,Potential Loyalists
U004217,2025-09-08,4,1551.3000000000002,114,2,3,2,At Risk
U004218,2025-11-14,5,4055.16,47,3,3,4,Potential Loyalists
U004219,2025-08-31,7,3651.48,122,2,4,4,Loyal
U004220,2025-12-11,11,9537.970000000001,20,4,5,5,Champions
U004221,2025-09-09,1,365.02,113,2,1,1,Hibernating
U004222,2025-10-16,2,833.61,76,2,1,1,Hibernating
U004223,2025-12-21,9,3904.58,10,5,5,4,Champions
U004224,2025-08-27,7,3445.5,126,2,4,4,Loyal
U004225,2025-11-09,7,6457.07,52,3,4,5,Loyal
U004226,2025-12-12,4,1713.1799999999998,19,4,3,2,Potential Loyalists
U004227,2025-08-22,5,2031.6100000000001,131,1,3,2,At Risk
U004228,2025-08-24,11,4315.68,129,1,5,4,Loyal
U004229,2025-10-25,5,4265.49,67,3,3,4,Potential Loyalists
U004230,2025-12-29,10,7490.14,2,5,5,5,Champions
U004231,2025-12-16,6,2877.4300000000003,15,5,4,3,Champions
U004232,2025-12-10,15,9595.08,21,4,5,5,Champions
U004233,2025-06-09,3,3901.61,205,1,2,4,Hibernating
U004234,2025-10-09,2,905.02,83,2,1,1,Hibernating
U004235,2025-11-06,11,6489.15,55,3,5,5,Loyal
U004236,2025-11-16,4,2147.9300000000003,45,3,3,3,Potential Loyalists
U004237,2025-12-17,10,6615.589999999999,14,5,5,5,Champions
U004238,2025-11-09,4,2732.33,52,3,3,3,Potential Loyalists
U004239,2025-09-19,8,4672.54,103,2,5,4,Loyal
U004240,2025-12-01,8,3878.81,30,4,5,4,Champions
U004241,2025-11-16,8,3336.05,45,3,5,4,Loyal
U004242,2025-06-30,2,1317.7,184,1,1,2,Hibernating
U004243,2025-12-26,3,2237.81,5,5,2,3,New & Promising
U004244,2025-11-23,7,5532.84,38,3,4,5,Loyal
U004245,2025-09-07,2,2293.8599999999997,115,2,1,3,Hibernating
U004246,2025-11-04,6,3956.05,57,3,4,4,Loyal
U004247,2025-12-17,11,10166.96,14,5,5,5,Champions
U004248,2025-12-12,15,7862.77,19,4,5,5,Champions
U004249,2025-10-30,3,4223.98,62,3,2,4,Potential Loyalists
U004250,2025-12-16,1,632.2,15,5,1,1,New & Promising
U004251,2025-10-26,2,1406.8600000000001,66,3,1,2,Potential Loyalists
U004252,2025-11-16,4,1957.15,45,3,3,2,Potential Loyalists
U004253,2025-11-27,8,2889.54,34,4,5,3,Champions
U004254,2025-04-22,1,931.65,253,1,1,1,Hibernating
U004255,2025-12-01,6,4018.07,30,4,4,4,Champions
U004256,2025-10-22,5,1861.3400000000001,70,2,3,2,At Risk
U004257,2025-10-24,7,3505.25,68,2,4,4,Loyal
U004258,2025-12-14,4,2366.11,17,5,3,3,Potential Loyalists
U004259,2025-10-17,7,4001.2400000000002,75,2,4,4,Loyal
U004260,2025-11-23,4,2364.3,38,3,3,3,Potential Loyalists
U004261,2025-10-30,5,3899.32,62,3,3,4,Potential Loyalists
U004262,2025-12-07,3,2070.5,24,4,2,2,New & Promising
U004263,2025-07-13,1,813.0,171,1,1,1,Hibernating
U004264,2025-07-18,2,1327.46,166,1,1,2,Hibernating
U004265,2025-11-11,8,2336.38,50,3,5,3,Loyal
U004266,2025-10-27,2,1805.43,65,3,1,2,Potential Loyalists
U004267,2025-10-25,5,4022.12,67,3,3,4,Potential Loyalists
U004268,2025-07-18,4,4363.71,166,1,3,4,At Risk
U004269,2025-09-06,7,3416.31,116,2,4,4,Loyal
U004270,2025-09-06,6,4561.0599999999995,116,2,4,4,Loyal
U004271,2025-12-01,4,3219.19,30,4,3,4,Potential Loyalists
U004272,2025-12-06,6,4765.72,25,4,4,5,Champions
U004273,2025-06-14,3,1258.82,200,1,2,2,Hibernating
U004274,2025-10-09,4,3719.25,83,2,3,4,At Risk
U004276,2025-04-18,2,655.81,257,1,1,1,Hibernating
U004277,2025-09-19,5,2961.2400000000002,103,2,3,3,At Risk
U004278,2025-12-13,12,7170.42,18,4,5,5,Champions
U004279,2025-07-29,3,2132.27,155,1,2,3,Hibernating
U004280,2025-11-19,3,2033.82,42,3,2,2,Potential Loyalists
U004281,2025-10-12,12,6529.9,80,2,5,5,Loyal
U004282,2025-08-12,4,2146.08,141,1,3,3,At Risk
U004283,2025-10-23,2,1426.81,69,2,1,2,Hibernating
U004284,2025-12-24,7,4118.39,7,5,4,4,Champions
U004285,2025-07-20,3,2045.32,164,1,2,2,Hibernating
U004286,2025-02-01,1,1914.22,333,1,1,2,Hibernating
U004287,2025-11-18,4,2236.7,43,3,3,3,Potential Loyalists
U004288,2025-11-09,3,1408.49,52,3,2,2,Potential Loyalists
U004289,2025-02-17,2,549.26,317,1,1,1,Hibernating
U004290,2025-11-12,9,6172.0,49,3,5,5,Loyal
U004291,2025-12-13,5,2684.21,18,4,3,3,Potential Loyalists
U004292,2025-07-16,1,435.33,168,1,1,1,Hibernating
U004293,2025-12-12,5,1913.67,19,4,3,2,Potential Loyalists
U004294,2025-06-27,2,637.05,187,1,1,1,Hibernating
U004295,2025-12-03,2,806.35,28,4,1,1,New & Promising
U004296,2025-06-01,1,350.0,213,1,1,1,Hibernating
U004297,2025-10-30,5,2049.9300000000003,62,3,3,2,Potential Loyalists
U004298,2025-05-23,1,773.86,222,1,1,1,Hibernating
U004299,2025-10-26,3,2181.42,66,3,2,3,Potential Loyalists
U004300,2025-11-10,6,3515.2799999999997,51,3,4,4,Loyal
U004301,2025-12-05,5,2490.71,26,4,3,3,Potential Loyalists
U004302,2025-09-28,2,2069.2000000000003,94,2,1,2,Hibernating
U004303,2025-11-01,5,3314.88,60,3,3,4,Potential Loyalists
U004304,2025-12-23,13,7830.59,8,5,5,5,Champions
U004305,2025-11-21,7,7561.56,40,3,4,5,Loyal
U004306,2025-08-31,10,6145.87,122,2,5,5,Loyal
U004307,2025-11-19,2,1049.49,42,3,1,1,Potential Loyalists
U004309,2025-04-30,4,2170.2,245,1,3,3,At Risk
U004310,2025-12-14,3,2486.06,17,5,2,3,New & Promising
U004312,2025-12-28,3,1713.67,3,5,2,2,New & Promising
U004313,2025-11-12,6,5734.82,49,3,4,5,Loyal
U004314,2025-12-26,4,4674.96,5,5,3,4,Potential Loyalists
U004315,2025-11-28,3,2933.67,33,4,2,3,New & Promising
U004316,2025-12-14,8,6155.639999999999,17,5,5,5,Champions
U004317,2025-12-13,4,1642.78,18,4,3,2,Potential Loyalists
U004318,2025-12-30,7,3521.55,1,5,4,4,Champions
U004319,2025-10-25,4,2375.87,67,3,3,3,Potential Loyalists
U004322,2025-07-06,3,2461.86,178,1,2,3,Hibernating
U004323,2025-06-22,4,2693.7400000000002,192,1,3,3,At Risk
U004324,2025-11-11,5,2783.45,50,3,3,3,Potential Loyalists
U004325,2025-10-25,2,636.08,67,3,1,1,Potential Loyalists
U004326,2025-02-14,2,699.8399999999999,320,1,1,1,Hibernating
U004327,2025-12-04,4,1741.3700000000001,27,4,3,2,Potential Loyalists
U004328,2025-11-14,8,5114.98,47,3,5,5,Loyal
U004329,2025-11-11,3,864.62,50,3,2,1,Potential Loyalists
U004330,2025-12-28,2,863.5699999999999,3,5,1,1,New & Promising
U004331,2025-11-10,4,3453.74,51,3,3,4,Potential Loyalists
U004332,2025-12-07,13,7453.06,24,4,5,5,Champions
U004333,2025-12-11,4,1766.28,20,4,3,2,Potential Loyalists
U004334,2025-12-30,2,1311.87,1,5,1,2,New & Promising
U004335,2025-12-11,13,5635.4800000000005,20,4,5,5,Champions
U004336,2025-10-14,4,1763.7399999999998,78,2,3,2,At Risk
U004337,2025-10-11,6,4161.63,81,2,4,4,Loyal
U004338,2025-12-03,6,3211.65,28,4,4,4,Champions
U004339,2025-12-13,5,3145.16,18,4,3,3,Potential Loyalists
U004340,2025-04-04,3,2948.74,271,1,2,3,Hibernating
U004341,2025-11-14,6,4047.36,47,3,4,4,Loyal
U004342,2025-12-03,4,1849.29,28,4,3,2,Potential Loyalists
U004344,2025-12-27,6,3310.01,4,5,4,4,Champions
U004345,2025-10-06,3,1363.1100000000001,86,2,2,2,Hibernating
U004346,2025-07-08,2,2292.9300000000003,176,1,1,3,Hibernating
U004348,2025-12-18,5,2456.98,13,5,3,3,Potential Loyalists
U004349,2025-12-03,2,757.38,28,4,1,1,New & Promising
U004350,2025-12-13,7,3851.85,18,4,4,4,Champions
U004351,2025-12-21,10,5451.15,10,5,5,5,Champions
U004352,2025-11-21,4,1449.44,40,3,3,2,Potential Loyalists
U004353,2025-10-06,9,5459.68,86,2,5,5,Loyal
U004354,2025-03-02,1,1151.43,304,1,1,1,Hibernating
U004355,2025-05-08,1,205.6,237,1,1,1,Hibernating
U004356,2025-06-11,2,782.8900000000001,203,1,1,1,Hibernating
U004357,2025-11-29,2,923.62,32,4,1,1,New & Promising
U004358,2025-01-07,1,315.77,358,1,1,1,Hibernating
U004359,2025-11-25,5,3878.37,36,4,3,4,Potential Loyalists
U004360,2025-07-17,2,1467.1,167,1,1,2,Hibernating
U004361,2025-10-22,6,3424.08,70,2,4,4,Loyal
U004362,2025-12-31,2,816.13,0,5,1,1,New & Promising
U004363,2025-12-27,10,7009.9,4,5,5,5,Champions
U004364,2025-06-17,3,1473.72,197,1,2,2,Hibernating
U004365,2025-12-31,5,1977.17,0,5,3,2,Potential Loyalists
U004366,2025-12-22,7,4132.94,9,5,4,4,Champions
U004367,2025-12-31,5,4571.12,0,5,3,4,Potential Loyalists
U004368,2025-12-03,7,3242.64,28,4,4,4,Champions
U004369,2025-10-18,11,6186.22,74,2,5,5,Loyal
U004370,2025-09-23,6,2687.39,99,2,4,3,Loyal
U004371,2025-10-23,6,4155.49,69,2,4,4,Loyal
U004372,2025-05-04,2,1408.02,241,1,1,2,Hibernating
U004373,2025-12-12,3,779.02,19,4,2,1,New & Promising
U004374,2025-12-15,9,4443.74,16,5,5,4,Champions
U004375,2025-12-07,8,4616.15,24,4,5,4,Champions
U004376,2025-12-31,1,359.26,0,5,1,1,New & Promising
U004377,2025-09-08,1,284.09,114,2,1,1,Hibernating
U004378,2025-10-09,7,3824.88,83,2,4,4,Loyal
U004379,2025-12-31,8,6129.78,0,5,5,5,Champions
U004380,2025-11-10,2,911.97,51,3,1,1,Potential Loyalists
U004382,2025-12-11,3,3220.59,20,4,2,4,New & Promising
U004383,2025-10-07,2,932.77,85,2,1,1,Hibernating
U004384,2025-12-09,6,4261.26,22,4,4,4,Champions
U004385,2025-12-25,6,3579.27,6,5,4,4,Champions
U004386,2025-12-03,16,11486.4,28,4,5,5,Champions
U004387,2025-12-04,2,814.55,27,4,1,1,New & Promising
U004388,2025-10-31,5,3240.18,61,3,3,4,Potential Loyalists
U004389,2025-12-21,9,4426.0,10,5,5,4,Champions
U004391,2025-12-11,3,1311.12,20,4,2,2,New & Promising
U004392,2025-12-04,5,2858.91,27,4,3,3,Potential Loyalists
U004393,2025-08-30,8,4642.49,123,2,5,4,Loyal
U004394,2025-12-23,8,4637.46,8,5,5,4,Champions
U004395,2025-12-27,9,3889.79,4,5,5,4,Champions
U004396,2025-06-19,3,1152.1399999999999,195,1,2,1,Hibernating
U004397,2025-12-21,7,2191.11,10,5,4,3,Champions
U004398,2025-08-30,2,1040.0,123,2,1,1,Hibernating
U004399,2025-12-24,5,3820.41,7,5,3,4,Potential Loyalists
U004400,2025-12-05,3,1865.4499999999998,26,4,2,2,New & Promising
U004401,2025-11-22,9,4890.58,39,3,5,5,Loyal
U004402,2025-12-13,10,5417.29,18,4,5,5,Champions
U004403,2025-12-04,6,2463.34,27,4,4,3,Champions
U004404,2025-11-11,5,2948.16,50,3,3,3,Potential Loyalists
U004405,2025-11-10,4,2899.2200000000003,51,3,3,3,Potential Loyalists
U004406,2025-09-04,4,3836.66,118,2,3,4,At Risk
U004407,2025-11-24,7,5750.67,37,4,4,5,Champions
U004408,2025-12-10,3,2481.51,21,4,2,3,New & Promising
U004409,2025-12-10,4,1995.3600000000001,21,4,3,2,Potential Loyalists
U004410,2025-12-29,10,3699.16,2,5,5,4,Champions
U004411,2025-08-31,2,4433.01,122,2,1,4,Hibernating
U004412,2025-10-01,6,2891.61,91,2,4,3,Loyal
U004413,2025-08-27,3,3101.17,126,2,2,3,Hibernating
U004414,2025-09-10,5,2826.19,112,2,3,3,At Risk
U004415,2025-12-11,10,4810.43,20,4,5,5,Champions
U004416,2025-12-27,7,5364.53,4,5,4,5,Champions
U004417,2025-10-11,6,2342.81,81,2,4,3,Loyal
U004418,2025-12-25,7,2760.5,6,5,4,3,Champions
U004419,2025-12-31,3,2840.31,0,5,2,3,New & Promising
U004420,2025-12-06,5,1688.87,25,4,3,2,Potential Loyalists
U004421,2025-11-22,1,341.49,39,3,1,1,Potential Loyalists
U004422,2025-08-30,2,765.12,123,2,1,1,Hibernating
U004423,2025-10-19,2,1678.04,73,2,1,2,Hibernating
U004425,2025-05-23,2,1640.1299999999999,222,1,1,2,Hibernating
U004426,2025-09-17,8,3739.57,105,2,5,4,Loyal
U004427,2025-11-28,3,1112.15,33,4,2,1,New & Promising
U004428,2025-03-14,1,344.37,292,1,1,1,Hibernating
U004429,2025-12-23,12,6935.03,8,5,5,5,Champions
U004430,2025-06-05,4,1230.0,209,1,3,2,At Risk
U004431,2025-12-24,6,3189.64,7,5,4,3,Champions
U004432,2025-09-23,2,1273.47,99,2,1,2,Hibernating
U004433,2025-11-02,9,4505.900000000001,59,3,5,4,Loyal
U004434,2025-03-05,2,468.95,301,1,1,1,Hibernating
U004435,2025-10-28,1,403.89,64,3,1,1,Potential Loyalists
U004436,2025-11-12,9,4101.09,49,3,5,4,Loyal
U004437,2025-12-18,4,1476.88,13,5,3,2,Potential Loyalists
U004438,2025-10-24,7,5487.9400000000005,68,2,4,5,Loyal
U004439,2025-06-23,1,395.06,191,1,1,1,Hibernating
U004440,2025-11-06,2,1426.8999999999999,55,3,1,2,Potential Loyalists
U004441,2025-10-21,2,1676.24,71,2,1,2,Hibernating
U004442,2025-12-01,8,6061.290000000001,30,4,5,5,Champions
U004443,2025-10-10,5,4059.91,82,2,3,4,At Risk
U004444,2025-10-09,3,1905.5300000000002,83,2,2,2,Hibernating
U004445,2025-08-05,2,1820.97,148,1,1,2,Hibernating
U004446,2025-11-14,7,7172.24,47,3,4,5,Loyal
U004447,2025-12-22,8,4075.69,9,5,5,4,Champions
U004448,2025-08-13,3,2272.26,140,1,2,3,Hibernating
U004449,2025-05-13,2,1090.68,232,1,1,1,Hibernating
U004450,2025-10-19,7,3532.5699999999997,73,2,4,4,Loyal
U004451,2025-09-08,5,1982.68,114,2,3,2,At Risk
U004452,2025-10-27,9,4015.04,65,3,5,4,Loyal
U004454,2025-12-18,5,3530.8199999999997,13,5,3,4,Potential Loyalists
U004455,2025-11-23,6,4301.610000000001,38,3,4,4,Loyal
U004456,2025-12-25,9,5367.13,6,5,5,5,Champions
U004457,2025-11-25,7,2573.86,36,4,4,3,Champions
U004458,2025-11-09,8,6822.15,52,3,5,5,Loyal
U004459,2025-12-05,3,1825.1100000000001,26,4,2,2,New & Promising
U004460,2025-07-09,2,1276.94,175,1,1,2,Hibernating
U004461,2025-06-01,3,1944.6,213,1,2,2,Hibernating
U004462,2025-09-17,1,143.8,105,2,1,1,Hibernating
U004463,2025-12-11,4,2116.36,20,4,3,2,Potential Loyalists
U004464,2025-12-10,8,5723.45,21,4,5,5,Champions
U004465,2025-02-10,1,475.09,324,1,1,1,Hibernating
U004466,2025-03-23,3,1540.15,283,1,2,2,Hibernating
U004467,2025-06-26,3,1068.41,188,1,2,1,Hibernating
U004468,2025-12-13,14,8102.7,18,4,5,5,Champions
U004469,2025-11-25,2,791.8199999999999,36,4,1,1,New & Promising
U004470,2025-01-17,1,526.43,348,1,1,1,Hibernating
U004471,2025-11-16,13,5781.89,45,3,5,5,Loyal
U004472,2025-10-22,7,4590.91,70,2,4,4,Loyal
U004473,2025-10-15,1,327.65,77,2,1,1,Hibernating
U004474,2025-12-13,4,2272.62,18,4,3,3,Potential Loyalists
U004475,2025-08-01,1,576.15,152,1,1,1,Hibernating
U004476,2025-04-17,3,1372.23,258,1,2,2,Hibernating
U004477,2025-08-25,9,3743.5599999999995,128,2,5,4,Loyal
U004478,2025-11-12,4,3682.91,49,3,3,4,Potential Loyalists
U004479,2025-07-14,1,518.56,170,1,1,1,Hibernating
U004481,2025-09-06,2,1253.41,116,2,1,2,Hibernating
U004482,2025-12-27,7,3919.3,4,5,4,4,Champions
U004484,2025-12-20,6,3093.58,11,5,4,3,Champions
U004485,2025-09-30,3,2596.75,92,2,2,3,Hibernating
U004486,2025-12-12,4,2245.4700000000003,19,4,3,3,Potential Loyalists
U004487,2025-10-24,11,10053.32,68,2,5,5,Loyal
U004488,2025-12-03,9,5615.95,28,4,5,5,Champions
U004489,2025-11-21,3,1823.93,40,3,2,2,Potential Loyalists
U004490,2025-11-30,3,1787.63,31,4,2,2,New & Promising
U004491,2025-12-30,9,5576.88,1,5,5,5,Champions
U004493,2025-12-03,4,3339.61,28,4,3,4,Potential Loyalists
U004494,2025-09-04,5,2590.67,118,2,3,3,At Risk
U004495,2025-12-28,3,1276.3300000000002,3,5,2,2,New & Promising
U004496,2025-10-20,6,4520.94,72,2,4,4,Loyal
U004497,2025-09-27,7,5533.33,95,2,4,5,Loyal
U004498,2025-12-09,5,1830.81,22,4,3,2,Potential Loyalists
U004499,2025-10-24,3,1466.31,68,2,2,2,Hibernating
U004500,2025-06-05,2,2074.55,209,1,1,2,Hibernating
U004501,2025-11-28,7,7118.89,33,4,4,5,Champions
U004502,2025-12-04,4,3374.22,27,4,3,4,Potential Loyalists
U004503,2025-12-11,4,2059.2200000000003,20,4,3,2,Potential Loyalists
U004504,2025-11-14,4,1455.0700000000002,47,3,3,2,Potential Loyalists
U004505,2025-12-11,4,1183.68,20,4,3,1,Potential Loyalists
U004506,2025-03-02,2,1053.55,304,1,1,1,Hibernating
U004507,2025-12-28,1,754.13,3,5,1,1,New & Promising
U004508,2025-11-07,10,7714.63,54,3,5,5,Loyal
U004509,2025-12-20,7,2571.2799999999997,11,5,4,3,Champions
U004510,2025-06-17,2,958.6800000000001,197,1,1,1,Hibernating
U004511,2025-11-17,6,3347.31,44,3,4,4,Loyal
U004512,2025-12-29,5,2539.85,2,5,3,3,Potential Loyalists
U004513,2025-10-08,1,232.95,84,2,1,1,Hibernating
U004514,2025-11-08,10,6703.17,53,3,5,5,Loyal
U004515,2025-12-07,6,4096.08,24,4,4,4,Champions
U004516,2025-06-22,1,295.0,192,1,1,1,Hibernating
U004517,2025-11-29,3,1047.27,32,4,2,1,New & Promising
U004518,2025-11-24,7,4095.89,37,4,4,4,Champions
U004519,2025-07-11,1,350.94,173,1,1,1,Hibernating
U004520,2025-12-10,3,2570.49,21,4,2,3,New & Promising
U004521,2025-06-27,2,922.47,187,1,1,1,Hibernating
U004522,2025-10-30,11,8786.26,62,3,5,5,Loyal
U004523,2025-11-14,7,3690.82,47,3,4,4,Loyal
U004525,2025-11-16,4,2731.0699999999997,45,3,3,3,Potential Loyalists
U004526,2025-12-11,6,2807.14,20,4,4,3,Champions
U004527,2025-05-27,1,375.16,218,1,1,1,Hibernating
U004528,2025-12-04,9,9738.87,27,4,5,5,Champions
U004529,2025-09-30,4,1686.8799999999999,92,2,3,2,At Risk
U004530,2025-12-30,5,3978.0299999999997,1,5,3,4,Potential Loyalists
U004531,2025-11-28,7,4113.95,33,4,4,4,Champions
U004532,2025-09-28,4,4037.12,94,2,3,4,At Risk
U004533,2025-07-10,2,1339.38,174,1,1,2,Hibernating
U004534,2025-11-30,4,1598.32,31,4,3,2,Potential Loyalists
U004535,2025-11-08,2,783.24,53,3,1,1,Potential Loyalists
U004536,2025-12-03,8,4731.87,28,4,5,4,Champions
U004537,2025-12-07,3,1693.05,24,4,2,2,New & Promising
U004538,2025-10-23,5,3058.55,69,2,3,3,At Risk
U004539,2025-12-11,4,3754.06,20,4,3,4,Potential Loyalists
U004540,2025-12-22,3,1368.69,9,5,2,2,New & Promising
U004542,2025-01-21,1,286.28,344,1,1,1,Hibernating
U004543,2025-12-11,6,3700.95,20,4,4,4,Champions
U004544,2025-09-20,3,1320.08,102,2,2,2,Hibernating
U004545,2025-12-20,4,1726.21,11,5,3,2,Potential Loyalists
U004546,2025-12-26,9,9499.27,5,5,5,5,Champions
U004547,2025-11-08,2,653.52,53,3,1,1,Potential Loyalists
U004548,2025-11-23,5,3322.95,38,3,3,4,Potential Loyalists
U004549,2025-11-07,4,1373.57,54,3,3,2,Potential Loyalists
U004550,2025-09-26,3,1156.68,96,2,2,1,Hibernating
U004551,2025-11-22,8,5336.86,39,3,5,5,Loyal
U004552,2025-12-13,6,3399.0499999999997,18,4,4,4,Champions
U004553,2025-12-09,2,715.27,22,4,1,1,New & Promising
U004554,2025-02-06,1,518.54,328,1,1,1,Hibernating
U004555,2025-08-31,4,1731.31,122,2,3,2,At Risk
U004556,2025-04-17,1,708.1,258,1,1,1,Hibernating
U004557,2025-12-23,6,2586.35,8,5,4,3,Champions
U004558,2025-09-21,3,1526.7600000000002,101,2,2,2,Hibernating
U004559,2025-12-04,3,2192.2799999999997,27,4,2,3,New & Promising
U004560,2025-11-20,3,2798.42,41,3,2,3,Potential Loyalists
U004561,2025-12-18,7,3265.01,13,5,4,4,Champions
U004562,2025-10-10,3,1737.94,82,2,2,2,Hibernating
U004563,2025-12-12,9,6755.8,19,4,5,5,Champions
U004564,2025-12-03,6,3360.02,28,4,4,4,Champions
U004566,2025-05-15,2,886.27,230,1,1,1,Hibernating
U004567,2025-10-22,3,1596.5500000000002,70,2,2,2,Hibernating
U004568,2025-12-13,7,3512.0,18,4,4,4,Champions
U004569,2025-11-11,5,2928.48,50,3,3,3,Potential Loyalists
U004570,2025-06-21,1,376.04,193,1,1,1,Hibernating
U004571,2025-09-06,6,5381.43,116,2,4,5,Loyal
U004572,2025-07-13,2,1372.5700000000002,171,1,1,2,Hibernating
U004573,2025-09-28,9,3865.6499999999996,94,2,5,4,Loyal
U004574,2025-10-26,5,5009.36,66,3,3,5,Potential Loyalists
U004575,2025-12-13,4,3500.5,18,4,3,4,Potential Loyalists
U004576,2025-09-27,7,3230.87,95,2,4,4,Loyal
U004577,2025-10-30,8,4223.79,62,3,5,4,Loyal
U004578,2025-11-24,3,1641.7599999999998,37,4,2,2,New & Promising
U004579,2025-12-30,4,2640.5600000000004,1,5,3,3,Potential Loyalists
U004580,2025-09-09,1,276.68,113,2,1,1,Hibernating
U004581,2025-12-14,7,4899.360000000001,17,5,4,5,Champions
U004582,2025-12-13,3,2858.01,18,4,2,3,New & Promising
U004583,2025-12-17,9,5883.24,14,5,5,5,Champions
U004584,2025-12-30,6,3365.71,1,5,4,4,Champions
U004585,2025-12-30,7,4098.5599999999995,1,5,4,4,Champions
U004586,2025-09-28,2,995.1800000000001,94,2,1,1,Hibernating
U004587,2025-11-15,5,4609.62,46,3,3,4,Potential Loyalists
U004588,2025-12-30,7,7591.87,1,5,4,5,Champions
U004589,2025-11-07,6,2349.5699999999997,54,3,4,3,Loyal
U004590,2025-08-16,2,861.9300000000001,137,1,1,1,Hibernating
U004591,2025-11-26,2,628.61,35,4,1,1,New & Promising
U004592,2025-11-20,2,664.8100000000001,41,3,1,1,Potential Loyalists
U004593,2025-12-03,6,3557.76,28,4,4,4,Champions
U004594,2025-06-19,3,1593.22,195,1,2,2,Hibernating
U004595,2025-12-23,8,5916.46,8,5,5,5,Champions
U004597,2025-09-22,3,2486.85,100,2,2,3,Hibernating
U004598,2025-12-16,8,3598.44,15,5,5,4,Champions
U004599,2025-11-29,7,3764.82,32,4,4,4,Champions
U004600,2025-12-26,6,4991.64,5,5,4,5,Champions
U004601,2025-06-07,2,611.02,207,1,1,1,Hibernating
U004604,2025-10-22,3,1522.42,70,2,2,2,Hibernating
U004605,2025-12-27,9,4691.62,4,5,5,4,Champions
U004606,2025-06-15,3,1080.36,199,1,2,1,Hibernating
U004607,2025-05-19,2,783.04,226,1,1,1,Hibernating
U004608,2025-12-24,12,6933.13,7,5,5,5,Champions
U004609,2025-04-21,1,273.2,254,1,1,1,Hibernating
U004610,2025-12-11,6,3480.82,20,4,4,4,Champions
U004611,2025-09-12,3,1295.98,110,2,2,2,Hibernating
U004612,2025-11-17,6,3805.36,44,3,4,4,Loyal
U004613,2025-12-31,6,4911.64,0,5,4,5,Champions
U004614,2025-11-18,5,2569.12,43,3,3,3,Potential Loyalists
U004615,2025-10-21,2,991.5999999999999,71,2,1,1,Hibernating
U004616,2025-12-11,3,2295.35,20,4,2,3,New & Promising
U004618,2025-12-12,13,8378.24,19,4,5,5,Champions
U004619,2025-12-18,7,3745.5,13,5,4,4,Champions
U004620,2025-12-11,3,916.23,20,4,2,1,New & Promising
U004621,2025-09-09,1,353.77,113,2,1,1,Hibernating
U004622,2025-12-15,6,3168.61,16,5,4,3,Champions
U004623,2025-12-18,6,3105.49,13,5,4,3,Champions
U004624,2025-07-12,3,1624.26,172,1,2,2,Hibernating
U004625,2025-11-22,11,4850.34,39,3,5,5,Loyal
U004626,2025-12-18,3,1259.92,13,5,2,2,New & Promising
U004627,2025-04-04,1,413.06,271,1,1,1,Hibernating
U004628,2025-12-10,16,10510.49,21,4,5,5,Champions
U004629,2025-12-02,4,2352.76,29,4,3,3,Potential Loyalists
U004630,2025-07-26,1,603.24,158,1,1,1,Hibernating
U004631,2025-12-23,7,3600.8,8,5,4,4,Champions
U004632,2025-12-18,12,7821.92,13,5,5,5,Champions
U004633,2025-10-29,9,5434.7300000000005,63,3,5,5,Loyal
U004634,2025-12-11,3,1710.65,20,4,2,2,New & Promising
U004635,2025-06-28,2,731.5799999999999,186,1,1,1,Hibernating
U004636,2025-12-07,4,4251.78,24,4,3,4,Potential Loyalists
U004637,2025-10-06,6,2279.2,86,2,4,3,Loyal
U004638,2025-12-07,2,2653.38,24,4,1,3,New & Promising
U004639,2025-11-09,5,2593.54,52,3,3,3,Potential Loyalists
U004640,2025-07-11,6,4937.82,173,1,4,5,Loyal
U004641,2025-12-30,5,3417.21,1,5,3,4,Potential Loyalists
U004642,2025-12-02,10,7679.82,29,4,5,5,Champions
U004643,2025-12-25,9,4550.39,6,5,5,4,Champions
U004644,2025-12-14,1,555.43,17,5,1,1,New & Promising
U004645,2025-12-26,7,3842.33,5,5,4,4,Champions
U004646,2025-11-29,2,3376.7999999999997,32,4,1,4,New & Promising
U004647,2025-02-19,1,247.61,315,1,1,1,Hibernating
U004648,2025-10-23,3,1589.3600000000001,69,2,2,2,Hibernating
U004649,2025-09-02,2,860.99,120,2,1,1,Hibernating
U004650,2025-09-10,6,3595.32,112,2,4,4,Loyal
U004651,2025-08-19,4,2206.52,134,1,3,3,At Risk
U004652,2025-12-31,9,4475.14,0,5,5,4,Champions
U004653,2025-11-01,2,618.4300000000001,60,3,1,1,Potential Loyalists
U004654,2025-12-21,1,478.52,10,5,1,1,New & Promising
U004655,2025-10-20,5,2532.62,72,2,3,3,At Risk
U004656,2025-10-30,3,2149.55,62,3,2,3,Potential Loyalists
U004657,2025-12-18,5,5898.610000000001,13,5,3,5,Potential Loyalists
U004658,2025-11-20,6,4721.5,41,3,4,4,Loyal
U004659,2025-09-02,5,2365.87,120,2,3,3,At Risk
U004660,2025-01-16,1,1152.56,349,1,1,1,Hibernating
U004661,2025-12-03,6,4185.79,28,4,4,4,Champions
U004662,2025-11-14,7,4016.12,47,3,4,4,Loyal
U004664,2025-09-10,4,2584.2200000000003,112,2,3,3,At Risk
U004665,2025-07-30,6,3987.0699999999997,154,1,4,4,Loyal
U004666,2025-07-26,10,6682.89,158,1,5,5,Loyal
U004667,2025-11-15,6,3396.92,46,3,4,4,Loyal
U004668,2025-09-13,3,1843.7599999999998,109,2,2,2,Hibernating
U004669,2025-04-07,3,2346.73,268,1,2,3,Hibernating
U004670,2025-08-05,6,3091.23,148,1,4,3,Loyal
U004671,2025-08-31,2,3342.8599999999997,122,2,1,4,Hibernating
U004672,2025-11-09,5,2946.5099999999998,52,3,3,3,Potential Loyalists
U004673,2025-12-15,13,7268.81,16,5,5,5,Champions
U004674,2025-12-09,9,3606.17,22,4,5,4,Champions
U004675,2025-09-13,4,1836.42,109,2,3,2,At Risk
U004677,2025-11-29,3,1277.4299999999998,32,4,2,2,New & Promising
U004678,2025-12-04,6,3565.24,27,4,4,4,Champions
U004679,2025-12-13,3,3733.15,18,4,2,4,New & Promising
U004680,2025-06-03,4,993.08,211,1,3,1,At Risk
U004681,2025-10-28,4,1167.3,64,3,3,1,Potential Loyalists
U004682,2025-12-29,17,10414.9,2,5,5,5,Champions
U004683,2025-09-10,1,626.09,112,2,1,1,Hibernating
U004684,2025-11-10,8,5428.41,51,3,5,5,Loyal
U004685,2025-12-26,7,3211.01,5,5,4,4,Champions
U004686,2025-12-18,3,1206.04,13,5,2,2,New & Promising
U004687,2025-12-04,2,756.72,27,4,1,1,New & Promising
U004688,2025-12-27,6,3521.41,4,5,4,4,Champions
U004689,2025-12-20,5,3180.52,11,5,3,3,Potential Loyalists
U004690,2025-12-28,10,5827.87,3,5,5,5,Champions
U004691,2025-09-29,12,5479.05,93,2,5,5,Loyal
U004692,2025-10-16,7,2394.05,76,2,4,3,Loyal
U004693,2025-11-02,4,1307.5,59,3,3,2,Potential Loyalists
U004694,2025-07-30,4,1041.28,154,1,3,1,At Risk
U004695,2025-10-30,8,3147.59,62,3,5,3,Loyal
U004696,2025-08-10,4,1738.26,143,1,3,2,At Risk
U004697,2025-12-25,6,2899.93,6,5,4,3,Champions
U004698,2025-03-28,1,409.76,278,1,1,1,Hibernating
U004699,2025-10-19,6,4613.49,73,2,4,4,Loyal
U004700,2025-11-19,2,2587.16,42,3,1,3,Potential Loyalists
U004701,2025-06-14,1,632.0,200,1,1,1,Hibernating
U004702,2025-04-09,3,1191.15,266,1,2,1,Hibernating
U004703,2025-12-12,6,3352.97,19,4,4,4,Champions
U004704,2025-10-09,3,955.5,83,2,2,1,Hibernating
U004705,2025-12-01,10,5756.84,30,4,5,5,Champions
U004706,2025-11-01,4,2713.1800000000003,60,3,3,3,Potential Loyalists
U004707,2025-12-06,4,2102.68,25,4,3,2,Potential Loyalists
U004708,2025-12-28,3,2241.93,3,5,2,3,New & Promising
U004709,2025-12-25,11,5452.56,6,5,5,5,Champions
U004710,2025-10-12,3,1759.82,80,2,2,2,Hibernating
U004711,2025-11-02,3,701.25,59,3,2,1,Potential Loyalists
U004712,2025-12-13,9,4616.639999999999,18,4,5,4,Champions
U004713,2025-11-10,8,2668.11,51,3,5,3,Loyal
U004714,2025-10-11,7,4149.68,81,2,4,4,Loyal
U004715,2025-12-07,6,6096.91,24,4,4,5,Champions
U004716,2025-10-14,1,362.44,78,2,1,1,Hibernating
U004717,2025-12-12,18,12460.2,19,4,5,5,Champions
U004719,2025-11-11,2,652.06,50,3,1,1,Potential Loyalists
U004720,2025-12-17,5,4181.74,14,5,3,4,Potential Loyalists
U004721,2025-10-26,2,776.98,66,3,1,1,Potential Loyalists
U004722,2025-06-30,1,235.34,184,1,1,1,Hibernating
U004723,2025-12-15,5,4195.49,16,5,3,4,Potential Loyalists
U004724,2025-12-02,5,3136.38,29,4,3,3,Potential Loyalists
U004725,2025-10-15,1,470.72,77,2,1,1,Hibernating
U004726,2025-11-10,5,2377.7599999999998,51,3,3,3,Potential Loyalists
U004727,2025-07-13,2,1448.75,171,1,1,2,Hibernating
U004728,2025-12-29,5,2042.69,2,5,3,2,Potential Loyalists
U004729,2025-06-05,2,1562.6999999999998,209,1,1,2,Hibernating
U004730,2025-05-02,1,410.58,243,1,1,1,Hibernating
U004731,2025-11-22,3,2342.43,39,3,2,3,Potential Loyalists
U004732,2025-12-16,2,1109.8899999999999,15,5,1,1,New & Promising
U004733,2025-08-26,3,2868.16,127,2,2,3,Hibernating
U004734,2025-11-14,7,3635.45,47,3,4,4,Loyal
U004735,2025-11-14,2,949.03,47,3,1,1,Potential Loyalists
U004736,2025-09-25,1,803.11,97,2,1,1,Hibernating
U004737,2025-12-11,12,5735.69,20,4,5,5,Champions
U004739,2025-09-03,2,1666.48,119,2,1,2,Hibernating
U004740,2025-11-01,5,2625.9700000000003,60,3,3,3,Potential Loyalists
U004741,2025-02-15,2,930.6600000000001,319,1,1,1,Hibernating
U004742,2025-12-09,7,3181.0699999999997,22,4,4,3,Champions
U004743,2025-11-30,14,9015.22,31,4,5,5,Champions
U004744,2025-09-11,5,2622.95,111,2,3,3,At Risk
U004745,2025-11-12,7,5110.04,49,3,4,5,Loyal
U004746,2025-12-03,8,4973.91,28,4,5,5,Champions
U004747,2025-12-30,8,4577.81,1,5,5,4,Champions
U004748,2025-12-11,5,1965.5700000000002,20,4,3,2,Potential Loyalists
U004749,2025-12-13,3,1244.5900000000001,18,4,2,2,New & Promising
U004750,2025-12-05,5,2896.04,26,4,3,3,Potential Loyalists
U004751,2025-10-13,11,4976.26,79,2,5,5,Loyal
U004752,2025-09-07,2,888.8599999999999,115,2,1,1,Hibernating
U004753,2025-12-12,11,5388.01,19,4,5,5,Champions
U004754,2025-09-14,4,2097.0099999999998,108,2,3,2,At Risk
U004755,2025-07-20,4,1853.35,164,1,3,2,At Risk
U004756,2025-07-17,4,1924.83,167,1,3,2,At Risk
U004757,2025-07-18,3,2272.69,166,1,2,3,Hibernating
U004758,2025-11-08,6,7462.17,53,3,4,5,Loyal
U004759,2025-07-18,2,1324.02,166,1,1,2,Hibernating
U004760,2025-10-06,3,1762.35,86,2,2,2,Hibernating
U004761,2025-01-12,1,359.91,353,1,1,1,Hibernating
U004762,2025-10-02,4,2378.61,90,2,3,3,At Risk
U004764,2025-02-27,1,1147.6,307,1,1,1,Hibernating
U004765,2025-03-25,1,805.69,281,1,1,1,Hibernating
U004767,2025-11-21,8,5848.72,40,3,5,5,Loyal
U004769,2025-10-02,4,1953.48,90,2,3,2,At Risk
U004770,2025-05-29,1,237.97,216,1,1,1,Hibernating
U004771,2025-12-11,2,1050.35,20,4,1,1,New & Promising
U004773,2025-10-25,4,1489.47,67,3,3,2,Potential Loyalists
U004774,2025-06-19,1,996.38,195,1,1,1,Hibernating
U004775,2025-10-02,3,1909.21,90,2,2,2,Hibernating
U004776,2025-12-11,8,4309.4,20,4,5,4,Champions
U004777,2025-12-15,2,496.09000000000003,16,5,1,1,New & Promising
U004778,2025-12-27,8,6040.58,4,5,5,5,Champions
U004779,2025-10-26,4,3553.46,66,3,3,4,Potential Loyalists
U004780,2025-05-08,4,1886.51,237,1,3,2,At Risk
U004781,2025-08-09,1,1128.31,144,1,1,1,Hibernating
U004782,2025-11-26,6,4593.28,35,4,4,4,Champions
U004783,2025-06-28,1,507.47,186,1,1,1,Hibernating
U004784,2025-12-29,9,7228.35,2,5,5,5,Champions
U004785,2025-08-17,4,1828.16,136,1,3,2,At Risk
U004786,2025-08-27,4,2045.67,126,2,3,2,At Risk
U004787,2025-08-09,4,2218.45,144,1,3,3,At Risk
U004788,2025-12-15,6,4497.33,16,5,4,4,Champions
U004789,2025-10-31,4,1775.18,61,3,3,2,Potential Loyalists
U004790,2025-12-01,7,3813.59,30,4,4,4,Champions
U004791,2025-12-13,3,3754.3900000000003,18,4,2,4,New & Promising
U004792,2025-12-26,1,527.0,5,5,1,1,New & Promising
U004793,2025-03-18,5,3136.1000000000004,288,1,3,3,At Risk
U004794,2025-12-13,2,1454.37,18,4,1,2,New & Promising
U004795,2025-12-21,11,7484.16,10,5,5,5,Champions
U004796,2025-05-20,3,3938.75,225,1,2,4,Hibernating
U004797,2025-05-29,2,1760.34,216,1,1,2,Hibernating
U004798,2025-09-12,12,5548.25,110,2,5,5,Loyal
U004799,2025-10-20,4,1624.28,72,2,3,2,At Risk
U004800,2025-12-13,6,2043.6,18,4,4,2,Champions
U004801,2025-10-21,5,2138.64,71,2,3,3,At Risk
U004802,2025-12-20,1,239.28,11,5,1,1,New & Promising
U004803,2025-10-21,3,1608.8400000000001,71,2,2,2,Hibernating
U004804,2025-12-27,11,6767.41,4,5,5,5,Champions
U004805,2025-12-15,9,4062.4,16,5,5,4,Champions
U004806,2025-11-18,1,368.61,43,3,1,1,Potential Loyalists
U004807,2025-10-21,4,2256.08,71,2,3,3,At Risk
U004808,2025-12-20,6,4378.01,11,5,4,4,Champions
U004809,2025-12-27,5,3172.79,4,5,3,3,Potential Loyalists
U004810,2025-09-25,7,5078.34,97,2,4,5,Loyal
U004811,2025-12-21,3,1663.38,10,5,2,2,New & Promising
U004812,2025-11-16,3,1603.78,45,3,2,2,Potential Loyalists
U004813,2025-08-08,7,4022.38,145,1,4,4,Loyal
U004814,2025-11-24,9,4074.44,37,4,5,4,Champions
U004815,2025-10-04,2,427.69,88,2,1,1,Hibernating
U004816,2025-11-12,7,4656.32,49,3,4,4,Loyal
U004817,2025-10-26,8,5163.47,66,3,5,5,Loyal
U004818,2025-01-20,1,559.99,345,1,1,1,Hibernating
U004819,2025-12-01,1,806.14,30,4,1,1,New & Promising
U004820,2025-06-14,2,1083.65,200,1,1,1,Hibernating
U004821,2025-11-26,2,873.9499999999999,35,4,1,1,New & Promising
U004822,2025-11-10,3,3284.42,51,3,2,4,Potential Loyalists
U004823,2025-09-09,3,2274.09,113,2,2,3,Hibernating
U004824,2025-07-05,3,1168.24,179,1,2,1,Hibernating
U004825,2025-11-22,1,310.2,39,3,1,1,Potential Loyalists
U004826,2025-12-24,4,1778.62,7,5,3,2,Potential Loyalists
U004827,2025-11-13,14,11074.62,48,3,5,5,Loyal
U004828,2025-04-10,1,216.95,265,1,1,1,Hibernating
U004829,2025-09-10,5,3504.72,112,2,3,4,At Risk
U004830,2025-11-22,4,2674.93,39,3,3,3,Potential Loyalists
U004832,2025-12-07,7,4374.57,24,4,4,4,Champions
U004833,2025-06-02,5,1409.66,212,1,3,2,At Risk
U004834,2025-08-08,1,498.47,145,1,1,1,Hibernating
U004835,2025-12-13,6,3775.15,18,4,4,4,Champions
U004836,2025-04-24,1,396.76,251,1,1,1,Hibernating
U004837,2025-10-29,3,1955.98,63,3,2,2,Potential Loyalists
U004838,2025-08-12,2,1442.62,141,1,1,2,Hibernating
U004839,2025-12-13,5,4129.53,18,4,3,4,Potential Loyalists
U004840,2025-12-26,9,5641.34,5,5,5,5,Champions
U004841,2025-12-12,5,1609.85,19,4,3,2,Potential Loyalists
U004842,2025-09-27,6,2376.49,95,2,4,3,Loyal
U004843,2025-12-29,4,1992.8799999999999,2,5,3,2,Potential Loyalists
U004844,2025-05-21,2,503.09,224,1,1,1,Hibernating
U004846,2025-12-09,5,2644.24,22,4,3,3,Potential Loyalists
U004847,2025-12-17,4,2748.65,14,5,3,3,Potential Loyalists
U004848,2025-11-10,2,1006.8700000000001,51,3,1,1,Potential Loyalists
U004849,2025-11-12,5,2588.67,49,3,3,3,Potential Loyalists
U004850,2025-09-13,1,788.48,109,2,1,1,Hibernating
U004852,2025-10-05,5,4929.06,87,2,3,5,At Risk
U004853,2025-07-26,2,1054.2,158,1,1,1,Hibernating
U004854,2025-11-10,5,3495.22,51,3,3,4,Potential Loyalists
U004856,2025-11-15,7,5773.68,46,3,4,5,Loyal
U004857,2025-10-29,7,7063.93,63,3,4,5,Loyal
U004858,2025-12-04,4,2638.2599999999998,27,4,3,3,Potential Loyalists
U004859,2025-12-15,9,5492.13,16,5,5,5,Champions
U004860,2025-08-30,4,2271.44,123,2,3,3,At Risk
U004861,2025-03-24,1,353.51,282,1,1,1,Hibernating
U004862,2025-07-04,1,515.39,180,1,1,1,Hibernating
U004863,2025-09-20,4,4202.38,102,2,3,4,At Risk
U004864,2025-02-24,1,410.07,310,1,1,1,Hibernating
U004865,2025-12-03,13,6624.05,28,4,5,5,Champions
U004866,2025-08-08,5,1746.97,145,1,3,2,At Risk
U004867,2025-12-25,5,2096.92,6,5,3,2,Potential Loyalists
U004868,2025-09-22,1,161.1,100,2,1,1,Hibernating
U004870,2025-12-18,10,6091.55,13,5,5,5,Champions
U004871,2025-12-02,4,2723.58,29,4,3,3,Potential Loyalists
U004874,2025-10-05,4,2296.28,87,2,3,3,At Risk
U004875,2025-12-23,3,1923.3200000000002,8,5,2,2,New & Promising
U004876,2025-10-03,3,2314.09,89,2,2,3,Hibernating
U004877,2025-12-13,6,2839.66,18,4,4,3,Champions
U004878,2025-11-06,6,2372.43,55,3,4,3,Loyal
U004879,2025-12-13,8,3274.58,18,4,5,4,Champions
U004880,2025-12-01,3,1052.38,30,4,2,1,New & Promising
U004881,2025-05-19,2,449.5,226,1,1,1,Hibernating
U004882,2025-05-19,2,615.48,226,1,1,1,Hibernating
U004883,2025-12-11,3,1238.6399999999999,20,4,2,2,New & Promising
U004884,2025-06-19,2,1221.44,195,1,1,2,Hibernating
U004886,2025-10-26,5,3712.28,66,3,3,4,Potential Loyalists
U004887,2025-02-11,1,411.52,323,1,1,1,Hibernating
U004888,2025-12-12,3,1382.8799999999999,19,4,2,2,New & Promising
U004889,2025-10-10,7,6492.86,82,2,4,5,Loyal
U004890,2025-11-03,2,631.8,58,3,1,1,Potential Loyalists
U004891,2025-11-30,13,8575.45,31,4,5,5,Champions
U004892,2025-10-16,5,2697.27,76,2,3,3,At Risk
U004893,2025-11-21,3,1185.8,40,3,2,1,Potential Loyalists
U004894,2025-12-12,7,5535.9,19,4,4,5,Champions
U004896,2025-09-26,8,7025.63,96,2,5,5,Loyal
U004897,2025-10-10,6,3148.56,82,2,4,3,Loyal
U004898,2025-12-25,9,7232.84,6,5,5,5,Champions
U004899,2025-11-08,5,2109.73,53,3,3,2,Potential Loyalists
U004900,2025-09-13,4,2107.86,109,2,3,2,At Risk
U004901,2025-08-06,8,6307.88,147,1,5,5,Loyal
U004902,2025-11-28,5,2247.35,33,4,3,3,Potential Loyalists
U004904,2025-10-24,5,4049.37,68,2,3,4,At Risk
U004905,2025-07-21,3,1545.97,163,1,2,2,Hibernating
U004906,2025-06-27,1,223.0,187,1,1,1,Hibernating
U004907,2025-06-19,2,702.71,195,1,1,1,Hibernating
U004908,2025-08-25,6,2592.92,128,2,4,3,Loyal
U004909,2025-09-02,3,2949.74,120,2,2,3,Hibernating
U004910,2025-10-16,6,3748.2400000000002,76,2,4,4,Loyal
U004911,2025-12-24,4,1699.33,7,5,3,2,Potential Loyalists
U004912,2025-12-27,5,3509.8,4,5,3,4,Potential Loyalists
U004913,2025-07-18,4,3983.84,166,1,3,4,At Risk
U004915,2025-12-21,6,3592.23,10,5,4,4,Champions
U004916,2025-08-31,1,526.04,122,2,1,1,Hibernating
U004917,2025-10-24,8,4737.75,68,2,5,5,Loyal
U004918,2025-07-28,4,2842.06,156,1,3,3,At Risk
U004920,2025-11-06,2,1695.17,55,3,1,2,Potential Loyalists
U004921,2025-09-28,3,1907.13,94,2,2,2,Hibernating
U004922,2025-08-29,3,2657.0299999999997,124,2,2,3,Hibernating
U004923,2025-12-15,9,4915.03,16,5,5,5,Champions
U004924,2025-12-07,4,2023.01,24,4,3,2,Potential Loyalists
U004925,2025-12-11,11,6305.67,20,4,5,5,Champions
U004926,2025-05-10,4,1948.6499999999999,235,1,3,2,At Risk
U004927,2025-12-10,4,1244.49,21,4,3,2,Potential Loyalists
U004928,2025-09-26,5,2964.5299999999997,96,2,3,3,At Risk
U004929,2025-12-11,5,3731.1,20,4,3,4,Potential Loyalists
U004930,2025-09-23,5,4518.150000000001,99,2,3,4,At Risk
U004931,2025-12-28,11,8007.92,3,5,5,5,Champions
U004932,2025-12-04,5,4155.72,27,4,3,4,Potential Loyalists
U004933,2025-06-15,3,846.9,199,1,2,1,Hibernating
U004934,2025-10-25,3,4467.14,67,3,2,4,Potential Loyalists
U004935,2025-09-03,3,2041.58,119,2,2,2,Hibernating
U004936,2025-12-24,12,7245.42,7,5,5,5,Champions
U004937,2025-11-25,7,5452.02,36,4,4,5,Champions
U004938,2025-08-03,2,885.11,150,1,1,1,Hibernating
U004939,2025-10-25,3,1550.65,67,3,2,2,Potential Loyalists
U004940,2025-11-08,9,9003.16,53,3,5,5,Loyal
U004941,2025-07-18,3,1089.5900000000001,166,1,2,1,Hibernating
U004942,2025-10-30,3,2332.75,62,3,2,3,Potential Loyalists
U004943,2025-12-08,9,5115.95,23,4,5,5,Champions
U004944,2025-02-11,1,304.82,323,1,1,1,Hibernating
U004945,2025-12-11,10,6226.820000000001,20,4,5,5,Champions
U004947,2025-12-23,4,2064.51,8,5,3,2,Potential Loyalists
U004948,2025-08-29,3,3228.34,124,2,2,4,Hibernating
U004949,2025-09-22,2,666.24,100,2,1,1,Hibernating
U004950,2025-05-27,2,2081.35,218,1,1,2,Hibernating
U004951,2025-10-24,10,7245.360000000001,68,2,5,5,Loyal
U004952,2025-10-11,7,5311.69,81,2,4,5,Loyal
U004953,2025-07-28,1,534.35,156,1,1,1,Hibernating
U004954,2025-08-25,8,3146.68,128,2,5,3,Loyal
U004955,2025-04-03,1,397.64,272,1,1,1,Hibernating
U004956,2025-12-18,6,2956.3199999999997,13,5,4,3,Champions
U004957,2025-12-14,9,9451.64,17,5,5,5,Champions
U004958,2025-12-21,6,4053.34,10,5,4,4,Champions
U004959,2025-11-21,10,7831.85,40,3,5,5,Loyal
U004960,2025-11-29,4,2550.27,32,4,3,3,Potential Loyalists
U004961,2025-09-14,1,487.57,108,2,1,1,Hibernating
U004962,2025-07-27,3,1824.8799999999999,157,1,2,2,Hibernating
U004963,2025-04-20,1,732.07,255,1,1,1,Hibernating
U004964,2025-11-24,7,4149.66,37,4,4,4,Champions
U004965,2025-12-12,8,4008.53,19,4,5,4,Champions
U004966,2025-12-20,3,1550.33,11,5,2,2,New & Promising
U004967,2025-02-22,1,2005.25,312,1,1,2,Hibernating
U004968,2025-10-10,6,4159.73,82,2,4,4,Loyal
U004969,2025-07-04,2,1595.0,180,1,1,2,Hibernating
U004970,2025-11-26,7,4211.86,35,4,4,4,Champions
U004971,2025-01-28,2,1659.06,337,1,1,2,Hibernating
U004972,2025-10-07,1,995.63,85,2,1,1,Hibernating
U004973,2025-03-25,2,1541.43,281,1,1,2,Hibernating
U004974,2025-12-03,4,2569.92,28,4,3,3,Potential Loyalists
U004975,2025-11-11,6,5775.950000000001,50,3,4,5,Loyal
U004976,2025-12-31,4,3262.9900000000002,0,5,3,4,Potential Loyalists
U004977,2025-11-15,5,3624.67,46,3,3,4,Potential Loyalists
U004978,2025-12-28,9,6857.4,3,5,5,5,Champions
U004979,2025-12-08,3,1755.3000000000002,23,4,2,2,New & Promising
U004980,2025-12-11,6,3185.16,20,4,4,3,Champions
U004981,2025-12-27,1,138.73,4,5,1,1,New & Promising
U004983,2025-12-19,8,5360.2,12,5,5,5,Champions
U004984,2025-10-02,2,742.41,90,2,1,1,Hibernating
U004985,2025-12-04,4,3104.0499999999997,27,4,3,3,Potential Loyalists
U004986,2025-12-10,4,4712.87,21,4,3,4,Potential Loyalists
U004987,2025-06-24,4,2195.11,190,1,3,3,At Risk
U004988,2025-12-13,9,6027.03,18,4,5,5,Champions
U004989,2025-12-04,4,3548.73,27,4,3,4,Potential Loyalists
U004990,2025-06-28,1,337.59,186,1,1,1,Hibernating
U004991,2025-11-09,10,6923.57,52,3,5,5,Loyal
U004992,2025-11-02,4,3224.3900000000003,59,3,3,4,Potential Loyalists
U004993,2025-10-26,1,288.91,66,3,1,1,Potential Loyalists
U004994,2025-12-12,2,1362.4099999999999,19,4,1,2,New & Promising
U004995,2025-11-29,8,3505.08,32,4,5,4,Champions
U004996,2025-12-12,5,2286.35,19,4,3,3,Potential Loyalists
U004997,2025-10-31,7,6622.41,61,3,4,5,Loyal
U004998,2025-12-02,4,2265.2,29,4,3,3,Potential Loyalists
U004999,2025-10-10,2,723.3199999999999,82,2,1,1,Hibernating
U005000,2025-10-20,3,1443.44,72,2,2,2,Hibernating
U005001,2025-11-30,7,6931.299999999999,31,4,4,5,Champions
U005002,2025-12-04,3,1107.71,27,4,2,1,New & Promising
U005003,2025-08-31,2,1921.33,122,2,1,2,Hibernating
U005004,2025-11-01,4,2458.7599999999998,60,3,3,3,Potential Loyalists
U005005,2025-12-10,5,3731.44,21,4,3,4,Potential Loyalists
U005006,2025-03-12,2,1016.3599999999999,294,1,1,1,Hibernating
U005007,2025-12-13,4,3801.5699999999997,18,4,3,4,Potential Loyalists
U005008,2025-10-10,3,2061.7799999999997,82,2,2,2,Hibernating
U005009,2025-12-02,3,2419.1099999999997,29,4,2,3,New & Promising
U005010,2025-09-05,4,2670.82,117,2,3,3,At Risk
U005011,2025-12-24,7,4979.1900000000005,7,5,4,5,Champions
U005012,2025-09-09,1,1079.75,113,2,1,1,Hibernating
U005013,2025-12-12,9,6577.39,19,4,5,5,Champions
U005014,2025-10-08,6,5430.5,84,2,4,5,Loyal
U005015,2025-12-12,4,2251.3,19,4,3,3,Potential Loyalists
U005016,2025-10-26,2,1959.4099999999999,66,3,1,2,Potential Loyalists
U005017,2025-07-22,8,4899.95,162,1,5,5,Loyal
U005018,2025-11-20,3,2981.04,41,3,2,3,Potential Loyalists
U005019,2025-10-21,5,3574.87,71,2,3,4,At Risk
U005020,2025-12-13,8,5488.57,18,4,5,5,Champions
U005021,2025-11-15,6,3815.45,46,3,4,4,Loyal
U005022,2025-02-28,1,648.21,306,1,1,1,Hibernating
U005023,2025-11-02,9,6844.21,59,3,5,5,Loyal
U005024,2025-02-05,2,1699.6999999999998,329,1,1,2,Hibernating
U005025,2025-03-30,1,836.78,276,1,1,1,Hibernating
U005026,2025-06-13,2,1629.27,201,1,1,2,Hibernating
U005027,2025-12-30,4,1820.71,1,5,3,2,Potential Loyalists
U005028,2025-12-19,4,2437.27,12,5,3,3,Potential Loyalists
U005029,2025-11-19,5,2475.21,42,3,3,3,Potential Loyalists
U005030,2025-10-29,2,1489.11,63,3,1,2,Potential Loyalists
U005031,2025-12-23,8,4796.32,8,5,5,5,Champions
U005032,2025-10-24,4,3456.76,68,2,3,4,At Risk
U005033,2025-12-13,1,393.89,18,4,1,1,New & Promising
U005034,2025-09-12,7,3911.0,110,2,4,4,Loyal
U005035,2025-12-14,7,4182.5,17,5,4,4,Champions
U005036,2025-08-31,2,813.06,122,2,1,1,Hibernating
U005037,2025-12-11,3,1508.87,20,4,2,2,New & Promising
U005038,2025-12-15,3,2133.7700000000004,16,5,2,3,New & Promising
U005039,2025-12-15,8,3222.95,16,5,5,4,Champions
U005040,2025-12-03,5,3220.45,28,4,3,4,Potential Loyalists
U005041,2025-08-19,1,473.01,134,1,1,1,Hibernating
U005042,2025-06-04,1,342.83,210,1,1,1,Hibernating
U005043,2025-11-10,4,1723.18,51,3,3,2,Potential Loyalists
U005044,2025-09-28,2,1933.74,94,2,1,2,Hibernating
U005045,2025-12-12,8,4651.67,19,4,5,4,Champions
U005046,2025-04-06,1,304.75,269,1,1,1,Hibernating
U005047,2025-11-05,8,5071.0,56,3,5,5,Loyal
U005048,2025-12-11,8,3483.58,20,4,5,4,Champions
U005049,2025-12-29,5,3249.65,2,5,3,4,Potential Loyalists
U005050,2025-05-07,1,408.53,238,1,1,1,Hibernating
U005051,2025-12-13,11,5439.07,18,4,5,5,Champions
U005052,2025-12-13,5,3081.54,18,4,3,3,Potential Loyalists
U005053,2025-10-27,9,4518.01,65,3,5,4,Loyal
U005054,2025-12-06,1,950.47,25,4,1,1,New & Promising
U005055,2025-12-08,2,663.71,23,4,1,1,New & Promising
U005056,2025-10-20,3,1151.72,72,2,2,1,Hibernating
U005057,2025-12-23,6,4506.26,8,5,4,4,Champions
U005058,2025-07-23,2,946.39,161,1,1,1,Hibernating
U005059,2025-12-09,9,6484.65,22,4,5,5,Champions
U005060,2025-12-28,7,4092.78,3,5,4,4,Champions
U005061,2025-10-19,3,3207.32,73,2,2,4,Hibernating
U005062,2025-12-16,8,4606.5,15,5,5,4,Champions
U005063,2025-12-19,3,1578.67,12,5,2,2,New & Promising
U005064,2025-10-27,4,5712.04,65,3,3,5,Potential Loyalists
U005065,2025-12-28,4,2500.43,3,5,3,3,Potential Loyalists
U005066,2025-07-24,2,1018.72,160,1,1,1,Hibernating
U005067,2025-12-20,3,1164.11,11,5,2,1,New & Promising
U005068,2025-07-17,5,2925.15,167,1,3,3,At Risk
U005069,2025-11-21,5,2546.04,40,3,3,3,Potential Loyalists
U005070,2025-09-25,8,5336.21,97,2,5,5,Loyal
U005071,2025-12-20,9,5369.24,11,5,5,5,Champions
U005072,2025-10-26,8,5107.66,66,3,5,5,Loyal
U005073,2025-11-10,4,1726.6899999999998,51,3,3,2,Potential Loyalists
U005074,2025-09-02,7,3720.29,120,2,4,4,Loyal
U005076,2025-08-05,6,7759.900000000001,148,1,4,5,Loyal
U005077,2025-05-14,4,1929.57,231,1,3,2,At Risk
U005078,2025-06-06,1,785.55,208,1,1,1,Hibernating
U005079,2025-08-30,2,1700.85,123,2,1,2,Hibernating
U005080,2025-12-07,10,7602.74,24,4,5,5,Champions
U005081,2025-12-30,2,1155.5700000000002,1,5,1,1,New & Promising
U005082,2025-03-10,1,366.2,296,1,1,1,Hibernating
U005083,2025-09-26,4,3832.88,96,2,3,4,At Risk
U005084,2025-12-31,14,7199.39,0,5,5,5,Champions
U005085,2025-08-02,3,1991.67,151,1,2,2,Hibernating
U005086,2025-02-01,1,379.86,333,1,1,1,Hibernating
U005087,2025-04-13,4,2979.36,262,1,3,3,At Risk
U005088,2025-12-31,7,4423.9800000000005,0,5,4,4,Champions
U005089,2025-12-24,7,3567.07,7,5,4,4,Champions
U005090,2025-10-25,2,1127.29,67,3,1,1,Potential Loyalists
U005091,2025-08-23,1,445.0,130,1,1,1,Hibernating
U005092,2025-12-29,9,5351.870000000001,2,5,5,5,Champions
U005093,2025-07-02,1,376.64,182,1,1,1,Hibernating
U005094,2025-09-09,3,1223.24,113,2,2,2,Hibernating
U005095,2025-09-09,4,2260.9900000000002,113,2,3,3,At Risk
U005096,2025-10-08,3,1299.68,84,2,2,2,Hibernating
U005097,2025-11-04,2,2507.79,57,3,1,3,Potential Loyalists
U005098,2025-10-20,7,5235.91,72,2,4,5,Loyal
U005099,2025-11-12,6,3327.96,49,3,4,4,Loyal
U005100,2025-09-29,6,3885.92,93,2,4,4,Loyal
U005101,2025-05-10,1,351.0,235,1,1,1,Hibernating
U005102,2025-12-10,11,10422.6,21,4,5,5,Champions
U005103,2025-07-26,3,1261.21,158,1,2,2,Hibernating
U005104,2025-11-23,6,5307.9,38,3,4,5,Loyal
U005105,2025-12-27,8,5401.6,4,5,5,5,Champions
U005106,2025-09-24,3,1264.22,98,2,2,2,Hibernating
U005107,2025-10-18,4,1942.5,74,2,3,2,At Risk
U005108,2025-12-05,3,1554.78,26,4,2,2,New & Promising
U005109,2025-11-12,5,2710.55,49,3,3,3,Potential Loyalists
U005110,2025-06-26,2,819.7,188,1,1,1,Hibernating
U005111,2025-12-02,3,3851.08,29,4,2,4,New & Promising
U005112,2025-11-26,2,534.8399999999999,35,4,1,1,New & Promising
U005113,2025-06-12,1,876.08,202,1,1,1,Hibernating
U005114,2025-10-07,7,4620.51,85,2,4,4,Loyal
U005115,2025-12-30,7,2978.29,1,5,4,3,Champions
U005116,2025-06-07,4,1916.51,207,1,3,2,At Risk
U005117,2025-09-08,5,2061.3199999999997,114,2,3,2,At Risk
U005118,2025-12-17,6,5135.6900000000005,14,5,4,5,Champions
U005119,2025-11-10,8,4985.52,51,3,5,5,Loyal
U005120,2025-11-19,8,4575.92,42,3,5,4,Loyal
U005121,2025-09-27,2,860.4,95,2,1,1,Hibernating
U005122,2025-09-16,2,1448.6799999999998,106,2,1,2,Hibernating
U005123,2025-10-16,9,4751.51,76,2,5,5,Loyal
U005124,2025-09-20,1,487.6,102,2,1,1,Hibernating
U005125,2025-12-13,3,1891.65,18,4,2,2,New & Promising
U005126,2025-03-26,3,1533.66,280,1,2,2,Hibernating
U005128,2025-12-08,4,1910.6,23,4,3,2,Potential Loyalists
U005129,2025-11-01,3,1095.81,60,3,2,1,Potential Loyalists
U005130,2025-10-23,9,4684.66,69,2,5,4,Loyal
U005131,2025-10-22,3,1864.6399999999999,70,2,2,2,Hibernating
U005132,2025-12-01,11,6448.58,30,4,5,5,Champions
U005133,2025-04-06,1,763.45,269,1,1,1,Hibernating
U005134,2025-08-03,1,704.71,150,1,1,1,Hibernating
U005135,2025-11-27,6,2604.38,34,4,4,3,Champions
U005136,2025-12-03,5,3554.6499999999996,28,4,3,4,Potential Loyalists
U005137,2025-11-05,4,1753.51,56,3,3,2,Potential Loyalists
U005138,2025-12-01,9,5284.2,30,4,5,5,Champions
U005140,2025-12-27,6,3412.29,4,5,4,4,Champions
U005141,2025-12-31,2,1145.58,0,5,1,1,New & Promising
U005142,2025-12-28,4,2534.29,3,5,3,3,Potential Loyalists
U005143,2025-12-27,4,4770.12,4,5,3,5,Potential Loyalists
U005145,2025-11-10,6,4316.38,51,3,4,4,Loyal
U005146,2025-10-31,11,5427.28,61,3,5,5,Loyal
U005147,2025-12-30,9,6441.94,1,5,5,5,Champions
U005148,2025-12-16,2,1051.74,15,5,1,1,New & Promising
U005149,2025-11-09,3,1327.05,52,3,2,2,Potential Loyalists
U005150,2025-12-18,9,4638.78,13,5,5,4,Champions
U005151,2025-09-08,1,350.17,114,2,1,1,Hibernating
U005152,2025-07-27,6,5134.66,157,1,4,5,Loyal
U005153,2025-12-12,4,1877.1999999999998,19,4,3,2,Potential Loyalists
U005154,2025-10-30,4,3176.0,62,3,3,3,Potential Loyalists
U005155,2025-12-01,8,4684.02,30,4,5,4,Champions
U005156,2025-11-19,6,2688.8900000000003,42,3,4,3,Loyal
U005157,2025-11-20,7,3726.19,41,3,4,4,Loyal
U005158,2025-10-04,6,6697.4,88,2,4,5,Loyal
U005159,2025-02-21,2,890.98,313,1,1,1,Hibernating
U005160,2025-08-03,2,963.75,150,1,1,1,Hibernating
U005161,2025-12-13,4,3972.63,18,4,3,4,Potential Loyalists
U005163,2025-12-13,7,5028.42,18,4,4,5,Champions
U005164,2025-06-28,3,1147.89,186,1,2,1,Hibernating
U005165,2025-10-25,8,6595.2,67,3,5,5,Loyal
U005166,2025-09-22,4,2042.94,100,2,3,2,At Risk
U005168,2025-12-21,12,10454.47,10,5,5,5,Champions
U005169,2025-03-26,3,1435.75,280,1,2,2,Hibernating
U005170,2025-12-25,3,4050.67,6,5,2,4,New & Promising
U005171,2025-10-17,2,883.3199999999999,75,2,1,1,Hibernating
U005172,2025-12-07,3,1447.65,24,4,2,2,New & Promising
U005173,2025-12-20,7,3033.2200000000003,11,5,4,3,Champions
U005174,2025-12-04,2,1756.52,27,4,1,2,New & Promising
U005175,2025-07-27,2,393.9,157,1,1,1,Hibernating
U005176,2025-12-28,4,3985.08,3,5,3,4,Potential Loyalists
U005177,2025-12-08,9,4383.85,23,4,5,4,Champions
U005178,2025-12-08,4,1607.71,23,4,3,2,Potential Loyalists
U005179,2025-11-16,9,6404.57,45,3,5,5,Loyal
U005180,2025-10-04,2,986.48,88,2,1,1,Hibernating
U005183,2025-11-25,9,6795.72,36,4,5,5,Champions
U005184,2025-12-29,4,3518.88,2,5,3,4,Potential Loyalists
U005185,2025-09-09,2,968.74,113,2,1,1,Hibernating
U005186,2025-10-17,10,7394.41,75,2,5,5,Loyal
U005187,2025-10-25,3,953.1,67,3,2,1,Potential Loyalists
U005188,2025-12-04,7,5132.6,27,4,4,5,Champions
U005189,2025-10-23,4,2290.1800000000003,69,2,3,3,At Risk
U005190,2025-12-07,10,5547.93,24,4,5,5,Champions
U005191,2025-11-15,2,1136.25,46,3,1,1,Potential Loyalists
U005192,2025-12-01,6,3326.31,30,4,4,4,Champions
U005193,2025-08-21,8,4343.4,132,1,5,4,Loyal
U005194,2025-12-24,5,1755.26,7,5,3,2,Potential Loyalists
U005195,2025-11-05,6,4524.389999999999,56,3,4,4,Loyal
U005196,2025-11-11,5,1924.0800000000002,50,3,3,2,Potential Loyalists
U005197,2025-11-19,10,6518.73,42,3,5,5,Loyal
U005198,2025-12-11,5,2296.39,20,4,3,3,Potential Loyalists
U005199,2025-12-30,1,315.31,1,5,1,1,New & Promising
U005200,2025-08-31,5,2563.97,122,2,3,3,At Risk
U005201,2025-03-30,4,2030.0800000000002,276,1,3,2,At Risk
U005202,2025-08-30,3,1860.1399999999999,123,2,2,2,Hibernating
U005203,2025-11-11,5,2533.21,50,3,3,3,Potential Loyalists
U005204,2025-11-20,5,1956.01,41,3,3,2,Potential Loyalists
U005205,2025-09-18,1,315.57,104,2,1,1,Hibernating
U005206,2025-11-10,2,803.94,51,3,1,1,Potential Loyalists
U005207,2025-11-05,12,8253.98,56,3,5,5,Loyal
U005208,2025-11-25,5,2609.06,36,4,3,3,Potential Loyalists
U005209,2025-10-17,14,9357.78,75,2,5,5,Loyal
U005210,2025-11-22,2,610.27,39,3,1,1,Potential Loyalists
U005212,2025-11-26,9,6304.01,35,4,5,5,Champions
U005213,2025-08-22,7,2912.63,131,1,4,3,Loyal
U005214,2025-12-30,7,3787.07,1,5,4,4,Champions
U005215,2025-11-20,1,294.47,41,3,1,1,Potential Loyalists
U005216,2025-07-25,4,1541.51,159,1,3,2,At Risk
U005217,2025-09-04,5,3433.38,118,2,3,4,At Risk
U005218,2025-12-26,10,8860.71,5,5,5,5,Champions
U005219,2025-09-01,8,8106.82,121,2,5,5,Loyal
U005220,2025-01-25,1,1352.12,340,1,1,2,Hibernating
U005221,2025-11-28,6,5524.7,33,4,4,5,Champions
U005222,2025-11-09,2,463.73,52,3,1,1,Potential Loyalists
U005223,2025-08-21,3,1261.76,132,1,2,2,Hibernating
U005225,2025-11-26,2,899.48,35,4,1,1,New & Promising
U005226,2025-09-03,8,4718.03,119,2,5,4,Loyal
U005227,2025-11-06,3,853.49,55,3,2,1,Potential Loyalists
U005228,2025-10-09,6,5251.62,83,2,4,5,Loyal
U005229,2025-12-09,6,2751.86,22,4,4,3,Champions
U005230,2025-12-13,7,2525.98,18,4,4,3,Champions
U005231,2025-12-08,2,907.1600000000001,23,4,1,1,New & Promising
U005232,2025-11-26,3,1870.03,35,4,2,2,New & Promising
U005233,2025-11-01,6,4525.96,60,3,4,4,Loyal
U005234,2025-07-25,2,692.67,159,1,1,1,Hibernating
U005235,2025-11-18,4,1797.21,43,3,3,2,Potential Loyalists
U005236,2025-11-12,1,199.4,49,3,1,1,Potential Loyalists
U005237,2025-07-07,1,1144.71,177,1,1,1,Hibernating
U005238,2025-09-10,3,836.71,112,2,2,1,Hibernating
U005239,2025-12-11,7,3969.6,20,4,4,4,Champions
U005240,2025-11-19,6,2616.04,42,3,4,3,Loyal
U005241,2025-12-05,2,1096.84,26,4,1,1,New & Promising
U005242,2025-11-01,2,2437.4,60,3,1,3,Potential Loyalists
U005243,2025-12-29,5,3616.21,2,5,3,4,Potential Loyalists
U005244,2025-05-27,1,344.43,218,1,1,1,Hibernating
U005245,2025-11-30,9,4950.55,31,4,5,5,Champions
U005246,2025-06-06,2,743.9399999999999,208,1,1,1,Hibernating
U005247,2025-11-03,4,1320.99,58,3,3,2,Potential Loyalists
U005248,2025-08-21,4,1403.46,132,1,3,2,At Risk
U005249,2025-11-02,1,844.94,59,3,1,1,Potential Loyalists
U005250,2025-12-29,2,448.28,2,5,1,1,New & Promising
U005251,2025-08-09,3,1747.08,144,1,2,2,Hibernating
U005252,2025-07-11,2,930.74,173,1,1,1,Hibernating
U005253,2025-12-30,4,3849.89,1,5,3,4,Potential Loyalists
U005254,2025-05-26,2,938.34,219,1,1,1,Hibernating
U005255,2025-10-13,3,954.5699999999999,79,2,2,1,Hibernating
U005256,2025-12-13,6,3262.0699999999997,18,4,4,4,Champions
U005257,2025-10-12,5,5527.11,80,2,3,5,At Risk
U005258,2025-10-19,4,3238.64,73,2,3,4,At Risk
U005259,2025-12-16,13,10072.3,15,5,5,5,Champions
U005260,2025-12-28,11,4662.66,3,5,5,4,Champions
U005261,2025-12-12,4,3383.0299999999997,19,4,3,4,Potential Loyalists
U005262,2025-11-17,8,4775.18,44,3,5,5,Loyal
U005263,2025-09-05,5,3500.1499999999996,117,2,3,4,At Risk
U005264,2025-12-30,5,3070.64,1,5,3,3,Potential Loyalists
U005265,2025-12-14,3,2450.55,17,5,2,3,New & Promising
U005266,2025-06-17,1,888.66,197,1,1,1,Hibernating
U005267,2025-11-15,5,1333.37,46,3,3,2,Potential Loyalists
U005268,2025-08-14,7,4240.73,139,1,4,4,Loyal
U005269,2025-01-06,1,460.1,359,1,1,1,Hibernating
U005270,2025-11-17,4,2780.06,44,3,3,3,Potential Loyalists
U005271,2025-12-07,4,3029.2000000000003,24,4,3,3,Potential Loyalists
U005272,2025-09-12,5,3097.02,110,2,3,3,At Risk
U005273,2025-12-12,6,2694.84,19,4,4,3,Champions
U005274,2025-12-18,6,3779.11,13,5,4,4,Champions
U005275,2025-10-26,2,1778.63,66,3,1,2,Potential Loyalists
U005276,2025-12-21,10,5344.14,10,5,5,5,Champions
U005277,2025-12-25,7,4565.79,6,5,4,4,Champions
U005278,2025-11-12,4,5649.0,49,3,3,5,Potential Loyalists
U005279,2025-12-14,6,2844.46,17,5,4,3,Champions
U005280,2025-12-06,6,2773.2799999999997,25,4,4,3,Champions
U005281,2025-12-14,3,2036.72,17,5,2,2,New & Promising
U005282,2025-09-02,4,1441.4,120,2,3,2,At Risk
U005283,2025-12-17,4,3359.7999999999997,14,5,3,4,Potential Loyalists
U005284,2025-12-12,7,3938.91,19,4,4,4,Champions
U005285,2025-09-19,9,5425.29,103,2,5,5,Loyal
U005286,2025-09-17,6,3923.84,105,2,4,4,Loyal
U005287,2025-11-15,8,5933.89,46,3,5,5,Loyal
U005288,2025-08-04,2,1418.9099999999999,149,1,1,2,Hibernating
U005289,2025-11-07,3,2050.54,54,3,2,2,Potential Loyalists
U005290,2025-12-19,6,3910.48,12,5,4,4,Champions
U005291,2025-05-11,3,2533.76,234,1,2,3,Hibernating
U005292,2025-11-25,6,4058.5299999999997,36,4,4,4,Champions
U005293,2025-08-20,6,1903.97,133,1,4,2,Loyal
U005294,2025-12-19,1,394.0,12,5,1,1,New & Promising
U005295,2025-12-20,5,3667.6800000000003,11,5,3,4,Potential Loyalists
U005296,2025-06-01,1,367.1,213,1,1,1,Hibernating
U005297,2025-09-28,2,1800.83,94,2,1,2,Hibernating
U005298,2025-09-21,4,2188.06,101,2,3,3,At Risk
U005299,2025-03-20,5,2113.31,286,1,3,2,At Risk
U005300,2025-12-03,4,2460.67,28,4,3,3,Potential Loyalists
U005301,2025-10-31,4,2332.37,61,3,3,3,Potential Loyalists
U005302,2025-12-11,8,2881.54,20,4,5,3,Champions
U005303,2025-11-11,6,3575.17,50,3,4,4,Loyal
U005304,2025-11-11,3,5927.46,50,3,2,5,Potential Loyalists
U005305,2025-08-22,4,2201.26,131,1,3,3,At Risk
U005306,2025-08-04,5,2019.07,149,1,3,2,At Risk
U005307,2025-11-17,1,507.88,44,3,1,1,Potential Loyalists
U005308,2025-12-17,4,1524.25,14,5,3,2,Potential Loyalists
U005309,2025-12-30,5,2443.39,1,5,3,3,Potential Loyalists
U005310,2025-12-26,6,2843.64,5,5,4,3,Champions
U005311,2025-12-26,2,1665.44,5,5,1,2,New & Promising
U005312,2025-12-13,7,3332.15,18,4,4,4,Champions
U005313,2025-10-27,5,3061.93,65,3,3,3,Potential Loyalists
U005314,2025-12-21,10,8400.18,10,5,5,5,Champions
U005315,2025-09-19,4,2122.3,103,2,3,3,At Risk
U005316,2025-12-26,6,2786.52,5,5,4,3,Champions
U005317,2025-05-25,2,715.93,220,1,1,1,Hibernating
U005318,2025-12-30,7,3499.52,1,5,4,4,Champions
U005319,2025-05-05,2,836.4399999999999,240,1,1,1,Hibernating
U005320,2025-11-22,9,6794.12,39,3,5,5,Loyal
U005321,2025-12-15,4,2549.45,16,5,3,3,Potential Loyalists
U005322,2025-11-02,4,1190.88,59,3,3,1,Potential Loyalists
U005323,2025-11-02,5,2822.73,59,3,3,3,Potential Loyalists
U005324,2025-12-06,4,2673.56,25,4,3,3,Potential Loyalists
U005325,2025-12-28,6,3362.4900000000002,3,5,4,4,Champions
U005326,2025-09-30,4,2030.5,92,2,3,2,At Risk
U005327,2025-12-01,5,2600.35,30,4,3,3,Potential Loyalists
U005328,2025-06-09,4,2298.53,205,1,3,3,At Risk
U005329,2025-03-06,1,326.72,300,1,1,1,Hibernating
U005330,2025-07-25,6,2272.39,159,1,4,3,Loyal
U005331,2025-04-26,1,354.83,249,1,1,1,Hibernating
U005332,2025-12-17,8,4628.79,14,5,5,4,Champions
U005333,2025-12-28,5,1469.03,3,5,3,2,Potential Loyalists
U005334,2025-12-14,4,2150.58,17,5,3,3,Potential Loyalists
U005335,2025-11-20,5,3196.5,41,3,3,3,Potential Loyalists
U005336,2025-09-26,3,1810.4499999999998,96,2,2,2,Hibernating
U005337,2025-11-02,2,2070.0,59,3,1,2,Potential Loyalists
U005338,2025-10-03,3,956.0999999999999,89,2,2,1,Hibernating
U005339,2025-10-19,5,4877.75,73,2,3,5,At Risk
U005340,2025-12-26,9,7853.3099999999995,5,5,5,5,Champions
U005341,2025-09-08,5,1842.7,114,2,3,2,At Risk
U005342,2025-12-05,4,2478.24,26,4,3,3,Potential Loyalists
U005343,2025-09-07,3,1380.07,115,2,2,2,Hibernating
U005344,2025-06-15,2,485.39,199,1,1,1,Hibernating
U005345,2025-09-16,4,2049.77,106,2,3,2,At Risk
U005346,2025-09-24,7,3071.38,98,2,4,3,Loyal
U005347,2025-12-28,10,8100.110000000001,3,5,5,5,Champions
U005349,2025-12-05,2,697.56,26,4,1,1,New & Promising
U005350,2025-12-07,16,12969.24,24,4,5,5,Champions
U005351,2025-12-23,6,3843.46,8,5,4,4,Champions
U005352,2025-12-01,4,2797.25,30,4,3,3,Potential Loyalists
U005353,2025-06-22,2,2900.79,192,1,1,3,Hibernating
U005354,2025-06-19,6,2042.92,195,1,4,2,Loyal
U005355,2025-11-30,4,978.85,31,4,3,1,Potential Loyalists
U005356,2025-10-19,6,3958.2,73,2,4,4,Loyal
U005357,2025-12-31,7,3745.23,0,5,4,4,Champions
U005358,2025-09-29,4,1608.2800000000002,93,2,3,2,At Risk
U005359,2025-12-17,5,4909.78,14,5,3,5,Potential Loyalists
U005360,2025-12-31,9,4538.95,0,5,5,4,Champions
U005361,2025-01-25,2,1238.75,340,1,1,2,Hibernating
U005362,2025-09-27,3,2561.41,95,2,2,3,Hibernating
U005363,2025-10-11,6,3676.4700000000003,81,2,4,4,Loyal
U005364,2025-08-05,3,1071.28,148,1,2,1,Hibernating
U005365,2025-09-14,3,885.96,108,2,2,1,Hibernating
U005366,2025-11-09,6,6570.15,52,3,4,5,Loyal
U005367,2025-05-28,2,1201.62,217,1,1,2,Hibernating
U005368,2025-12-12,4,1551.1599999999999,19,4,3,2,Potential Loyalists
U005369,2025-12-23,5,3101.09,8,5,3,3,Potential Loyalists
U005370,2025-09-13,3,1267.66,109,2,2,2,Hibernating
U005371,2025-11-25,6,3895.59,36,4,4,4,Champions
U005372,2025-12-29,9,5247.41,2,5,5,5,Champions
U005373,2025-12-27,5,2258.24,4,5,3,3,Potential Loyalists
U005374,2025-11-24,1,231.34,37,4,1,1,New & Promising
U005375,2025-05-18,4,4497.780000000001,227,1,3,4,At Risk
U005376,2025-12-20,9,6905.33,11,5,5,5,Champions
U005377,2025-07-27,4,3133.6,157,1,3,3,At Risk
U005378,2025-11-02,3,2072.03,59,3,2,2,Potential Loyalists
U005379,2025-02-28,2,2156.9900000000002,306,1,1,3,Hibernating
U005380,2025-11-30,10,10039.4,31,4,5,5,Champions
U005381,2025-11-24,6,6521.59,37,4,4,5,Champions
U005382,2025-06-25,2,2180.75,189,1,1,3,Hibernating
U005383,2025-12-06,6,4102.599999999999,25,4,4,4,Champions
U005384,2025-10-27,3,1673.31,65,3,2,2,Potential Loyalists
U005385,2025-08-06,1,188.26,147,1,1,1,Hibernating
U005386,2025-07-09,5,1868.3500000000001,175,1,3,2,At Risk
U005387,2025-11-05,4,1931.1399999999999,56,3,3,2,Potential Loyalists
U005388,2025-12-17,8,4402.48,14,5,5,4,Champions
U005389,2025-05-25,2,1339.1699999999998,220,1,1,2,Hibernating
U005391,2025-04-17,1,466.9,258,1,1,1,Hibernating
U005392,2025-12-20,4,2249.02,11,5,3,3,Potential Loyalists
U005393,2025-07-14,2,1017.2099999999999,170,1,1,1,Hibernating
U005394,2025-10-15,3,2153.77,77,2,2,3,Hibernating
U005395,2025-11-22,3,1049.49,39,3,2,1,Potential Loyalists
U005396,2025-10-23,4,2823.6499999999996,69,2,3,3,At Risk
U005397,2025-04-06,2,984.3,269,1,1,1,Hibernating
U005398,2025-06-13,4,5093.6,201,1,3,5,At Risk
U005399,2025-12-25,11,6647.25,6,5,5,5,Champions
U005400,2025-11-24,4,2106.2200000000003,37,4,3,2,Potential Loyalists
U005401,2025-12-30,12,6828.58,1,5,5,5,Champions
U005402,2025-05-11,3,1375.31,234,1,2,2,Hibernating
U005403,2025-11-13,4,2666.2799999999997,48,3,3,3,Potential Loyalists
U005404,2025-10-28,12,7981.55,64,3,5,5,Loyal
U005405,2025-11-21,2,1384.56,40,3,1,2,Potential Loyalists
U005406,2025-07-08,4,4487.76,176,1,3,4,At Risk
U005407,2025-10-31,6,3589.69,61,3,4,4,Loyal
U005408,2025-12-24,7,3247.14,7,5,4,4,Champions
U005409,2025-12-23,13,5313.07,8,5,5,5,Champions
U005410,2025-12-13,4,2211.68,18,4,3,3,Potential Loyalists
U005411,2025-12-21,3,2126.71,10,5,2,3,New & Promising
U005412,2025-12-13,10,5335.97,18,4,5,5,Champions
U005413,2025-10-23,5,3411.3599999999997,69,2,3,4,At Risk
U005414,2025-11-10,11,9301.369999999999,51,3,5,5,Loyal
U005416,2025-06-18,6,2589.37,196,1,4,3,Loyal
U005417,2025-12-29,6,4340.219999999999,2,5,4,4,Champions
U005418,2025-11-22,10,6714.7300000000005,39,3,5,5,Loyal
U005419,2025-08-13,6,1877.02,140,1,4,2,Loyal
U005422,2025-09-15,6,3331.93,107,2,4,4,Loyal
U005423,2025-04-08,1,380.39,267,1,1,1,Hibernating
U005424,2025-01-26,2,2110.49,339,1,1,2,Hibernating
U005425,2025-11-12,1,2448.75,49,3,1,3,Potential Loyalists
U005426,2025-12-11,3,1785.54,20,4,2,2,New & Promising
U005427,2025-04-13,2,1248.54,262,1,1,2,Hibernating
U005428,2025-11-17,4,2212.58,44,3,3,3,Potential Loyalists
U005430,2025-12-13,4,1839.52,18,4,3,2,Potential Loyalists
U005431,2025-12-31,6,4864.89,0,5,4,5,Champions
U005432,2025-11-10,3,3259.0699999999997,51,3,2,4,Potential Loyalists
U005433,2025-12-08,3,1809.21,23,4,2,2,New & Promising
U005434,2025-12-29,5,2001.6,2,5,3,2,Potential Loyalists
U005436,2025-12-02,7,5735.639999999999,29,4,4,5,Champions
U005437,2025-11-12,3,1956.32,49,3,2,2,Potential Loyalists
U005438,2025-06-28,3,2696.49,186,1,2,3,Hibernating
U005439,2025-11-03,7,4012.67,58,3,4,4,Loyal
U005440,2025-09-23,2,875.4000000000001,99,2,1,1,Hibernating
U005441,2025-03-02,1,359.29,304,1,1,1,Hibernating
U005443,2025-12-25,4,4373.77,6,5,3,4,Potential Loyalists
U005444,2025-08-22,4,2192.07,131,1,3,3,At Risk
U005445,2025-10-20,10,6610.11,72,2,5,5,Loyal
U005446,2025-11-19,2,766.6800000000001,42,3,1,1,Potential Loyalists
U005447,2025-12-07,5,2630.22,24,4,3,3,Potential Loyalists
U005448,2025-08-28,2,1324.77,125,2,1,2,Hibernating
U005449,2025-07-16,1,410.1,168,1,1,1,Hibernating
U005450,2025-11-24,8,5494.51,37,4,5,5,Champions
U005451,2025-10-31,6,1956.09,61,3,4,2,Loyal
U005452,2025-08-18,2,4102.22,135,1,1,4,Hibernating
U005453,2025-05-16,3,1404.44,229,1,2,2,Hibernating
U005454,2025-11-05,15,8464.67,56,3,5,5,Loyal
U005455,2025-10-28,2,620.61,64,3,1,1,Potential Loyalists
U005456,2025-11-04,8,7270.22,57,3,5,5,Loyal
U005457,2025-07-06,9,5609.01,178,1,5,5,Loyal
U005458,2025-12-03,8,4874.0199999999995,28,4,5,5,Champions
U005459,2025-12-19,11,7911.91,12,5,5,5,Champions
U005461,2025-12-01,10,5383.8099999999995,30,4,5,5,Champions
U005462,2025-12-29,4,1365.46,2,5,3,2,Potential Loyalists
U005463,2025-12-27,2,2420.3500000000004,4,5,1,3,New & Promising
U005464,2025-01-13,1,790.97,352,1,1,1,Hibernating
U005466,2025-05-06,2,1212.29,239,1,1,2,Hibernating
U005467,2025-06-05,1,168.88,209,1,1,1,Hibernating
U005468,2025-12-03,7,3821.78,28,4,4,4,Champions
U005469,2025-12-28,8,6710.7699999999995,3,5,5,5,Champions
U005470,2025-12-11,3,1641.5,20,4,2,2,New & Promising
U005471,2025-12-23,8,6744.98,8,5,5,5,Champions
U005472,2025-11-06,4,2635.73,55,3,3,3,Potential Loyalists
U005473,2025-12-17,3,2494.0499999999997,14,5,2,3,New & Promising
U005474,2025-11-26,3,2152.06,35,4,2,3,New & Promising
U005475,2025-12-02,7,4320.12,29,4,4,4,Champions
U005476,2025-12-24,6,3045.26,7,5,4,3,Champions
U005477,2025-12-02,3,1148.4299999999998,29,4,2,1,New & Promising
U005478,2025-05-06,1,1686.12,239,1,1,2,Hibernating
U005479,2025-09-15,1,421.03,107,2,1,1,Hibernating
U005480,2025-08-18,6,3296.77,135,1,4,4,Loyal
U005481,2025-08-22,2,567.78,131,1,1,1,Hibernating
U005482,2025-10-31,8,3899.31,61,3,5,4,Loyal
U005483,2025-11-19,1,330.17,42,3,1,1,Potential Loyalists
U005484,2025-09-09,4,1999.6000000000001,113,2,3,2,At Risk
U005485,2025-11-03,6,4206.56,58,3,4,4,Loyal
U005486,2025-01-28,2,1008.8399999999999,337,1,1,1,Hibernating
U005487,2025-09-16,8,5660.96,106,2,5,5,Loyal
U005488,2025-10-11,3,1717.76,81,2,2,2,Hibernating
U005489,2025-12-23,6,2420.0099999999998,8,5,4,3,Champions
U005490,2025-10-04,3,1757.8400000000001,88,2,2,2,Hibernating
U005493,2025-10-16,5,3108.14,76,2,3,3,At Risk
U005494,2025-12-31,7,6695.5,0,5,4,5,Champions
U005495,2025-11-12,5,1992.1699999999998,49,3,3,2,Potential Loyalists
U005496,2025-05-30,3,4505.63,215,1,2,4,Hibernating
U005497,2025-12-21,4,2941.85,10,5,3,3,Potential Loyalists
U005498,2025-11-29,6,4317.23,32,4,4,4,Champions
U005499,2025-10-06,1,273.73,86,2,1,1,Hibernating
U005500,2025-03-28,1,492.48,278,1,1,1,Hibernating
U005501,2025-12-29,15,9604.130000000001,2,5,5,5,Champions
U005502,2025-10-16,5,2408.21,76,2,3,3,At Risk
U005503,2025-02-23,1,590.08,311,1,1,1,Hibernating
U005504,2025-12-20,9,5857.849999999999,11,5,5,5,Champions
U005505,2025-11-29,2,914.4200000000001,32,4,1,1,New & Promising
U005506,2025-11-10,5,3646.4700000000003,51,3,3,4,Potential Loyalists
U005507,2025-09-29,2,790.72,93,2,1,1,Hibernating
U005508,2025-06-01,3,2205.65,213,1,2,3,Hibernating
U005509,2025-09-20,6,3571.63,102,2,4,4,Loyal
U005510,2025-11-08,1,554.61,53,3,1,1,Potential Loyalists
U005511,2025-07-20,1,1686.76,164,1,1,2,Hibernating
U005512,2025-09-13,2,1645.0600000000002,109,2,1,2,Hibernating
U005513,2025-12-14,6,5082.9400000000005,17,5,4,5,Champions
U005515,2025-10-27,3,1682.06,65,3,2,2,Potential Loyalists
U005516,2025-07-29,2,975.65,155,1,1,1,Hibernating
U005517,2025-11-28,6,2981.44,33,4,4,3,Champions
U005518,2025-06-06,2,3542.9199999999996,208,1,1,4,Hibernating
U005519,2025-12-09,4,2188.7200000000003,22,4,3,3,Potential Loyalists
U005520,2025-08-27,3,2348.9900000000002,126,2,2,3,Hibernating
U005521,2025-08-27,8,4175.55,126,2,5,4,Loyal
U005522,2025-11-12,5,4398.29,49,3,3,4,Potential Loyalists
U005523,2025-10-11,3,1628.67,81,2,2,2,Hibernating
U005524,2025-12-13,9,7788.95,18,4,5,5,Champions
U005526,2025-08-28,2,1393.05,125,2,1,2,Hibernating
U005527,2025-12-24,4,3084.55,7,5,3,3,Potential Loyalists
U005528,2025-08-14,1,1877.21,139,1,1,2,Hibernating
U005529,2025-06-26,1,524.47,188,1,1,1,Hibernating
U005530,2025-07-06,5,5405.6900000000005,178,1,3,5,At Risk
U005531,2025-12-06,2,1313.8,25,4,1,2,New & Promising
U005532,2025-01-04,1,518.44,361,1,1,1,Hibernating
U005533,2025-11-09,3,2142.66,52,3,2,3,Potential Loyalists
U005534,2025-12-05,8,5984.03,26,4,5,5,Champions
U005536,2025-12-31,13,6032.7,0,5,5,5,Champions
U005537,2025-12-28,7,2506.5299999999997,3,5,4,3,Champions
U005538,2025-09-08,5,6508.54,114,2,3,5,At Risk
U005539,2025-12-22,6,3047.44,9,5,4,3,Champions
U005540,2025-09-08,5,2542.0499999999997,114,2,3,3,At Risk
U005542,2025-12-06,3,937.08,25,4,2,1,New & Promising
U005543,2025-11-04,8,4686.2,57,3,5,4,Loyal
U005544,2025-11-28,14,8500.08,33,4,5,5,Champions
U005545,2025-02-13,3,1167.7800000000002,321,1,2,1,Hibernating
U005546,2025-09-24,1,278.21,98,2,1,1,Hibernating
U005547,2025-11-22,4,4197.360000000001,39,3,3,4,Potential Loyalists
U005548,2025-11-23,7,6205.2699999999995,38,3,4,5,Loyal
U005549,2025-11-11,3,2166.44,50,3,2,3,Potential Loyalists
U005550,2025-06-17,2,1914.3799999999999,197,1,1,2,Hibernating
U005551,2025-11-09,13,7024.1,52,3,5,5,Loyal
U005552,2025-11-25,3,1039.46,36,4,2,1,New & Promising
U005553,2025-08-12,1,373.01,141,1,1,1,Hibernating
U005554,2025-12-07,4,2734.13,24,4,3,3,Potential Loyalists
U005555,2025-12-07,7,4707.04,24,4,4,4,Champions
U005556,2025-11-15,6,3546.42,46,3,4,4,Loyal
U005557,2025-07-23,1,302.38,161,1,1,1,Hibernating
U005558,2025-11-10,16,8924.83,51,3,5,5,Loyal
U005559,2025-03-24,1,1080.53,282,1,1,1,Hibernating
U005560,2025-12-28,3,1314.8000000000002,3,5,2,2,New & Promising
U005561,2025-11-12,4,1937.6100000000001,49,3,3,2,Potential Loyalists
U005562,2025-12-13,4,2374.86,18,4,3,3,Potential Loyalists
U005563,2025-11-11,4,3562.25,50,3,3,4,Potential Loyalists
U005564,2025-12-12,4,997.44,19,4,3,1,Potential Loyalists
U005566,2025-09-22,1,539.68,100,2,1,1,Hibernating
U005567,2025-09-07,7,4855.73,115,2,4,5,Loyal
U005568,2025-12-13,12,10029.66,18,4,5,5,Champions
U005569,2025-09-10,2,1196.07,112,2,1,2,Hibernating
U005570,2025-10-08,2,1124.46,84,2,1,1,Hibernating
U005571,2025-10-21,5,7966.35,71,2,3,5,At Risk
U005572,2025-07-07,4,2890.44,177,1,3,3,At Risk
U005573,2025-11-25,4,2690.9900000000002,36,4,3,3,Potential Loyalists
U005574,2025-12-04,11,8873.19,27,4,5,5,Champions
U005575,2025-12-09,1,427.6,22,4,1,1,New & Promising
U005576,2025-04-26,2,2487.3,249,1,1,3,Hibernating
U005577,2025-10-13,7,4442.01,79,2,4,4,Loyal
U005578,2025-04-30,2,492.6,245,1,1,1,Hibernating
U005579,2025-10-11,8,5080.32,81,2,5,5,Loyal
U005580,2025-04-04,2,727.77,271,1,1,1,Hibernating
U005581,2025-07-21,1,1174.96,163,1,1,1,Hibernating
U005583,2025-12-19,15,11103.89,12,5,5,5,Champions
U005584,2025-06-07,3,4865.87,207,1,2,5,Hibernating
U005585,2025-12-21,4,1829.3100000000002,10,5,3,2,Potential Loyalists
U005586,2025-12-12,8,5216.9,19,4,5,5,Champions
U005587,2025-12-15,4,2312.56,16,5,3,3,Potential Loyalists
U005588,2025-09-29,3,1198.97,93,2,2,2,Hibernating
U005589,2025-11-29,5,2516.56,32,4,3,3,Potential Loyalists
U005590,2025-04-29,3,2732.27,246,1,2,3,Hibernating
U005591,2025-11-06,6,6040.5,55,3,4,5,Loyal
U005592,2025-10-12,4,1711.38,80,2,3,2,At Risk
U005593,2025-09-06,4,1492.75,116,2,3,2,At Risk
U005594,2025-05-07,2,547.88,238,1,1,1,Hibernating
U005595,2025-11-15,3,2245.8,46,3,2,3,Potential Loyalists
U005596,2025-09-30,5,4415.55,92,2,3,4,At Risk
U005597,2025-12-15,2,1572.96,16,5,1,2,New & Promising
U005598,2025-09-26,7,3731.4700000000003,96,2,4,4,Loyal
U005599,2025-12-15,2,1031.81,16,5,1,1,New & Promising
U005600,2025-09-10,1,355.77,112,2,1,1,Hibernating
U005601,2025-12-23,3,2020.84,8,5,2,2,New & Promising
U005602,2025-03-08,2,858.16,298,1,1,1,Hibernating
U005603,2025-12-10,7,6001.53,21,4,4,5,Champions
U005604,2025-09-26,6,2940.82,96,2,4,3,Loyal
U005605,2025-09-24,1,418.62,98,2,1,1,Hibernating
U005606,2025-12-20,7,2753.11,11,5,4,3,Champions
U005607,2025-12-28,2,1420.99,3,5,1,2,New & Promising
U005608,2025-03-20,2,805.4,286,1,1,1,Hibernating
U005609,2025-12-08,6,2984.1,23,4,4,3,Champions
U005611,2025-12-21,12,9530.56,10,5,5,5,Champions
U005612,2025-12-26,7,2508.41,5,5,4,3,Champions
U005613,2025-04-01,5,3060.56,274,1,3,3,At Risk
U005614,2025-12-11,2,903.64,20,4,1,1,New & Promising
U005615,2025-10-01,2,1034.0900000000001,91,2,1,1,Hibernating
U005616,2025-11-07,4,4204.38,54,3,3,4,Potential Loyalists
U005617,2025-12-18,6,5710.15,13,5,4,5,Champions
U005618,2025-11-24,8,4038.1499999999996,37,4,5,4,Champions
U005619,2025-12-31,5,1905.08,0,5,3,2,Potential Loyalists
U005620,2025-01-25,1,1269.56,340,1,1,2,Hibernating
U005621,2025-11-02,8,5031.36,59,3,5,5,Loyal
U005622,2025-12-12,4,2260.82,19,4,3,3,Potential Loyalists
U005623,2025-12-14,1,309.34,17,5,1,1,New & Promising
U005624,2025-09-05,6,3220.95,117,2,4,4,Loyal
U005625,2025-07-31,5,3231.42,153,1,3,4,At Risk
U005626,2025-11-10,9,3976.4500000000003,51,3,5,4,Loyal
U005627,2025-11-24,5,3847.62,37,4,3,4,Potential Loyalists
U005628,2025-11-29,3,2463.83,32,4,2,3,New & Promising
U005629,2025-06-10,5,1772.76,204,1,3,2,At Risk
U005630,2025-01-26,1,739.76,339,1,1,1,Hibernating
U005631,2025-09-29,6,2785.31,93,2,4,3,Loyal
U005632,2025-12-17,11,5950.24,14,5,5,5,Champions
U005633,2025-10-06,4,3388.74,86,2,3,4,At Risk
U005634,2025-11-19,3,2212.8199999999997,42,3,2,3,Potential Loyalists
U005635,2025-12-12,5,2627.77,19,4,3,3,Potential Loyalists
U005636,2025-12-31,6,3171.35,0,5,4,3,Champions
U005638,2025-10-12,3,1861.79,80,2,2,2,Hibernating
U005639,2025-06-19,2,1011.18,195,1,1,1,Hibernating
U005640,2025-05-21,4,3114.57,224,1,3,3,At Risk
U005641,2025-10-28,3,1079.57,64,3,2,1,Potential Loyalists
U005642,2025-12-07,4,1574.1399999999999,24,4,3,2,Potential Loyalists
U005643,2025-12-19,8,5575.0,12,5,5,5,Champions
U005644,2025-12-29,12,6776.22,2,5,5,5,Champions
U005646,2025-12-21,4,1633.42,10,5,3,2,Potential Loyalists
U005647,2025-11-10,2,1751.82,51,3,1,2,Potential Loyalists
U005648,2025-12-07,6,2730.95,24,4,4,3,Champions
U005649,2025-10-12,7,4742.45,80,2,4,5,Loyal
U005650,2025-11-11,3,1397.8,50,3,2,2,Potential Loyalists
U005651,2025-11-19,2,571.1,42,3,1,1,Potential Loyalists
U005652,2025-10-28,2,678.52,64,3,1,1,Potential Loyalists
U005653,2025-12-28,5,3030.0,3,5,3,3,Potential Loyalists
U005655,2025-07-27,4,1208.27,157,1,3,2,At Risk
U005656,2025-11-11,1,126.12,50,3,1,1,Potential Loyalists
U005657,2025-12-28,2,1407.5900000000001,3,5,1,2,New & Promising
U005658,2025-12-14,4,1469.78,17,5,3,2,Potential Loyalists
U005659,2025-07-30,1,250.74,154,1,1,1,Hibernating
U005660,2025-12-23,3,872.42,8,5,2,1,New & Promising
U005661,2025-09-30,2,781.88,92,2,1,1,Hibernating
U005662,2025-10-08,9,4833.56,84,2,5,5,Loyal
U005663,2025-12-28,5,3158.3,3,5,3,3,Potential Loyalists
U005665,2025-11-11,5,3089.26,50,3,3,3,Potential Loyalists
U005666,2025-06-24,1,651.55,190,1,1,1,Hibernating
U005667,2025-11-28,5,2742.52,33,4,3,3,Potential Loyalists
U005668,2025-07-20,2,673.31,164,1,1,1,Hibernating
U005669,2025-12-09,4,3703.31,22,4,3,4,Potential Loyalists
U005670,2025-11-15,11,12187.44,46,3,5,5,Loyal
U005671,2025-12-28,4,2330.24,3,5,3,3,Potential Loyalists
U005672,2025-06-15,3,2319.32,199,1,2,3,Hibernating
U005673,2025-07-21,2,490.6,163,1,1,1,Hibernating
U005674,2025-07-12,9,5271.9,172,1,5,5,Loyal
U005675,2025-12-15,11,6439.68,16,5,5,5,Champions
U005676,2025-12-14,5,2892.04,17,5,3,3,Potential Loyalists
U005677,2025-12-15,3,2914.44,16,5,2,3,New & Promising
U005678,2025-11-10,2,864.6299999999999,51,3,1,1,Potential Loyalists
U005679,2025-12-13,7,4573.25,18,4,4,4,Champions
U005681,2025-11-19,1,463.0,42,3,1,1,Potential Loyalists
U005682,2025-12-09,6,3527.6,22,4,4,4,Champions
U005683,2025-12-11,4,2061.43,20,4,3,2,Potential Loyalists
U005684,2025-08-23,4,1801.28,130,1,3,2,At Risk
U005685,2025-01-19,1,776.65,346,1,1,1,Hibernating
U005686,2025-01-01,1,544.0,364,1,1,1,Hibernating
U005687,2025-12-01,2,1768.35,30,4,1,2,New & Promising
U005688,2025-12-22,12,7130.0199999999995,9,5,5,5,Champions
U005689,2025-11-13,13,7986.46,48,3,5,5,Loyal
U005690,2025-12-23,4,2424.13,8,5,3,3,Potential Loyalists
U005691,2025-10-16,5,3848.41,76,2,3,4,At Risk
U005692,2025-07-01,3,2106.33,183,1,2,2,Hibernating
U005693,2025-12-14,14,7972.34,17,5,5,5,Champions
U005694,2025-11-02,2,943.9300000000001,59,3,1,1,Potential Loyalists
U005695,2025-11-14,5,2688.6,47,3,3,3,Potential Loyalists
U005696,2025-11-27,3,965.91,34,4,2,1,New & Promising
U005697,2025-11-03,12,6016.0,58,3,5,5,Loyal
U005698,2025-12-06,7,3574.74,25,4,4,4,Champions
U005699,2025-12-01,5,2882.7200000000003,30,4,3,3,Potential Loyalists
U005700,2025-11-20,7,3349.91,41,3,4,4,Loyal
U005701,2025-09-05,7,3268.1400000000003,117,2,4,4,Loyal
U005702,2025-12-11,4,2494.7400000000002,20,4,3,3,Potential Loyalists
U005703,2025-12-12,9,4816.1,19,4,5,5,Champions
U005704,2025-06-07,3,1814.36,207,1,2,2,Hibernating
U005705,2025-12-28,5,4903.29,3,5,3,5,Potential Loyalists
U005706,2025-12-02,6,2362.52,29,4,4,3,Champions
U005707,2025-09-25,6,3053.51,97,2,4,3,Loyal
U005708,2025-11-12,2,549.8299999999999,49,3,1,1,Potential Loyalists
U005709,2025-11-21,9,5642.2,40,3,5,5,Loyal
U005710,2025-09-05,2,605.22,117,2,1,1,Hibernating
U005711,2025-05-23,2,1963.57,222,1,1,2,Hibernating
U005712,2025-11-29,7,4102.59,32,4,4,4,Champions
U005713,2025-10-17,6,6094.03,75,2,4,5,Loyal
U005714,2025-12-05,9,5582.74,26,4,5,5,Champions
U005715,2025-12-08,4,4544.84,23,4,3,4,Potential Loyalists
U005717,2025-11-10,5,3375.19,51,3,3,4,Potential Loyalists
U005718,2025-12-04,7,2722.11,27,4,4,3,Champions
U005719,2025-08-22,2,777.1500000000001,131,1,1,1,Hibernating
U005720,2025-04-21,1,533.53,254,1,1,1,Hibernating
U005721,2025-11-12,4,1697.49,49,3,3,2,Potential Loyalists
U005722,2025-09-14,3,1646.03,108,2,2,2,Hibernating
U005723,2025-11-30,3,1606.37,31,4,2,2,New & Promising
U005724,2025-10-25,5,2699.1,67,3,3,3,Potential Loyalists
U005725,2025-11-17,8,9482.21,44,3,5,5,Loyal
U005726,2025-09-10,4,1437.0900000000001,112,2,3,2,At Risk
U005727,2025-10-04,2,1191.37,88,2,1,1,Hibernating
U005728,2025-10-21,7,5921.14,71,2,4,5,Loyal
U005729,2025-12-18,3,1565.19,13,5,2,2,New & Promising
U005730,2025-07-25,2,1057.72,159,1,1,1,Hibernating
U005731,2025-12-12,2,780.4100000000001,19,4,1,1,New & Promising
U005732,2025-12-11,8,5269.07,20,4,5,5,Champions
U005733,2025-12-01,3,2050.77,30,4,2,2,New & Promising
U005734,2025-01-09,1,1471.16,356,1,1,2,Hibernating
U005735,2025-11-13,6,2712.03,48,3,4,3,Loyal
U005736,2025-11-15,4,3024.18,46,3,3,3,Potential Loyalists
U005737,2025-06-17,1,241.32,197,1,1,1,Hibernating
U005738,2025-12-28,7,5435.47,3,5,4,5,Champions
U005739,2025-10-13,3,1442.4099999999999,79,2,2,2,Hibernating
U005740,2025-12-07,5,2622.74,24,4,3,3,Potential Loyalists
U005741,2025-08-30,3,2792.77,123,2,2,3,Hibernating
U005742,2025-12-26,9,4229.3,5,5,5,4,Champions
U005743,2025-12-25,7,2966.69,6,5,4,3,Champions
U005744,2025-12-11,8,4053.94,20,4,5,4,Champions
U005745,2025-12-24,8,4009.64,7,5,5,4,Champions
U005746,2025-12-12,10,5296.65,19,4,5,5,Champions
U005747,2025-02-14,2,483.32,320,1,1,1,Hibernating
U005748,2025-11-15,4,3903.44,46,3,3,4,Potential Loyalists
U005749,2025-12-13,5,2086.87,18,4,3,2,Potential Loyalists
U005750,2025-07-15,3,1229.77,169,1,2,2,Hibernating
U005752,2025-08-25,4,2203.94,128,2,3,3,At Risk
U005753,2025-12-30,15,8360.23,1,5,5,5,Champions
U005754,2025-11-08,8,6541.36,53,3,5,5,Loyal
U005755,2025-12-25,3,907.7,6,5,2,1,New & Promising
U005756,2025-08-18,3,1761.32,135,1,2,2,Hibernating
U005757,2025-12-03,5,2396.7200000000003,28,4,3,3,Potential Loyalists
U005758,2025-11-11,3,2086.95,50,3,2,2,Potential Loyalists
U005759,2025-12-23,10,5423.05,8,5,5,5,Champions
U005760,2025-08-31,2,1028.7,122,2,1,1,Hibernating
U005761,2025-07-27,2,1054.91,157,1,1,1,Hibernating
U005762,2025-12-14,2,1203.57,17,5,1,2,New & Promising
U005764,2025-12-21,11,6452.17,10,5,5,5,Champions
U005765,2025-09-11,6,3812.51,111,2,4,4,Loyal
U005766,2025-07-23,8,5814.21,161,1,5,5,Loyal
U005767,2025-10-25,6,3393.9700000000003,67,3,4,4,Loyal
U005768,2025-11-09,3,2153.88,52,3,2,3,Potential Loyalists
U005769,2025-12-27,8,4665.24,4,5,5,4,Champions
U005770,2025-06-04,3,1840.1000000000001,210,1,2,2,Hibernating
U005771,2025-11-03,3,2003.74,58,3,2,2,Potential Loyalists
U005772,2025-11-26,5,2609.98,35,4,3,3,Potential Loyalists
U005773,2025-11-21,5,2716.84,40,3,3,3,Potential Loyalists
U005774,2025-07-12,3,3242.81,172,1,2,4,Hibernating
U005775,2025-03-26,1,537.88,280,1,1,1,Hibernating
U005776,2025-12-03,7,4152.57,28,4,4,4,Champions
U005777,2025-10-29,5,2981.58,63,3,3,3,Potential Loyalists
U005778,2025-12-13,3,1857.61,18,4,2,2,New & Promising
U005779,2025-12-29,3,2555.26,2,5,2,3,New & Promising
U005781,2025-12-20,5,4308.0199999999995,11,5,3,4,Potential Loyalists
U005782,2025-09-08,4,2189.13,114,2,3,3,At Risk
U005783,2025-04-27,2,729.61,248,1,1,1,Hibernating
U005784,2025-06-18,2,1136.34,196,1,1,1,Hibernating
U005785,2025-12-23,7,3458.21,8,5,4,4,Champions
U005786,2025-09-27,5,3445.73,95,2,3,4,At Risk
U005787,2025-04-20,1,1175.81,255,1,1,1,Hibernating
U005788,2025-12-03,5,2710.44,28,4,3,3,Potential Loyalists
U005789,2025-11-20,3,1207.49,41,3,2,2,Potential Loyalists
U005791,2025-12-15,6,3365.0699999999997,16,5,4,4,Champions
U005792,2025-11-17,6,2802.85,44,3,4,3,Loyal
U005793,2025-05-31,5,2690.81,214,1,3,3,At Risk
U005794,2025-12-11,11,5777.16,20,4,5,5,Champions
U005795,2025-12-21,3,1005.06,10,5,2,1,New & Promising
U005796,2025-11-05,4,2416.86,56,3,3,3,Potential Loyalists
U005797,2025-09-10,3,928.9300000000001,112,2,2,1,Hibernating
U005798,2025-12-28,7,5515.31,3,5,4,5,Champions
U005799,2025-12-07,6,4673.7,24,4,4,4,Champions
U005801,2025-12-05,4,5590.0,26,4,3,5,Potential Loyalists
U005802,2025-12-13,6,4181.74,18,4,4,4,Champions
U005803,2025-08-16,2,844.45,137,1,1,1,Hibernating
U005804,2025-11-12,4,3711.37,49,3,3,4,Potential Loyalists
U005805,2025-11-02,4,2475.82,59,3,3,3,Potential Loyalists
U005806,2025-11-20,5,3643.6,41,3,3,4,Potential Loyalists
U005807,2025-12-29,10,8387.16,2,5,5,5,Champions
U005808,2025-10-18,7,6036.87,74,2,4,5,Loyal
U005809,2025-08-25,1,228.34,128,2,1,1,Hibernating
U005810,2025-10-20,2,731.3199999999999,72,2,1,1,Hibernating
U005811,2025-12-23,6,3640.87,8,5,4,4,Champions
U005812,2025-10-28,6,4241.68,64,3,4,4,Loyal
U005813,2025-11-11,8,3179.79,50,3,5,3,Loyal
U005814,2025-11-09,1,448.16,52,3,1,1,Potential Loyalists
U005815,2025-11-10,13,7575.48,51,3,5,5,Loyal
U005816,2025-11-29,10,6160.1900000000005,32,4,5,5,Champions
U005817,2025-07-21,3,1486.0900000000001,163,1,2,2,Hibernating
U005818,2025-07-31,5,3070.27,153,1,3,3,At Risk
U005819,2025-12-08,2,1938.74,23,4,1,2,New & Promising
U005820,2025-11-30,5,2094.51,31,4,3,2,Potential Loyalists
U005821,2025-11-23,12,6736.82,38,3,5,5,Loyal
U005823,2025-12-22,11,5946.89,9,5,5,5,Champions
U005824,2025-07-29,3,3233.33,155,1,2,4,Hibernating
U005825,2025-06-17,3,1853.86,197,1,2,2,Hibernating
U005826,2025-12-30,11,6399.44,1,5,5,5,Champions
U005827,2025-12-11,4,1061.42,20,4,3,1,Potential Loyalists
U005829,2025-12-30,8,6795.959999999999,1,5,5,5,Champions
U005830,2025-10-20,9,4470.87,72,2,5,4,Loyal
U005831,2025-09-16,6,3382.55,106,2,4,4,Loyal
U005832,2025-08-28,7,3807.79,125,2,4,4,Loyal
U005833,2025-08-12,4,2387.64,141,1,3,3,At Risk
U005834,2025-11-16,4,3093.48,45,3,3,3,Potential Loyalists
U005835,2025-11-05,3,3097.74,56,3,2,3,Potential Loyalists
U005836,2025-12-13,7,3635.2,18,4,4,4,Champions
U005837,2025-11-11,3,1408.16,50,3,2,2,Potential Loyalists
U005838,2025-11-12,3,2461.29,49,3,2,3,Potential Loyalists
U005839,2025-10-25,6,2516.65,67,3,4,3,Loyal
U005840,2025-09-29,5,2288.73,93,2,3,3,At Risk
U005841,2025-11-14,5,1952.26,47,3,3,2,Potential Loyalists
U005842,2025-12-17,4,3417.65,14,5,3,4,Potential Loyalists
U005843,2025-05-26,5,2312.29,219,1,3,3,At Risk
U005845,2025-12-17,7,3956.83,14,5,4,4,Champions
U005846,2025-08-03,6,4158.33,150,1,4,4,Loyal
U005847,2025-09-14,1,961.02,108,2,1,1,Hibernating
U005848,2025-12-13,5,4305.16,18,4,3,4,Potential Loyalists
U005849,2025-12-26,10,6200.91,5,5,5,5,Champions
U005850,2025-12-13,7,3929.71,18,4,4,4,Champions
U005851,2025-09-29,7,7318.26,93,2,4,5,Loyal
U005852,2025-09-27,3,1733.08,95,2,2,2,Hibernating
U005853,2025-12-11,5,3060.83,20,4,3,3,Potential Loyalists
U005854,2025-11-30,1,334.0,31,4,1,1,New & Promising
U005855,2025-11-11,6,4910.280000000001,50,3,4,5,Loyal
U005856,2025-12-18,11,7723.68,13,5,5,5,Champions
U005857,2025-11-10,5,2215.3399999999997,51,3,3,3,Potential Loyalists
U005858,2025-10-19,3,1538.0,73,2,2,2,Hibernating
U005859,2025-11-13,10,6469.53,48,3,5,5,Loyal
U005860,2025-12-27,19,16353.93,4,5,5,5,Champions
U005861,2025-04-20,2,496.43000000000006,255,1,1,1,Hibernating
U005862,2025-12-21,9,8206.099999999999,10,5,5,5,Champions
U005863,2025-08-09,5,1861.07,144,1,3,2,At Risk
U005864,2025-10-25,9,6769.4800000000005,67,3,5,5,Loyal
U005865,2025-06-19,5,3625.1800000000003,195,1,3,4,At Risk
U005866,2025-11-30,12,6174.83,31,4,5,5,Champions
U005867,2025-11-13,9,9224.24,48,3,5,5,Loyal
U005868,2025-12-10,5,2835.55,21,4,3,3,Potential Loyalists
U005869,2025-11-22,8,5068.11,39,3,5,5,Loyal
U005870,2025-06-06,2,955.84,208,1,1,1,Hibernating
U005871,2025-06-23,3,1959.36,191,1,2,2,Hibernating
U005872,2025-12-26,4,1532.75,5,5,3,2,Potential Loyalists
U005873,2025-07-04,9,8146.45,180,1,5,5,Loyal
U005874,2025-12-05,12,7141.71,26,4,5,5,Champions
U005875,2025-11-14,13,6436.16,47,3,5,5,Loyal
U005876,2025-11-24,7,4927.19,37,4,4,5,Champions
U005877,2025-12-15,4,2088.57,16,5,3,2,Potential Loyalists
U005878,2025-10-06,4,3083.72,86,2,3,3,At Risk
U005879,2025-09-26,4,2137.5499999999997,96,2,3,3,At Risk
U005880,2025-10-01,3,2420.41,91,2,2,3,Hibernating
U005881,2025-10-18,7,5995.4400000000005,74,2,4,5,Loyal
U005882,2025-10-29,6,3148.24,63,3,4,3,Loyal
U005883,2025-10-13,2,631.61,79,2,1,1,Hibernating
U005884,2025-09-05,2,634.49,117,2,1,1,Hibernating
U005885,2025-12-30,6,3558.85,1,5,4,4,Champions
U005887,2025-04-28,2,570.53,247,1,1,1,Hibernating
U005888,2025-06-19,3,1239.66,195,1,2,2,Hibernating
U005889,2025-12-06,8,6568.49,25,4,5,5,Champions
U005890,2025-12-18,5,3954.44,13,5,3,4,Potential Loyalists
U005891,2025-11-19,9,5434.22,42,3,5,5,Loyal
U005892,2025-09-12,6,4187.719999999999,110,2,4,4,Loyal
U005893,2025-08-14,9,5975.61,139,1,5,5,Loyal
U005894,2025-08-07,1,1027.29,146,1,1,1,Hibernating
U005895,2025-11-21,7,6327.12,40,3,4,5,Loyal
U005896,2025-10-09,5,4511.48,83,2,3,4,At Risk
U005897,2025-12-10,4,2556.15,21,4,3,3,Potential Loyalists
U005898,2025-10-27,9,6281.5599999999995,65,3,5,5,Loyal
U005899,2025-10-18,4,4409.01,74,2,3,4,At Risk
U005900,2025-08-23,7,2206.77,130,1,4,3,Loyal
U005901,2025-12-15,9,8641.82,16,5,5,5,Champions
U005902,2025-05-21,3,1084.48,224,1,2,1,Hibernating
U005903,2025-11-17,7,5316.889999999999,44,3,4,5,Loyal
U005904,2025-08-29,1,832.0,124,2,1,1,Hibernating
U005905,2025-02-03,1,766.69,331,1,1,1,Hibernating
U005906,2025-10-21,7,4423.07,71,2,4,4,Loyal
U005907,2025-11-16,4,1996.72,45,3,3,2,Potential Loyalists
U005908,2025-07-13,2,892.81,171,1,1,1,Hibernating
U005909,2025-12-11,1,1655.49,20,4,1,2,New & Promising
U005910,2025-10-25,3,2201.55,67,2,2,3,Hibernating
U005911,2025-12-21,8,3186.88,10,5,5,3,Champions
U005912,2025-09-28,2,664.54,94,2,1,1,Hibernating
U005913,2025-12-10,3,1491.27,21,4,2,2,New & Promising
U005914,2025-06-10,2,796.59,204,1,1,1,Hibernating
U005915,2025-12-29,9,3844.82,2,5,5,4,Champions
U005916,2025-10-31,5,5631.16,61,3,3,5,Potential Loyalists
U005917,2025-08-11,4,2052.4300000000003,142,1,3,2,At Risk
U005918,2025-11-29,15,7214.84,32,4,5,5,Champions
U005919,2025-11-10,5,2539.44,51,3,3,3,Potential Loyalists
U005920,2025-10-04,8,7170.41,88,2,5,5,Loyal
U005921,2025-12-14,2,846.4200000000001,17,5,1,1,New & Promising
U005922,2025-08-08,1,1105.31,145,1,1,1,Hibernating
U005924,2025-06-17,3,1438.0500000000002,197,1,2,2,Hibernating
U005925,2025-05-25,1,367.71,220,1,1,1,Hibernating
U005926,2025-11-24,4,2741.85,37,4,3,3,Potential Loyalists
U005927,2025-01-11,1,1092.0,354,1,1,1,Hibernating
U005928,2025-10-23,4,2524.29,69,2,3,3,At Risk
U005929,2025-08-21,2,1557.56,132,1,1,2,Hibernating
U005930,2025-08-07,1,232.35,146,1,1,1,Hibernating
U005931,2025-11-12,3,1325.3600000000001,49,3,2,2,Potential Loyalists
U005932,2025-08-05,3,2528.89,148,1,2,3,Hibernating
U005933,2025-12-17,3,2221.81,14,5,2,3,New & Promising
U005934,2025-11-02,1,501.95,59,3,1,1,Potential Loyalists
U005935,2025-12-07,5,3685.34,24,4,3,4,Potential Loyalists
U005936,2025-11-29,7,6107.3,32,4,4,5,Champions
U005937,2025-07-05,1,694.84,179,1,1,1,Hibernating
U005939,2025-12-14,7,4099.24,17,5,4,4,Champions
U005940,2025-11-24,5,3890.88,37,4,3,4,Potential Loyalists
U005941,2025-12-20,7,3482.1400000000003,11,5,4,4,Champions
U005942,2025-10-28,1,120.93,64,3,1,1,Potential Loyalists
U005943,2025-12-12,9,5750.09,19,4,5,5,Champions
U005944,2025-12-16,7,6076.14,15,5,4,5,Champions
U005945,2025-09-04,3,1617.74,118,2,2,2,Hibernating
U005946,2025-09-16,3,1228.99,106,2,2,2,Hibernating
U005947,2025-12-23,8,6078.0,8,5,5,5,Champions
U005948,2025-10-20,3,1707.69,72,2,2,2,Hibernating
U005949,2025-10-19,5,2369.6400000000003,73,2,3,3,At Risk
U005950,2025-10-28,3,2082.78,64,3,2,2,Potential Loyalists
U005951,2025-01-26,1,433.36,339,1,1,1,Hibernating
U005952,2025-10-26,4,1286.8000000000002,66,3,3,2,Potential Loyalists
U005953,2025-12-26,5,3333.85,5,5,3,4,Potential Loyalists
U005954,2025-10-11,10,7214.85,81,2,5,5,Loyal
U005955,2025-11-08,12,6105.63,53,3,5,5,Loyal
U005956,2025-12-03,7,2894.55,28,4,4,3,Champions
U005957,2025-06-22,8,4332.64,192,1,5,4,Loyal
U005958,2025-08-07,5,3814.8100000000004,146,1,3,4,At Risk
U005959,2025-10-02,9,4661.67,90,2,5,4,Loyal
U005960,2025-11-14,7,4182.89,47,3,4,4,Loyal
U005961,2025-08-16,4,2313.66,137,1,3,3,At Risk
U005962,2025-08-25,6,4074.1800000000003,128,2,4,4,Loyal
U005963,2025-11-25,3,1366.25,36,4,2,2,New & Promising
U005964,2025-12-18,6,2971.49,13,5,4,3,Champions
U005965,2025-11-19,2,790.53,42,3,1,1,Potential Loyalists
U005967,2025-11-18,2,1042.04,43,3,1,1,Potential Loyalists
U005968,2025-01-24,1,830.71,341,1,1,1,Hibernating
U005969,2025-12-20,8,3413.15,11,5,5,4,Champions
U005972,2025-04-02,2,1324.93,273,1,1,2,Hibernating
U005973,2025-12-12,6,4741.38,19,4,4,5,Champions
U005974,2025-10-20,3,2564.1099999999997,72,2,2,3,Hibernating
U005975,2025-05-18,2,1444.8200000000002,227,1,1,2,Hibernating
U005976,2025-11-10,6,3464.68,51,3,4,4,Loyal
U005977,2025-11-21,1,288.8,40,3,1,1,Potential Loyalists
U005978,2025-11-05,8,2418.5699999999997,56,3,5,3,Loyal
U005980,2025-11-16,3,1926.78,45,3,2,2,Potential Loyalists
U005981,2025-12-20,5,3480.34,11,5,3,4,Potential Loyalists
U005982,2025-09-22,4,2148.81,100,2,3,3,At Risk
U005983,2025-12-13,8,4868.39,18,4,5,5,Champions
U005984,2025-10-23,7,4087.5,69,2,4,4,Loyal
U005985,2025-10-09,3,1545.99,83,2,2,2,Hibernating
U005986,2025-08-10,2,1341.03,143,1,1,2,Hibernating
U005987,2025-08-27,2,752.34,126,2,1,1,Hibernating
U005988,2025-09-29,5,2395.35,93,2,3,3,At Risk
U005989,2025-07-27,3,1806.45,157,1,2,2,Hibernating
U005990,2025-09-08,4,1435.6000000000001,114,2,3,2,At Risk
U005991,2025-11-21,5,2561.1499999999996,40,3,3,3,Potential Loyalists
U005992,2025-07-29,3,1646.24,155,1,2,2,Hibernating
U005993,2025-12-14,3,1258.1100000000001,17,5,2,2,New & Promising
U005994,2025-12-04,5,3901.42,27,4,3,4,Potential Loyalists
U005995,2025-12-15,8,8597.72,16,5,5,5,Champions
U005996,2025-10-17,4,2375.45,75,2,3,3,At Risk
U005997,2025-12-16,8,5068.56,15,5,5,5,Champions
U005998,2025-09-09,2,587.26,113,2,1,1,Hibernating
U005999,2025-06-07,3,3096.42,207,1,2,3,Hibernating
U006000,2025-06-12,3,1256.48,202,1,2,2,Hibernating
U006001,2025-05-02,5,2610.54,243,1,3,3,At Risk
U006002,2025-05-15,3,1620.49,230,1,2,2,Hibernating
U006004,2025-11-20,10,7112.09,41,3,5,5,Loyal
U006005,2025-12-23,4,1555.57,8,5,3,2,Potential Loyalists
U006006,2025-12-13,3,1366.97,18,4,2,2,New & Promising
U006007,2025-07-29,3,1892.17,155,1,2,2,Hibernating
U006008,2025-12-30,6,4754.11,1,5,4,5,Champions
U006009,2025-12-19,7,4976.26,12,5,4,5,Champions
U006011,2025-12-31,11,6636.05,0,5,5,5,Champions
U006012,2025-03-21,1,504.1,285,1,1,1,Hibernating
U006013,2025-09-28,6,3844.4800000000005,94,2,4,4,Loyal
U006014,2025-10-07,3,990.71,85,2,2,1,Hibernating
U006015,2025-07-13,2,713.6,171,1,1,1,Hibernating
U006016,2025-06-17,4,1748.62,197,1,3,2,At Risk
U006017,2025-11-16,5,2779.58,45,3,3,3,Potential Loyalists
U006018,2025-10-24,2,671.6500000000001,68,2,1,1,Hibernating
U006019,2025-06-15,2,420.8,199,1,1,1,Hibernating
U006020,2025-12-16,2,634.1800000000001,15,5,1,1,New & Promising
U006021,2025-12-21,5,2576.77,10,5,3,3,Potential Loyalists
U006022,2025-12-19,8,4528.78,12,5,5,4,Champions
U006023,2025-05-02,2,872.58,243,1,1,1,Hibernating
U006024,2025-09-04,1,454.78,118,2,1,1,Hibernating
U006025,2025-09-26,2,900.5699999999999,96,2,1,1,Hibernating
U006026,2025-09-10,3,1898.83,112,2,2,2,Hibernating
U006027,2025-10-27,4,4989.219999999999,65,3,3,5,Potential Loyalists
U006028,2025-12-13,5,2167.68,18,4,3,3,Potential Loyalists
U006029,2025-06-07,6,4049.04,207,1,4,4,Loyal
U006030,2025-06-07,1,1887.0,207,1,1,2,Hibernating
U006031,2025-08-08,2,939.35,145,1,1,1,Hibernating
U006033,2025-11-16,2,713.2,45,3,1,1,Potential Loyalists
U006034,2025-12-28,10,4842.41,3,5,5,5,Champions
U006035,2025-11-17,10,4442.45,44,3,5,4,Loyal
U006036,2025-08-06,5,3248.49,147,1,3,4,At Risk
U006037,2025-11-24,10,5618.570000000001,37,3,5,5,Loyal
U006038,2025-12-12,2,1065.16,19,4,1,1,New & Promising
U006039,2025-07-11,1,307.0,173,1,1,1,Hibernating
U006040,2025-07-29,3,2687.8,155,1,2,3,Hibernating
U006041,2025-06-17,1,274.09,197,1,1,1,Hibernating
U006042,2025-11-14,6,4606.48,47,3,4,4,Loyal
U006043,2025-12-13,8,4402.33,18,4,5,4,Champions
U006044,2025-11-24,11,7935.34,37,3,5,5,Loyal
U006045,2025-05-11,1,469.6,234,1,1,1,Hibernating
U006046,2025-09-15,4,2192.26,107,2,3,3,At Risk
U006047,2025-12-17,5,2677.44,14,5,3,3,Potential Loyalists
U006048,2025-10-01,1,750.0,91,2,1,1,Hibernating
U006049,2025-12-27,7,3267.83,4,5,4,4,Champions
U006050,2025-09-16,3,2038.63,106,2,2,2,Hibernating
U006051,2025-09-14,1,386.45,108,2,1,1,Hibernating
U006052,2025-09-05,4,1494.58,117,2,3,2,At Risk
U006053,2025-11-25,5,1480.53,36,4,3,2,Potential Loyalists
U006054,2025-03-24,1,479.35,282,1,1,1,Hibernating
U006055,2025-11-27,4,2781.58,34,4,3,3,Potential Loyalists
U006056,2025-12-07,16,8910.66,24,4,5,5,Champions
U006057,2025-12-02,3,2280.61,29,4,2,3,New & Promising
U006058,2025-10-27,5,1803.54,65,3,3,2,Potential Loyalists
U006059,2025-12-13,10,6915.7300000000005,18,4,5,5,Champions
U006060,2025-12-22,3,1583.89,9,5,2,2,New & Promising
U006061,2025-12-11,7,4692.18,20,4,4,4,Champions
U006062,2025-10-26,10,6059.360000000001,66,3,5,5,Loyal
U006063,2025-10-26,7,5717.610000000001,66,3,4,5,Loyal
U006064,2025-09-10,4,3570.62,112,2,3,4,At Risk
U006065,2025-09-25,2,764.46,97,2,1,1,Hibernating
U006066,2025-12-08,12,8786.34,23,4,5,5,Champions
U006067,2025-12-19,10,6932.46,12,5,5,5,Champions
U006068,2025-09-18,2,1117.29,104,2,1,1,Hibernating
U006069,2025-07-29,1,153.82,155,1,1,1,Hibernating
U006071,2025-12-20,7,2886.88,11,5,4,3,Champions
U006072,2025-10-30,10,6021.42,62,3,5,5,Loyal
U006073,2025-11-25,4,2807.21,36,4,3,3,Potential Loyalists
U006074,2025-12-21,7,4795.49,10,5,4,5,Champions
U006075,2025-12-01,5,2465.87,30,4,3,3,Potential Loyalists
U006076,2025-08-21,8,4005.88,132,1,5,4,Loyal
U006077,2025-12-06,7,4136.2,25,4,4,4,Champions
U006078,2025-05-04,2,803.4,241,1,1,1,Hibernating
U006079,2025-11-11,6,2243.05,50,3,4,3,Loyal
U006080,2025-08-20,5,2613.76,133,1,3,3,At Risk
U006082,2025-10-20,8,5425.88,72,2,5,5,Loyal
U006083,2025-02-09,1,1516.13,325,1,1,2,Hibernating
U006084,2025-09-19,3,1662.75,103,2,2,2,Hibernating
U006086,2025-11-11,3,1264.77,50,3,2,2,Potential Loyalists
U006087,2025-11-12,3,1331.63,49,3,2,2,Potential Loyalists
U006088,2025-04-17,1,451.5,258,1,1,1,Hibernating
U006089,2025-10-25,6,4418.67,67,2,4,4,Loyal
U006090,2025-04-07,1,669.58,268,1,1,1,Hibernating
U006091,2025-07-26,1,274.72,158,1,1,1,Hibernating
U006092,2025-11-02,9,4208.67,59,3,5,4,Loyal
U006093,2025-10-31,10,5527.74,61,3,5,5,Loyal
U006094,2025-11-03,5,2288.73,58,3,3,3,Potential Loyalists
U006095,2025-08-21,2,671.41,132,1,1,1,Hibernating
U006096,2025-05-02,1,756.2,243,1,1,1,Hibernating
U006097,2025-12-09,8,5281.6900000000005,22,4,5,5,Champions
U006098,2025-10-22,5,2969.94,70,2,3,3,At Risk
U006099,2025-11-17,7,6818.94,44,3,4,5,Loyal
U006100,2025-12-09,9,7472.8,22,4,5,5,Champions
U006101,2025-11-14,5,5402.8,47,3,3,5,Potential Loyalists
U006102,2025-12-18,11,4984.25,13,5,5,5,Champions
U006103,2025-01-27,1,1407.1,338,1,1,2,Hibernating
U006105,2025-12-05,7,3997.58,26,4,4,4,Champions
U006106,2025-08-08,8,4454.99,145,1,5,4,Loyal
U006107,2025-10-25,7,8784.13,67,2,4,5,Loyal
U006108,2025-11-09,9,7989.57,52,3,5,5,Loyal
U006109,2025-12-18,6,3986.15,13,5,4,4,Champions
U006110,2025-12-20,6,6043.68,11,5,4,5,Champions
U006111,2025-11-21,3,2631.62,40,3,2,3,Potential Loyalists
U006112,2025-03-11,1,1245.73,295,1,1,2,Hibernating
U006113,2025-11-11,8,7492.67,50,3,5,5,Loyal
U006114,2025-11-23,12,7517.43,38,3,5,5,Loyal
U006115,2025-12-19,7,4957.25,12,5,4,5,Champions
U006116,2025-12-15,6,3752.4300000000003,16,5,4,4,Champions
U006117,2025-09-21,2,937.15,101,2,1,1,Hibernating
U006118,2025-12-10,5,4349.51,21,4,3,4,Potential Loyalists
U006119,2025-12-20,3,2805.68,11,5,2,3,New & Promising
U006120,2025-11-15,8,3647.0299999999997,46,3,5,4,Loyal
U006121,2025-08-09,2,993.42,144,1,1,1,Hibernating
U006122,2025-12-01,4,1932.98,30,4,3,2,Potential Loyalists
U006123,2025-11-23,7,4416.72,38,3,4,4,Loyal
U006124,2025-12-12,5,3371.4700000000003,19,4,3,4,Potential Loyalists
U006125,2025-06-15,3,2453.86,199,1,2,3,Hibernating
U006126,2025-08-03,4,3001.2200000000003,150,1,3,3,At Risk
U006127,2025-12-15,7,4858.99,16,5,4,5,Champions
U006128,2025-11-18,3,2739.66,43,3,2,3,Potential Loyalists
U006129,2025-06-27,8,3830.96,187,1,5,4,Loyal
U006130,2025-08-30,1,607.68,123,2,1,1,Hibernating
U006131,2025-12-28,2,3425.7,3,5,1,4,New & Promising
U006132,2025-12-31,8,3831.1400000000003,0,5,5,4,Champions
U006133,2025-11-26,8,4875.66,35,4,5,5,Champions
U006134,2025-04-05,5,2881.05,270,1,3,3,At Risk
U006135,2025-08-14,3,2714.67,139,1,2,3,Hibernating
U006136,2025-11-19,6,2359.25,42,3,4,3,Loyal
U006137,2025-07-26,4,2466.3900000000003,158,1,3,3,At Risk
U006138,2025-10-17,1,360.88,75,2,1,1,Hibernating
U006139,2025-08-06,2,489.98,147,1,1,1,Hibernating
U006140,2025-02-27,2,1104.78,307,1,1,1,Hibernating
U006141,2025-11-24,5,4249.63,37,3,3,4,Potential Loyalists
U006142,2025-11-08,5,3367.26,53,3,3,4,Potential Loyalists
U006143,2025-12-16,7,3353.69,15,5,4,4,Champions
U006144,2025-12-24,7,4230.46,7,5,4,4,Champions
U006145,2025-12-01,3,957.0699999999999,30,4,2,1,New & Promising
U006146,2025-08-15,5,2927.8999999999996,138,1,3,3,At Risk
U006147,2025-11-10,6,4623.36,51,3,4,4,Loyal
U006148,2025-11-30,9,8172.18,31,4,5,5,Champions
U006149,2025-12-11,8,3683.7000000000003,20,4,5,4,Champions
U006150,2025-12-26,5,2619.33,5,5,3,3,Potential Loyalists
U006151,2025-11-04,2,1246.28,57,3,1,2,Potential Loyalists
U006152,2025-12-08,5,3768.71,23,4,3,4,Potential Loyalists
U006153,2025-12-19,4,2551.02,12,5,3,3,Potential Loyalists
U006154,2025-05-13,2,1244.18,232,1,1,2,Hibernating
U006155,2025-11-30,13,6998.93,31,4,5,5,Champions
U006156,2025-12-27,8,6069.79,4,5,5,5,Champions
U006157,2025-12-16,14,12749.53,15,5,5,5,Champions
U006158,2025-08-03,1,1135.29,150,1,1,1,Hibernating
U006159,2025-06-25,3,1031.13,189,1,2,1,Hibernating
U006160,2025-09-09,1,598.0,113,2,1,1,Hibernating
U006161,2025-11-20,6,3071.48,41,3,4,3,Loyal
U006162,2025-12-12,15,11619.06,19,4,5,5,Champions
U006163,2025-12-02,5,2749.04,29,4,3,3,Potential Loyalists
U006164,2025-01-28,1,603.89,337,1,1,1,Hibernating
U006166,2025-12-01,3,2570.6,30,4,2,3,New & Promising
U006167,2025-11-25,17,10334.34,36,4,5,5,Champions
U006168,2025-08-21,2,1033.6,132,1,1,1,Hibernating
U006169,2025-12-18,7,5314.2,13,5,4,5,Champions
U006170,2025-12-11,6,3594.59,20,4,4,4,Champions
U006171,2025-10-12,4,2943.54,80,2,3,3,At Risk
U006172,2025-04-23,1,269.91,252,1,1,1,Hibernating
U006173,2025-09-29,3,1952.07,93,2,2,2,Hibernating
U006174,2025-10-07,6,2709.5699999999997,85,2,4,3,Loyal
U006175,2025-01-25,1,1541.37,340,1,1,2,Hibernating
U006176,2025-05-23,6,3660.42,222,1,4,4,Loyal
U006177,2025-12-16,6,4880.04,15,5,4,5,Champions
U006178,2025-09-09,8,5390.34,113,2,5,5,Loyal
U006179,2025-07-16,4,2072.26,168,1,3,2,At Risk
U006180,2025-11-05,1,353.86,56,3,1,1,Potential Loyalists
U006181,2025-12-16,8,4477.12,15,5,5,4,Champions
U006182,2025-11-15,5,3177.33,46,3,3,3,Potential Loyalists
U006183,2025-10-26,8,4777.18,66,3,5,5,Loyal
U006184,2025-03-11,1,1284.0,295,1,1,2,Hibernating
U006185,2025-11-11,11,9602.07,50,3,5,5,Loyal
U006186,2025-09-06,4,1216.66,116,2,3,2,At Risk
U006187,2025-12-23,11,5787.46,8,5,5,5,Champions
U006188,2025-09-12,6,4016.16,110,2,4,4,Loyal
U006189,2025-11-08,4,2111.12,53,3,3,2,Potential Loyalists
U006190,2025-12-14,11,5308.32,17,5,5,5,Champions
U006191,2025-03-02,1,854.76,304,1,1,1,Hibernating
U006192,2025-11-23,6,3602.87,38,3,4,4,Loyal
U006193,2025-12-13,5,2517.4700000000003,18,4,3,3,Potential Loyalists
U006194,2025-11-03,7,3256.13,58,3,4,4,Loyal
U006195,2025-07-17,3,3197.0,167,1,2,4,Hibernating
U006196,2025-06-19,3,1509.4499999999998,195,1,2,2,Hibernating
U006197,2025-12-02,8,7738.9,29,4,5,5,Champions
U006198,2025-09-20,6,2580.55,102,2,4,3,Loyal
U006199,2025-09-19,3,1302.8600000000001,103,2,2,2,Hibernating
U006200,2025-11-30,3,844.49,31,4,2,1,New & Promising
U006201,2025-07-29,1,687.99,155,1,1,1,Hibernating
U006202,2025-10-25,3,2657.41,67,2,2,3,Hibernating
U006203,2025-11-11,5,2051.84,50,3,3,2,Potential Loyalists
U006204,2025-02-23,1,388.02,311,1,1,1,Hibernating
U006205,2025-10-05,4,2404.8199999999997,87,2,3,3,At Risk
U006206,2025-10-02,2,705.53,90,2,1,1,Hibernating
U006207,2025-12-11,10,5001.38,20,4,5,5,Champions
U006208,2025-09-30,6,3519.09,92,2,4,4,Loyal
U006209,2025-11-26,5,3591.02,35,4,3,4,Potential Loyalists
U006210,2025-10-12,1,585.14,80,2,1,1,Hibernating
U006211,2025-11-30,5,3187.41,31,4,3,3,Potential Loyalists
U006212,2025-12-26,4,4195.43,5,5,3,4,Potential Loyalists
U006213,2025-12-03,4,3001.2,28,4,3,3,Potential Loyalists
U006214,2025-12-13,6,2486.55,18,4,4,3,Champions
U006215,2025-11-15,4,1402.04,46,3,3,2,Potential Loyalists
U006216,2025-11-28,5,2569.81,33,4,3,3,Potential Loyalists
U006218,2025-07-21,2,557.2,163,1,1,1,Hibernating
U006219,2025-04-28,3,1439.58,247,1,2,2,Hibernating
U006220,2025-12-07,2,546.1800000000001,24,4,1,1,New & Promising
U006221,2025-09-18,4,2247.58,104,2,3,3,At Risk
U006222,2025-07-14,4,1850.46,170,1,3,2,At Risk
U006223,2025-12-04,7,5768.65,27,4,4,5,Champions
U006224,2025-11-19,10,7310.06,42,3,5,5,Loyal
U006225,2025-10-29,5,2784.89,63,3,3,3,Potential Loyalists
U006226,2025-11-12,4,1682.94,49,3,3,2,Potential Loyalists
U006227,2025-07-17,5,3488.44,167,1,3,4,At Risk
U006228,2025-09-20,6,3823.58,102,2,4,4,Loyal
U006229,2025-03-23,1,533.31,283,1,1,1,Hibernating
U006230,2025-07-25,3,1810.13,159,1,2,2,Hibernating
U006231,2025-06-17,1,263.47,197,1,1,1,Hibernating
U006232,2025-11-25,9,5374.76,36,4,5,5,Champions
U006233,2025-12-12,7,3331.2,19,4,4,4,Champions
U006234,2025-10-12,9,5467.66,80,2,5,5,Loyal
U006235,2025-11-10,4,1616.46,51,3,3,2,Potential Loyalists
U006236,2025-10-25,5,2401.13,67,2,3,3,At Risk
U006237,2025-11-23,16,13960.41,38,3,5,5,Loyal
U006238,2025-11-11,4,2164.64,50,3,3,3,Potential Loyalists
U006239,2025-08-20,1,721.89,133,1,1,1,Hibernating
U006241,2025-11-30,3,1503.96,31,4,2,2,New & Promising
U006242,2025-12-14,5,3614.07,17,5,3,4,Potential Loyalists
U006243,2025-05-14,1,992.13,231,1,1,1,Hibernating
U006244,2025-11-12,8,4163.37,49,3,5,4,Loyal
U006245,2025-11-30,8,4382.19,31,4,5,4,Champions
U006246,2025-10-19,5,4472.83,73,2,3,4,At Risk
U006247,2025-12-12,5,3610.82,19,4,3,4,Potential Loyalists
U006248,2025-11-02,2,1279.0800000000002,59,3,1,2,Potential Loyalists
U006249,2025-11-14,7,4052.75,47,3,4,4,Loyal
U006250,2025-11-07,7,7179.5599999999995,54,3,4,5,Loyal
U006251,2025-12-04,5,2991.82,27,4,3,3,Potential Loyalists
U006252,2025-12-26,16,11577.75,5,5,5,5,Champions
U006253,2025-11-12,7,5849.08,49,3,4,5,Loyal
U006254,2025-07-31,4,1235.02,153,1,3,2,At Risk
U006255,2025-11-12,6,4320.62,49,3,4,4,Loyal
U006256,2025-09-30,2,662.99,92,2,1,1,Hibernating
U006257,2025-11-19,2,2290.29,42,3,1,3,Potential Loyalists
U006258,2025-11-10,5,3383.23,51,3,3,4,Potential Loyalists
U006259,2025-12-12,3,1077.7,19,4,2,1,New & Promising
U006260,2025-12-24,7,2924.42,7,5,4,3,Champions
U006261,2025-08-18,3,1585.6499999999999,135,1,2,2,Hibernating
U006262,2025-10-04,4,3581.19,88,2,3,4,At Risk
U006263,2025-10-11,6,2532.45,81,2,4,3,Loyal
U006264,2025-12-11,6,2461.4,20,4,4,3,Champions
U006265,2025-08-04,2,568.3399999999999,149,1,1,1,Hibernating
U006267,2025-11-26,4,1646.19,35,4,3,2,Potential Loyalists
U006269,2025-12-08,4,1865.5300000000002,23,4,3,2,Potential Loyalists
U006270,2025-07-09,1,1205.37,175,1,1,2,Hibernating
U006271,2025-08-24,2,809.0699999999999,129,1,1,1,Hibernating
U006272,2025-01-12,1,543.12,353,1,1,1,Hibernating
U006273,2025-11-22,3,1535.69,39,3,2,2,Potential Loyalists
U006274,2025-12-11,11,8199.5,20,4,5,5,Champions
U006275,2025-09-14,2,1529.8,108,2,1,2,Hibernating
U006276,2025-12-17,7,5138.15,14,5,4,5,Champions
U006277,2025-12-17,13,7060.63,14,5,5,5,Champions
U006279,2025-11-13,2,866.8700000000001,48,3,1,1,Potential Loyalists
U006280,2025-11-30,2,1755.54,31,4,1,2,New & Promising
U006281,2025-12-20,5,3864.2999999999997,11,5,3,4,Potential Loyalists
U006282,2025-03-13,2,2166.02,293,1,1,3,Hibernating
U006283,2025-12-12,7,3629.43,19,4,4,4,Champions
U006285,2025-11-22,2,890.5600000000001,39,3,1,1,Potential Loyalists
U006286,2025-05-17,2,1660.47,228,1,1,2,Hibernating
U006287,2025-07-03,5,2053.33,181,1,3,2,At Risk
U006288,2025-12-02,9,4222.67,29,4,5,4,Champions
U006289,2025-11-16,5,4868.37,45,3,3,5,Potential Loyalists
U006290,2025-12-13,4,3156.05,18,4,3,3,Potential Loyalists
U006291,2025-12-08,6,4420.15,23,4,4,4,Champions
U006292,2025-12-26,3,1038.21,5,5,2,1,New & Promising
U006293,2025-11-23,7,3819.12,38,3,4,4,Loyal
U006294,2025-10-27,5,2169.16,65,3,3,3,Potential Loyalists
U006296,2025-12-07,4,2831.95,24,4,3,3,Potential Loyalists
U006297,2025-04-17,2,1351.54,258,1,1,2,Hibernating
U006298,2025-12-28,10,6345.32,3,5,5,5,Champions
U006299,2025-08-23,3,1609.06,130,1,2,2,Hibernating
U006300,2025-12-13,6,2374.14,18,4,4,3,Champions
U006301,2025-11-03,3,1011.37,58,3,2,1,Potential Loyalists
U006302,2025-06-15,1,661.6,199,1,1,1,Hibernating
U006303,2025-11-27,7,3677.7,34,4,4,4,Champions
U006304,2025-12-09,8,7071.81,22,4,5,5,Champions
U006305,2025-12-13,5,2486.62,18,4,3,3,Potential Loyalists
U006306,2025-11-10,4,2880.84,51,3,3,3,Potential Loyalists
U006307,2025-12-12,6,4196.14,19,4,4,4,Champions
U006308,2025-09-22,6,2984.5,100,2,4,3,Loyal
U006309,2025-11-30,12,6595.65,31,4,5,5,Champions
U006310,2025-12-15,7,8445.15,16,5,4,5,Champions
U006311,2025-12-13,7,6169.88,18,4,4,5,Champions
U006312,2025-11-05,11,7931.389999999999,56,3,5,5,Loyal
U006313,2025-07-29,2,2439.0099999999998,155,1,1,3,Hibernating
U006314,2025-08-31,3,1340.9,122,2,2,2,Hibernating
U006315,2025-11-01,7,5257.74,60,3,4,5,Loyal
U006316,2025-07-15,3,1180.69,169,1,2,1,Hibernating
U006317,2025-12-04,6,1991.24,27,4,4,2,Champions
U006318,2025-11-04,4,6875.59,57,3,3,5,Potential Loyalists
U006319,2025-12-30,12,8499.28,1,5,5,5,Champions
U006320,2025-11-10,4,1760.17,51,3,3,2,Potential Loyalists
U006321,2025-12-30,10,6988.72,1,5,5,5,Champions
U006322,2025-03-07,3,1402.55,299,1,2,2,Hibernating
U006324,2025-07-03,2,1707.66,181,1,1,2,Hibernating
U006325,2025-12-25,5,5044.55,6,5,3,5,Potential Loyalists
U006326,2025-11-20,3,1169.51,41,3,2,1,Potential Loyalists
U006327,2025-10-13,4,3906.38,79,2,3,4,At Risk
U006328,2025-12-13,8,3024.93,18,4,5,3,Champions
U006329,2025-12-22,7,5112.9400000000005,9,5,4,5,Champions
U006330,2025-06-23,3,1666.6100000000001,191,1,2,2,Hibernating
U006331,2025-07-27,1,1940.35,157,1,1,2,Hibernating
U006333,2025-12-13,10,3885.1,18,4,5,4,Champions
U006334,2025-10-15,6,3819.34,77,2,4,4,Loyal
U006335,2025-09-17,5,2344.4300000000003,105,2,3,3,At Risk
U006336,2025-03-07,1,571.48,299,1,1,1,Hibernating
U006337,2025-12-15,3,1418.82,16,5,2,2,New & Promising
U006338,2025-09-13,6,2103.05,109,2,4,2,Loyal
U006339,2025-10-21,1,1285.33,71,2,1,2,Hibernating
U006340,2025-12-13,9,3462.71,18,4,5,4,Champions
U006341,2025-12-27,6,2639.69,4,5,4,3,Champions
U006342,2025-08-23,4,4320.48,130,1,3,4,At Risk
U006343,2025-08-31,4,3379.65,122,2,3,4,At Risk
U006344,2025-12-01,6,2897.44,30,4,4,3,Champions
U006345,2025-10-30,4,1116.5300000000002,62,3,3,1,Potential Loyalists
U006346,2025-12-21,8,4572.6,10,5,5,4,Champions
U006347,2025-12-18,12,6341.8,13,5,5,5,Champions
U006348,2025-10-25,7,6298.93,67,2,4,5,Loyal
U006349,2025-09-09,5,3144.6000000000004,113,2,3,3,At Risk
U006350,2025-12-23,6,2215.24,8,5,4,3,Champions
U006351,2025-05-24,3,1625.94,221,1,2,2,Hibernating
U006353,2025-05-11,2,1686.01,234,1,1,2,Hibernating
U006354,2025-12-13,9,4635.53,18,4,5,4,Champions
U006355,2025-12-15,6,6002.4400000000005,16,5,4,5,Champions
U006356,2025-12-04,14,8581.84,27,4,5,5,Champions
U006357,2025-12-15,5,2603.8,16,5,3,3,Potential Loyalists
U006358,2025-12-23,8,6122.25,8,5,5,5,Champions
U006359,2025-12-23,12,8098.56,8,5,5,5,Champions
U006360,2025-10-17,2,1197.1799999999998,75,2,1,2,Hibernating
U006361,2025-11-21,1,966.13,40,3,1,1,Potential Loyalists
U006362,2025-12-30,5,4652.83,1,5,3,4,Potential Loyalists
U006363,2025-11-07,4,3494.74,54,3,3,4,Potential Loyalists
U006364,2025-10-23,3,1376.53,69,2,2,2,Hibernating
U006365,2025-10-22,4,2102.42,70,2,3,2,At Risk
U006366,2025-05-13,3,1189.9,232,1,2,1,Hibernating
U006367,2025-12-11,3,2829.35,20,4,2,3,New & Promising
U006368,2025-08-07,5,1880.82,146,1,3,2,At Risk
U006369,2025-10-11,9,6578.47,81,2,5,5,Loyal
U006370,2025-12-01,8,4268.68,30,4,5,4,Champions
U006371,2025-07-16,2,973.4399999999999,168,1,1,1,Hibernating
U006372,2025-12-11,5,2637.43,20,4,3,3,Potential Loyalists
U006373,2025-10-02,3,2548.09,90,2,2,3,Hibernating
U006374,2025-12-10,5,2681.9300000000003,21,4,3,3,Potential Loyalists
U006375,2025-12-30,10,6911.620000000001,1,5,5,5,Champions
U006376,2025-10-04,1,208.0,88,2,1,1,Hibernating
U006377,2025-10-29,2,3117.41,63,3,1,3,Potential Loyalists
U006378,2025-11-20,5,2799.89,41,3,3,3,Potential Loyalists
U006379,2025-12-11,10,5896.32,20,4,5,5,Champions
U006380,2025-12-15,3,1644.56,16,5,2,2,New & Promising
U006381,2025-09-15,4,2749.5599999999995,107,2,3,3,At Risk
U006382,2025-09-27,4,1694.6399999999999,95,2,3,2,At Risk
U006383,2025-10-28,1,393.92,64,3,1,1,Potential Loyalists
U006384,2025-08-17,4,5526.15,136,1,3,5,At Risk
U006385,2025-07-15,4,2733.2799999999997,169,1,3,3,At Risk
U006386,2025-12-31,5,2993.9,0,5,3,3,Potential Loyalists
U006387,2025-11-09,4,2999.7000000000003,52,3,3,3,Potential Loyalists
U006388,2025-12-20,9,4752.02,11,5,5,5,Champions
U006389,2025-11-24,7,6801.19,37,3,4,5,Loyal
U006390,2025-11-29,10,4016.0299999999997,32,4,5,4,Champions
U006391,2025-12-11,10,5206.05,20,4,5,5,Champions
U006392,2025-12-21,6,5606.1900000000005,10,5,4,5,Champions
U006393,2025-08-23,4,1632.9099999999999,130,1,3,2,At Risk
U006394,2025-12-20,2,1166.7,11,5,1,1,New & Promising
U006395,2025-12-23,7,3143.48,8,5,4,3,Champions
U006397,2025-11-16,7,8466.4,45,3,4,5,Loyal
U006398,2025-10-28,5,4462.719999999999,64,3,3,4,Potential Loyalists
U006400,2025-12-26,6,2693.67,5,5,4,3,Champions
U006401,2025-11-03,4,3556.16,58,3,3,4,Potential Loyalists
U006402,2025-09-06,5,2207.8,116,2,3,3,At Risk
U006403,2025-12-08,8,4387.6,23,4,5,4,Champions
U006404,2025-11-04,3,1577.67,57,3,2,2,Potential Loyalists
U006405,2025-04-04,1,170.4,271,1,1,1,Hibernating
U006406,2025-11-11,3,1761.95,50,3,2,2,Potential Loyalists
U006407,2025-12-28,13,7368.47,3,5,5,5,Champions
U006408,2025-10-09,9,8094.09,83,2,5,5,Loyal
U006409,2025-09-11,3,1005.13,111,2,2,1,Hibernating
U006410,2025-08-30,3,1782.1100000000001,123,2,2,2,Hibernating
U006411,2025-12-28,5,2832.42,3,5,3,3,Potential Loyalists
U006412,2025-10-20,4,3540.4399999999996,72,2,3,4,At Risk
U006413,2025-11-20,4,3057.64,41,3,3,3,Potential Loyalists
U006414,2025-07-01,1,453.87,183,1,1,1,Hibernating
U006415,2025-08-24,6,3676.01,129,1,4,4,Loyal
U006416,2025-12-17,2,761.13,14,5,1,1,New & Promising
U006417,2025-07-27,3,1275.71,157,1,2,2,Hibernating
U006418,2025-11-05,3,2443.77,56,3,2,3,Potential Loyalists
U006419,2025-12-20,10,5941.18,11,5,5,5,Champions
U006421,2025-11-23,4,1810.12,38,3,3,2,Potential Loyalists
U006422,2025-09-03,4,2437.66,119,2,3,3,At Risk
U006423,2025-12-01,12,10277.81,30,4,5,5,Champions
U006424,2025-08-25,8,4080.24,128,2,5,4,Loyal
U006425,2025-11-09,8,5051.4,52,3,5,5,Loyal
U006426,2025-12-26,8,6007.37,5,5,5,5,Champions
U006427,2025-12-10,4,2142.56,21,4,3,3,Potential Loyalists
U006428,2025-11-12,3,1834.8000000000002,49,3,2,2,Potential Loyalists
U006429,2025-12-20,8,5841.51,11,5,5,5,Champions
U006430,2025-12-31,7,5576.469999999999,0,5,4,5,Champions
U006431,2025-12-10,4,1586.4,21,4,3,2,Potential Loyalists
U006432,2025-12-07,10,4004.64,24,4,5,4,Champions
U006434,2025-12-15,10,6050.93,16,5,5,5,Champions
U006435,2025-12-20,6,2763.09,11,5,4,3,Champions
U006436,2025-12-22,7,3167.2999999999997,9,5,4,3,Champions
U006437,2025-12-12,5,5630.21,19,4,3,5,Potential Loyalists
U006438,2025-09-02,3,1658.94,120,2,2,2,Hibernating
U006439,2025-11-05,3,1234.15,56,3,2,2,Potential Loyalists
U006440,2025-09-20,3,1004.79,102,2,2,1,Hibernating
U006442,2025-12-28,4,1458.85,3,5,3,2,Potential Loyalists
U006443,2025-10-18,1,601.87,74,2,1,1,Hibernating
U006444,2025-12-02,5,2989.89,29,4,3,3,Potential Loyalists
U006445,2025-12-02,7,5280.4400000000005,29,4,4,5,Champions
U006446,2025-12-27,13,11577.84,4,5,5,5,Champions
U006447,2025-11-23,8,4401.23,38,3,5,4,Loyal
U006448,2025-12-11,7,2064.43,20,4,4,2,Champions
U006449,2025-12-11,5,3021.31,20,4,3,3,Potential Loyalists
U006450,2025-12-13,6,2199.57,18,4,4,3,Champions
U006451,2025-12-13,8,3715.19,18,4,5,4,Champions
U006452,2025-12-11,5,5544.719999999999,20,4,3,5,Potential Loyalists
U006453,2025-12-22,4,1865.8700000000001,9,5,3,2,Potential Loyalists
U006454,2025-09-23,5,3573.15,99,2,3,4,At Risk
U006455,2025-10-25,3,2613.34,67,2,2,3,Hibernating
U006456,2025-12-02,7,6310.349999999999,29,4,4,5,Champions
U006457,2025-08-13,4,1859.83,140,1,3,2,At Risk
U006458,2025-11-15,2,1116.19,46,3,1,1,Potential Loyalists
U006459,2025-08-19,1,343.18,134,1,1,1,Hibernating
U006460,2025-11-04,3,2406.66,57,3,2,3,Potential Loyalists
U006461,2025-12-11,7,4009.61,20,4,4,4,Champions
U006462,2025-10-08,6,2825.3,84,2,4,3,Loyal
U006463,2025-11-13,6,3283.85,48,3,4,4,Loyal
U006464,2025-07-17,2,1730.3200000000002,167,1,1,2,Hibernating
U006465,2025-12-19,4,2004.6,12,5,3,2,Potential Loyalists
U006466,2025-12-20,3,1565.38,11,5,2,2,New & Promising
U006467,2025-03-15,1,364.93,291,1,1,1,Hibernating
U006468,2025-12-30,9,3534.79,1,5,5,4,Champions
U006469,2025-12-05,2,4089.9799999999996,26,4,1,4,New & Promising
U006470,2025-05-27,3,1123.98,218,1,2,1,Hibernating
U006471,2025-04-21,2,4116.0599999999995,254,1,1,4,Hibernating
U006472,2025-07-03,2,2600.37,181,1,1,3,Hibernating
U006473,2025-10-07,2,631.53,85,2,1,1,Hibernating
U006474,2025-09-22,4,3341.03,100,2,3,4,At Risk
U006475,2025-11-30,7,3191.56,31,4,4,3,Champions
U006476,2025-09-28,2,1349.15,94,2,1,2,Hibernating
U006477,2025-10-05,10,5294.72,87,2,5,5,Loyal
U006478,2025-08-10,3,2116.7799999999997,143,1,2,2,Hibernating
U006479,2025-11-22,2,656.63,39,3,1,1,Potential Loyalists
U006480,2025-12-14,2,2094.09,17,5,1,2,New & Promising
U006481,2025-12-14,12,7525.83,17,5,5,5,Champions
U006482,2025-09-18,3,2495.78,104,2,2,3,Hibernating
U006483,2025-12-25,4,1745.5,6,5,3,2,Potential Loyalists
U006484,2025-09-21,2,624.86,101,2,1,1,Hibernating
U006485,2025-12-27,5,3604.64,4,5,3,4,Potential Loyalists
U006486,2025-08-22,7,5803.2,131,1,4,5,Loyal
U006487,2025-12-31,7,3942.51,0,5,4,4,Champions
U006488,2025-12-24,7,3868.36,7,5,4,4,Champions
U006489,2025-12-29,5,2810.61,2,5,3,3,Potential Loyalists
U006490,2025-04-23,2,1129.68,252,1,1,1,Hibernating
U006491,2025-12-13,4,3023.48,18,4,3,3,Potential Loyalists
U006492,2025-02-21,1,611.41,313,1,1,1,Hibernating
U006493,2025-08-11,3,1673.96,142,1,2,2,Hibernating
U006494,2025-07-21,5,2257.66,163,1,3,3,At Risk
U006495,2025-12-30,6,1833.24,1,5,4,2,Champions
U006496,2025-12-21,3,1290.05,10,5,2,2,New & Promising
U006498,2025-12-31,1,641.78,0,5,1,1,New & Promising
U006499,2025-07-17,4,2931.0699999999997,167,1,3,3,At Risk
U006500,2025-11-25,6,5000.81,36,4,4,5,Champions
U006501,2025-08-22,2,2852.42,131,1,1,3,Hibernating
U006502,2025-11-20,5,4546.43,41,3,3,4,Potential Loyalists
U006503,2025-10-26,2,1614.82,66,3,1,2,Potential Loyalists
U006504,2025-10-09,3,2027.47,83,2,2,2,Hibernating
U006505,2025-12-13,2,1674.4099999999999,18,4,1,2,New & Promising
U006506,2025-12-06,9,6540.56,25,4,5,5,Champions
U006507,2025-12-23,11,6960.99,8,5,5,5,Champions
U006508,2025-11-09,5,4762.4400000000005,52,3,3,5,Potential Loyalists
U006509,2025-09-06,3,1274.77,116,2,2,2,Hibernating
U006510,2025-11-29,5,4155.209999999999,32,4,3,4,Potential Loyalists
U006511,2025-07-24,4,1402.8899999999999,160,1,3,2,At Risk
U006512,2025-08-29,3,1736.39,124,2,2,2,Hibernating
U006513,2025-12-28,6,3248.24,3,5,4,4,Champions
U006514,2025-11-10,10,8119.63,51,3,5,5,Loyal
U006515,2025-12-30,7,3243.73,1,5,4,4,Champions
U006516,2025-08-16,4,3060.8999999999996,137,1,3,3,At Risk
U006517,2025-12-11,6,3490.67,20,4,4,4,Champions
U006518,2025-11-21,3,1245.92,40,3,2,2,Potential Loyalists
U006519,2025-12-13,1,738.44,18,4,1,1,New & Promising
U006520,2025-04-10,2,884.78,265,1,1,1,Hibernating
U006521,2025-12-29,13,13040.33,2,5,5,5,Champions
U006522,2025-12-28,6,5517.9400000000005,3,5,4,5,Champions
U006523,2025-10-29,8,4748.12,63,3,5,5,Loyal
U006524,2025-12-19,10,7394.5599999999995,12,5,5,5,Champions
U006525,2025-12-13,11,9659.47,18,4,5,5,Champions
U006526,2025-03-24,1,360.57,282,1,1,1,Hibernating
U006527,2025-11-10,7,3072.75,51,3,4,3,Loyal
U006528,2025-11-16,3,3306.01,45,3,2,4,Potential Loyalists
U006529,2025-06-01,4,2048.4,213,1,3,2,At Risk
U006530,2025-07-28,6,2549.56,156,1,4,3,Loyal
U006531,2025-12-13,4,2602.14,18,4,3,3,Potential Loyalists
U006532,2025-12-28,4,3875.4700000000003,3,5,3,4,Potential Loyalists
U006533,2025-04-27,1,582.22,248,1,1,1,Hibernating
U006534,2025-12-11,5,3034.73,20,4,3,3,Potential Loyalists
U006535,2025-11-16,2,1098.3000000000002,45,3,1,1,Potential Loyalists
U006536,2025-11-22,7,1505.65,39,3,4,2,Loyal
U006538,2025-11-30,6,2580.2599999999998,31,4,4,3,Champions
U006539,2025-12-04,8,6873.94,27,4,5,5,Champions
U006540,2025-12-03,7,2724.61,28,4,4,3,Champions
U006541,2025-12-17,4,2574.76,14,5,3,3,Potential Loyalists
U006542,2025-12-08,4,3602.91,23,4,3,4,Potential Loyalists
U006543,2025-11-11,2,1219.48,50,3,1,2,Potential Loyalists
U006544,2025-11-12,5,1871.8700000000001,49,3,3,2,Potential Loyalists
U006545,2025-10-27,2,729.79,65,3,1,1,Potential Loyalists
U006546,2025-12-09,7,8010.19,22,4,4,5,Champions
U006547,2025-03-21,2,1526.59,285,1,1,2,Hibernating
U006548,2025-09-20,2,1273.54,102,2,1,2,Hibernating
U006549,2025-12-19,6,5435.83,12,5,4,5,Champions
U006550,2025-12-15,8,3347.97,16,5,5,4,Champions
U006551,2025-11-10,2,1003.8,51,3,1,1,Potential Loyalists
U006552,2025-07-07,4,1780.87,177,1,3,2,At Risk
U006554,2025-09-16,4,2165.09,106,2,3,3,At Risk
U006555,2025-09-05,1,1106.0,117,2,1,1,Hibernating
U006556,2025-12-09,2,749.03,22,4,1,1,New & Promising
U006557,2025-10-31,3,2912.54,61,3,2,3,Potential Loyalists
U006558,2025-12-25,5,3284.96,6,5,3,4,Potential Loyalists
U006559,2025-12-30,6,4219.2699999999995,1,5,4,4,Champions
U006560,2025-03-24,2,621.42,282,1,1,1,Hibernating
U006561,2025-12-04,5,3016.77,27,4,3,3,Potential Loyalists
U006562,2025-12-06,9,8506.59,25,4,5,5,Champions
U006563,2025-12-23,4,4688.46,8,5,3,4,Potential Loyalists
U006564,2025-10-09,3,2692.4,83,2,2,3,Hibernating
U006565,2025-04-11,1,1007.06,264,1,1,1,Hibernating
U006566,2025-05-26,2,1442.83,219,1,1,2,Hibernating
U006567,2025-12-24,13,9243.82,7,5,5,5,Champions
U006568,2025-12-05,8,4200.0599999999995,26,4,5,4,Champions
U006569,2025-06-19,7,3681.97,195,1,4,4,Loyal
U006571,2025-05-29,1,545.15,216,1,1,1,Hibernating
U006572,2025-09-07,3,1784.27,115,2,2,2,Hibernating
U006574,2025-04-26,3,2457.65,249,1,2,3,Hibernating
U006575,2025-05-31,1,200.84,214,1,1,1,Hibernating
U006576,2025-12-13,7,8256.75,18,4,4,5,Champions
U006577,2025-12-25,8,3573.47,6,5,5,4,Champions
U006578,2025-12-13,11,6206.66,18,4,5,5,Champions
U006580,2025-11-03,5,2674.85,58,3,3,3,Potential Loyalists
U006581,2025-11-30,7,3587.58,31,4,4,4,Champions
U006582,2025-11-12,5,2028.01,49,3,3,2,Potential Loyalists
U006583,2025-11-25,8,6100.82,36,4,5,5,Champions
U006585,2025-05-03,6,3864.77,242,1,4,4,Loyal
U006586,2025-10-11,5,2245.54,81,2,3,3,At Risk
U006587,2025-12-24,9,3652.02,7,5,5,4,Champions
U006588,2025-11-16,3,1434.4299999999998,45,3,2,2,Potential Loyalists
U006589,2025-12-19,8,4665.87,12,5,5,4,Champions
U006590,2025-12-19,7,4777.91,12,5,4,5,Champions
U006591,2025-12-30,5,2790.3,1,5,3,3,Potential Loyalists
U006592,2025-12-18,6,3297.04,13,5,4,4,Champions
U006593,2025-12-08,4,2274.06,23,4,3,3,Potential Loyalists
U006594,2025-12-21,4,2039.56,10,5,3,2,Potential Loyalists
U006595,2025-12-14,2,837.85,17,5,1,1,New & Promising
U006596,2025-09-09,3,1952.41,113,2,2,2,Hibernating
U006597,2025-10-18,8,4849.93,74,2,5,5,Loyal
U006598,2025-11-09,5,2735.51,52,3,3,3,Potential Loyalists
U006599,2025-12-11,4,1965.3200000000002,20,4,3,2,Potential Loyalists
U006600,2025-07-31,5,2729.4700000000003,153,1,3,3,At Risk
U006601,2025-09-13,1,236.0,109,2,1,1,Hibernating
U006602,2025-12-21,13,6630.4,10,5,5,5,Champions
U006603,2025-12-17,8,5282.37,14,5,5,5,Champions
U006604,2025-10-27,4,2601.33,65,3,3,3,Potential Loyalists
U006605,2025-12-13,5,2799.71,18,4,3,3,Potential Loyalists
U006606,2025-11-07,15,13752.8,54,3,5,5,Loyal
U006607,2025-11-08,3,3466.08,53,3,2,4,Potential Loyalists
U006608,2025-05-23,3,2689.58,222,1,2,3,Hibernating
U006610,2025-12-07,2,847.04,24,4,1,1,New & Promising
U006611,2025-11-29,4,2169.11,32,4,3,3,Potential Loyalists
U006612,2025-12-13,9,7335.48,18,4,5,5,Champions
U006613,2025-05-05,1,369.49,240,1,1,1,Hibernating
U006614,2025-07-30,3,1246.35,154,1,2,2,Hibernating
U006615,2025-11-26,7,3464.6,35,4,4,4,Champions
U006616,2025-11-20,3,1266.6599999999999,41,3,2,2,Potential Loyalists
U006617,2025-06-10,2,1285.94,204,1,1,2,Hibernating
U006618,2025-09-27,4,2431.4700000000003,95,2,3,3,At Risk
U006619,2025-10-22,4,2031.52,70,2,3,2,At Risk
U006620,2025-11-23,7,3096.63,38,3,4,3,Loyal
U006621,2025-12-28,5,1405.9299999999998,3,5,3,2,Potential Loyalists
U006622,2025-12-14,10,5508.4800000000005,17,5,5,5,Champions
U006623,2025-12-13,2,597.06,18,4,1,1,New & Promising
U006624,2025-09-12,1,551.24,110,2,1,1,Hibernating
U006625,2025-12-27,7,5485.12,4,5,4,5,Champions
U006626,2025-12-08,3,1314.28,23,4,2,2,New & Promising
U006627,2025-10-03,3,971.0,89,2,2,1,Hibernating
U006628,2025-06-15,1,1191.41,199,1,1,1,Hibernating
U006629,2025-11-11,6,3381.5699999999997,50,3,4,4,Loyal
U006630,2025-08-23,2,1431.13,130,1,1,2,Hibernating
U006631,2025-11-14,5,2300.59,47,3,3,3,Potential Loyalists
U006632,2025-10-20,5,2291.35,72,2,3,3,At Risk
U006633,2025-12-06,2,895.37,25,4,1,1,New & Promising
U006634,2025-12-25,7,10410.550000000001,6,5,4,5,Champions
U006635,2025-10-15,7,4259.66,77,2,4,4,Loyal
U006636,2025-08-30,7,3308.7000000000003,123,2,4,4,Loyal
U006637,2025-12-11,6,2665.98,20,4,4,3,Champions
U006638,2025-12-30,6,2028.9499999999998,1,5,4,2,Champions
U006639,2025-11-03,5,3717.5,58,3,3,4,Potential Loyalists
U006640,2025-09-07,1,337.27,115,2,1,1,Hibernating
U006641,2025-12-23,7,5305.68,8,5,4,5,Champions
U006642,2025-02-01,1,334.39,333,1,1,1,Hibernating
U006644,2025-12-11,3,840.3,20,4,2,1,New & Promising
U006645,2025-08-28,2,1751.55,125,2,1,2,Hibernating
U006646,2025-11-01,3,1939.41,60,3,2,2,Potential Loyalists
U006647,2025-11-18,6,2813.16,43,3,4,3,Loyal
U006648,2025-12-10,8,7697.53,21,4,5,5,Champions
U006649,2025-08-31,7,3278.34,122,2,4,4,Loyal
U006650,2025-12-28,10,9037.23,3,5,5,5,Champions
U006651,2025-11-13,5,3547.71,48,3,3,4,Potential Loyalists
U006652,2025-12-18,6,3535.41,13,5,4,4,Champions
U006653,2025-12-12,4,2973.96,19,4,3,3,Potential Loyalists
U006654,2025-05-18,1,993.93,227,1,1,1,Hibernating
U006655,2025-11-09,7,5138.25,52,3,4,5,Loyal
U006656,2025-12-18,7,3997.4700000000003,13,5,4,4,Champions
U006657,2025-11-27,2,1054.42,34,4,1,1,New & Promising
U006658,2025-11-12,2,1066.49,49,3,1,1,Potential Loyalists
U006659,2025-11-13,7,4172.76,48,3,4,4,Loyal
U006660,2025-09-01,7,3138.7799999999997,121,2,4,3,Loyal
U006661,2025-12-07,3,1745.0300000000002,24,4,2,2,New & Promising
U006662,2025-10-07,3,3962.46,85,2,2,4,Hibernating
U006663,2025-12-15,9,5725.41,16,5,5,5,Champions
U006664,2025-09-10,3,2348.03,112,2,2,3,Hibernating
U006665,2025-12-25,10,3712.77,6,5,5,4,Champions
U006666,2025-12-20,1,1194.76,11,5,1,2,New & Promising
U006667,2025-10-25,5,2735.56,67,2,3,3,At Risk
U006668,2025-10-22,6,4346.26,70,2,4,4,Loyal
U006669,2025-12-11,7,3931.74,20,4,4,4,Champions
U006670,2025-08-08,2,1672.07,145,1,1,2,Hibernating
U006671,2025-12-11,2,721.1800000000001,20,4,1,1,New & Promising
U006672,2025-12-16,7,3403.01,15,5,4,4,Champions
U006673,2025-11-22,4,2805.08,39,3,3,3,Potential Loyalists
U006674,2025-08-19,8,4216.54,134,1,5,4,Loyal
U006675,2025-10-05,9,6243.09,87,2,5,5,Loyal
U006676,2025-09-19,2,870.25,103,2,1,1,Hibernating
U006677,2025-08-12,2,2594.99,141,1,1,3,Hibernating
U006678,2025-09-12,3,1851.44,110,2,2,2,Hibernating
U006679,2025-05-25,2,668.51,220,1,1,1,Hibernating
U006680,2025-11-12,2,1004.08,49,3,1,1,Potential Loyalists
U006681,2025-12-05,6,6014.14,26,4,4,5,Champions
U006683,2025-12-06,10,6468.82,25,4,5,5,Champions
U006684,2025-12-11,8,6831.87,20,4,5,5,Champions
U006686,2025-08-29,1,292.98,124,2,1,1,Hibernating
U006687,2025-12-13,4,1550.44,18,4,3,2,Potential Loyalists
U006688,2025-09-07,5,2365.81,115,2,3,3,At Risk
U006689,2025-12-07,4,1988.25,24,4,3,2,Potential Loyalists
U006690,2025-11-20,1,142.6,41,3,1,1,Potential Loyalists
U006691,2025-12-12,4,2125.02,19,4,3,3,Potential Loyalists
U006692,2025-11-19,4,1843.18,42,3,3,2,Potential Loyalists
U006694,2025-10-31,6,3361.0600000000004,61,3,4,4,Loyal
U006695,2025-06-12,2,1729.84,202,1,1,2,Hibernating
U006696,2025-12-17,13,6221.94,14,5,5,5,Champions
U006697,2025-07-15,2,778.3399999999999,169,1,1,1,Hibernating
U006698,2025-10-06,1,319.12,86,2,1,1,Hibernating
U006699,2025-11-19,4,2648.73,42,3,3,3,Potential Loyalists
U006700,2025-02-10,1,264.14,324,1,1,1,Hibernating
U006701,2025-11-26,2,620.69,35,4,1,1,New & Promising
U006702,2025-12-11,5,1801.87,20,4,3,2,Potential Loyalists
U006703,2025-12-08,5,2330.2799999999997,23,4,3,3,Potential Loyalists
U006704,2025-12-13,6,4553.67,18,4,4,4,Champions
U006705,2025-09-08,1,576.81,114,2,1,1,Hibernating
U006706,2025-10-24,4,2820.7,68,2,3,3,At Risk
U006707,2025-11-18,6,3484.79,43,3,4,4,Loyal
U006708,2025-12-12,10,6209.94,19,4,5,5,Champions
U006709,2025-11-28,2,1536.15,33,4,1,2,New & Promising
U006710,2025-09-24,7,4444.74,98,2,4,4,Loyal
U006711,2025-12-23,3,1913.71,8,5,2,2,New & Promising
U006712,2025-11-21,7,3124.11,40,3,4,3,Loyal
U006713,2025-12-15,5,4165.34,16,5,3,4,Potential Loyalists
U006714,2025-10-02,8,4614.7,90,2,5,4,Loyal
U006716,2025-11-11,18,10247.24,50,3,5,5,Loyal
U006717,2025-09-10,3,2158.2,112,2,2,3,Hibernating
U006718,2025-11-21,1,500.69,40,3,1,1,Potential Loyalists
U006719,2025-04-30,2,1373.12,245,1,1,2,Hibernating
U006720,2025-11-30,3,2982.13,31,4,2,3,New & Promising
U006721,2025-12-28,7,2936.0499999999997,3,5,4,3,Champions
U006722,2025-12-18,6,4042.07,13,5,4,4,Champions
U006723,2025-09-20,8,5847.49,102,2,5,5,Loyal
U006724,2025-12-27,2,1077.02,4,5,1,1,New & Promising
U006726,2025-12-02,11,4314.1,29,4,5,4,Champions
U006727,2025-11-23,4,1777.33,38,3,3,2,Potential Loyalists
U006728,2025-12-14,2,1430.95,17,5,1,2,New & Promising
U006729,2025-05-23,2,677.4,222,1,1,1,Hibernating
U006730,2025-06-19,4,2521.62,195,1,3,3,At Risk
U006731,2025-12-12,9,6133.52,19,4,5,5,Champions
U006732,2025-11-11,5,2822.45,50,3,3,3,Potential Loyalists
U006733,2025-10-03,1,650.56,89,2,1,1,Hibernating
U006734,2025-12-17,2,1622.99,14,5,1,2,New & Promising
U006735,2025-11-11,10,7275.21,50,3,5,5,Loyal
U006736,2025-11-05,5,1994.46,56,3,3,2,Potential Loyalists
U006737,2025-05-04,3,538.25,241,1,2,1,Hibernating
U006738,2025-10-17,4,2631.79,75,2,3,3,At Risk
U006739,2025-03-09,2,3665.59,297,1,1,4,Hibernating
U006740,2025-12-19,6,3250.25,12,5,4,4,Champions
U006741,2025-11-12,3,1709.88,49,3,2,2,Potential Loyalists
U006742,2025-09-08,4,2640.8,114,2,3,3,At Risk
U006743,2025-09-09,6,5044.6,113,2,4,5,Loyal
U006744,2025-10-06,4,4234.22,86,2,3,4,At Risk
U006745,2025-11-18,1,395.02,43,3,1,1,Potential Loyalists
U006746,2025-07-16,5,2009.7,168,1,3,2,At Risk
U006747,2025-10-29,1,356.74,63,3,1,1,Potential Loyalists
U006748,2025-09-09,7,3816.95,113,2,4,4,Loyal
U006749,2025-12-23,3,3790.56,8,5,2,4,New & Promising
U006750,2025-12-14,4,2211.31,17,5,3,3,Potential Loyalists
U006752,2025-11-20,3,2014.1,41,3,2,2,Potential Loyalists
U006753,2025-07-26,1,799.38,158,1,1,1,Hibernating
U006754,2025-12-07,5,2636.69,24,4,3,3,Potential Loyalists
U006755,2025-11-08,3,1592.3400000000001,53,3,2,2,Potential Loyalists
U006756,2025-07-12,3,1499.1399999999999,172,1,2,2,Hibernating
U006757,2025-11-17,3,3169.89,44,3,2,3,Potential Loyalists
U006758,2025-12-12,5,3461.7200000000003,19,4,3,4,Potential Loyalists
U006759,2025-12-06,3,1383.71,25,4,2,2,New & Promising
U006760,2025-11-23,6,3268.9700000000003,38,3,4,4,Loyal
U006763,2025-11-16,3,2147.52,45,3,2,3,Potential Loyalists
U006764,2025-12-16,11,8482.12,15,5,5,5,Champions
U006765,2025-06-10,2,1087.62,204,1,1,1,Hibernating
U006766,2025-06-15,2,1945.29,199,1,1,2,Hibernating
U006767,2025-11-17,2,1270.84,44,3,1,2,Potential Loyalists
U006768,2025-12-06,1,752.78,25,4,1,1,New & Promising
U006769,2025-11-22,4,1385.6399999999999,39,3,3,2,Potential Loyalists
U006770,2025-12-18,7,4281.58,13,5,4,4,Champions
U006771,2025-09-16,4,2346.31,106,2,3,3,At Risk
U006772,2025-12-27,4,2725.23,4,5,3,3,Potential Loyalists
U006774,2025-12-10,10,6177.8099999999995,21,4,5,5,Champions
U006775,2025-09-02,5,2262.78,120,2,3,3,At Risk
U006776,2025-09-17,3,2487.64,105,2,2,3,Hibernating
U006777,2025-11-02,3,2080.21,59,3,2,2,Potential Loyalists
U006779,2025-11-24,3,2050.9399999999996,37,3,2,2,Potential Loyalists
U006780,2025-10-07,6,3805.33,85,2,4,4,Loyal
U006781,2025-11-06,3,1530.45,55,3,2,2,Potential Loyalists
U006782,2025-11-05,3,2147.4,56,3,2,3,Potential Loyalists
U006783,2025-04-26,2,585.6700000000001,249,1,1,1,Hibernating
U006784,2025-06-18,5,1818.72,196,1,3,2,At Risk
U006785,2025-08-20,3,1228.0800000000002,133,1,2,2,Hibernating
U006786,2025-12-27,3,2479.09,4,5,2,3,New & Promising
U006787,2025-10-06,4,3726.62,86,2,3,4,At Risk
U006788,2025-11-22,13,7896.52,39,3,5,5,Loyal
U006790,2025-10-03,12,6486.63,89,2,5,5,Loyal
U006791,2025-11-03,3,2768.7599999999998,58,3,2,3,Potential Loyalists
U006792,2025-12-12,9,5392.61,19,4,5,5,Champions
U006793,2025-11-20,1,329.74,41,3,1,1,Potential Loyalists
U006794,2025-10-22,4,2221.19,70,2,3,3,At Risk
U006795,2025-11-27,5,1960.79,34,4,3,2,Potential Loyalists
U006796,2025-10-24,6,3759.79,68,2,4,4,Loyal
U006797,2025-07-03,4,2447.95,181,1,3,3,At Risk
U006798,2025-10-27,2,940.57,65,3,1,1,Potential Loyalists
U006799,2025-12-20,8,4780.4800000000005,11,5,5,5,Champions
U006800,2025-12-24,13,5892.32,7,5,5,5,Champions
U006801,2025-10-07,3,2186.88,85,2,2,3,Hibernating
U006802,2025-12-12,15,9501.33,19,4,5,5,Champions
U006803,2025-11-16,13,9587.12,45,3,5,5,Loyal
U006804,2025-07-23,4,3114.43,161,1,3,3,At Risk
U006805,2025-08-16,3,1320.3600000000001,137,1,2,2,Hibernating
U006806,2025-04-10,1,656.33,265,1,1,1,Hibernating
U006807,2025-12-31,3,1262.74,0,5,2,2,New & Promising
U006808,2025-07-08,8,4478.05,176,1,5,4,Loyal
U006809,2025-12-21,1,170.93,10,5,1,1,New & Promising
U006810,2025-09-28,7,3805.54,94,2,4,4,Loyal
U006811,2025-08-27,1,598.0,126,2,1,1,Hibernating
U006812,2025-07-22,2,817.89,162,1,1,1,Hibernating
U006813,2025-11-10,5,3993.88,51,3,3,4,Potential Loyalists
U006814,2025-12-11,8,4080.71,20,4,5,4,Champions
U006815,2025-12-20,9,4154.07,11,5,5,4,Champions
U006816,2025-12-09,2,987.08,22,4,1,1,New & Promising
U006817,2025-12-24,11,5850.66,7,5,5,5,Champions
U006818,2025-11-11,2,2167.76,50,3,1,3,Potential Loyalists
U006819,2025-12-11,13,10092.56,20,4,5,5,Champions
U006820,2025-12-26,10,4833.8,5,5,5,5,Champions
U006821,2025-12-25,11,4260.55,6,5,5,4,Champions
U006822,2025-11-30,7,2641.0299999999997,31,4,4,3,Champions
U006823,2025-12-03,11,6804.16,28,4,5,5,Champions
U006824,2025-04-11,2,848.08,264,1,1,1,Hibernating
U006825,2025-05-21,2,1014.86,224,1,1,1,Hibernating
U006826,2025-12-07,3,4360.24,24,4,2,4,New & Promising
U006827,2025-08-06,5,1737.93,147,1,3,2,At Risk
U006828,2025-10-13,6,2939.79,79,2,4,3,Loyal
U006829,2025-12-31,2,838.47,0,5,1,1,New & Promising
U006830,2025-10-14,5,3133.95,78,2,3,3,At Risk
U006831,2025-11-10,8,5903.2,51,3,5,5,Loyal
U006832,2025-08-01,5,1507.27,152,1,3,2,At Risk
U006833,2025-12-22,1,610.84,9,5,1,1,New & Promising
U006834,2025-12-28,7,5021.0,3,5,4,5,Champions
U006835,2025-04-06,3,2125.9300000000003,269,1,2,3,Hibernating
U006836,2025-12-03,6,3500.71,28,4,4,4,Champions
U006837,2025-11-07,2,1977.4299999999998,54,3,1,2,Potential Loyalists
U006838,2025-12-06,5,3982.77,25,4,3,4,Potential Loyalists
U006839,2025-12-21,3,1779.85,10,5,2,2,New & Promising
U006840,2025-12-20,8,3875.42,11,5,5,4,Champions
U006841,2025-12-02,3,2417.31,29,4,2,3,New & Promising
U006842,2025-11-27,4,1824.2,34,4,3,2,Potential Loyalists
U006843,2025-09-10,2,381.94,112,2,1,1,Hibernating
U006844,2025-11-15,11,5685.75,46,3,5,5,Loyal
U006845,2025-12-07,3,1426.83,24,4,2,2,New & Promising
U006846,2025-12-12,11,5274.93,19,4,5,5,Champions
U006847,2025-11-16,8,4031.3199999999997,45,3,5,4,Loyal
U006848,2025-12-08,6,2670.74,23,4,4,3,Champions
U006849,2025-11-17,1,1293.23,44,3,1,2,Potential Loyalists
U006850,2025-12-19,15,9398.460000000001,12,5,5,5,Champions
U006851,2025-07-13,2,761.36,171,1,1,1,Hibernating
U006852,2025-08-29,3,3468.68,124,2,2,4,Hibernating
U006853,2025-06-19,1,1778.88,195,1,1,2,Hibernating
U006854,2025-10-21,2,1564.79,71,2,1,2,Hibernating
U006855,2025-09-01,2,1001.5699999999999,121,2,1,1,Hibernating
U006857,2025-06-17,3,2326.42,197,1,2,3,Hibernating
U006858,2025-01-10,1,421.75,355,1,1,1,Hibernating
U006859,2025-10-15,1,392.01,77,2,1,1,Hibernating
U006860,2025-10-28,2,785.63,64,3,1,1,Potential Loyalists
U006861,2025-11-30,11,10326.029999999999,31,4,5,5,Champions
U006862,2025-12-28,4,2406.34,3,5,3,3,Potential Loyalists
U006863,2025-12-13,6,5262.41,18,4,4,5,Champions
U006864,2025-07-31,3,2219.51,153,1,2,3,Hibernating
U006866,2025-07-08,2,1221.76,176,1,1,2,Hibernating
U006867,2025-11-10,4,3217.42,51,3,3,4,Potential Loyalists
U006868,2025-11-19,1,301.46,42,3,1,1,Potential Loyalists
U006869,2025-12-09,5,1491.81,22,4,3,2,Potential Loyalists
U006870,2025-12-30,3,943.77,1,5,2,1,New & Promising
U006871,2025-11-01,4,1710.28,60,3,3,2,Potential Loyalists
U006872,2025-04-09,1,184.08,266,1,1,1,Hibernating
U006873,2025-10-08,6,2826.29,84,2,4,3,Loyal
U006874,2025-10-17,7,2924.46,75,2,4,3,Loyal
U006875,2025-05-28,4,1589.78,217,1,3,2,At Risk
U006876,2025-12-12,1,157.48,19,4,1,1,New & Promising
U006877,2025-08-17,3,1305.82,136,1,2,2,Hibernating
U006878,2025-08-30,1,408.43,123,2,1,1,Hibernating
U006879,2025-12-15,4,3367.76,16,5,3,4,Potential Loyalists
U006880,2025-11-26,8,8163.37,35,4,5,5,Champions
U006881,2025-06-24,3,1527.3700000000001,190,1,2,2,Hibernating
U006883,2025-11-17,8,5145.16,44,3,5,5,Loyal
U006884,2025-09-02,3,1057.06,120,2,2,1,Hibernating
U006885,2025-11-02,4,2042.81,59,3,3,2,Potential Loyalists
U006886,2025-03-13,1,243.29,293,1,1,1,Hibernating
U006887,2025-10-31,1,2028.33,61,3,1,2,Potential Loyalists
U006888,2025-05-18,4,1597.63,227,1,3,2,At Risk
U006889,2025-12-23,1,725.34,8,5,1,1,New & Promising
U006890,2025-11-28,2,720.0899999999999,33,4,1,1,New & Promising
U006891,2025-10-19,9,5192.639999999999,73,2,5,5,Loyal
U006892,2025-12-16,5,3704.41,15,5,3,4,Potential Loyalists
U006893,2025-12-28,5,4079.5299999999997,3,5,3,4,Potential Loyalists
U006894,2025-11-18,10,5360.86,43,3,5,5,Loyal
U006895,2025-08-08,3,2035.36,145,1,2,2,Hibernating
U006896,2025-11-12,7,4763.6900000000005,49,3,4,5,Loyal
U006897,2025-11-23,6,2921.6400000000003,38,3,4,3,Loyal
U006898,2025-08-14,1,564.61,139,1,1,1,Hibernating
U006899,2025-11-30,5,2222.28,31,4,3,3,Potential Loyalists
U006900,2025-08-07,6,2449.18,146,1,4,3,Loyal
U006901,2025-03-20,4,2069.58,286,1,3,2,At Risk
U006902,2025-12-13,9,4269.72,18,4,5,4,Champions
U006903,2025-11-30,2,728.48,31,4,1,1,New & Promising
U006904,2025-12-10,6,2899.08,21,4,4,3,Champions
U006905,2025-10-28,1,438.0,64,3,1,1,Potential Loyalists
U006906,2025-11-11,3,2983.61,50,3,2,3,Potential Loyalists
U006907,2025-10-12,2,640.23,80,2,1,1,Hibernating
U006908,2025-12-31,7,5946.48,0,5,4,5,Champions
U006909,2025-12-12,4,3186.7900000000004,19,4,3,3,Potential Loyalists
U006910,2025-12-17,8,7134.14,14,5,5,5,Champions
U006913,2025-12-31,14,7874.03,0,5,5,5,Champions
U006914,2025-11-11,5,2567.42,50,3,3,3,Potential Loyalists
U006915,2025-12-11,8,5486.53,20,4,5,5,Champions
U006916,2025-11-17,4,2328.05,44,3,3,3,Potential Loyalists
U006917,2025-11-03,5,6643.78,58,3,3,5,Potential Loyalists
U006918,2025-12-03,7,5464.63,28,4,4,5,Champions
U006919,2025-01-15,2,896.67,350,1,1,1,Hibernating
U006920,2025-11-17,4,1246.98,44,3,3,2,Potential Loyalists
U006921,2025-11-16,4,2363.61,45,3,3,3,Potential Loyalists
U006922,2025-10-19,2,797.39,73,2,1,1,Hibernating
U006923,2025-12-14,7,5505.9800000000005,17,5,4,5,Champions
U006924,2025-12-10,11,7609.24,21,4,5,5,Champions
U006925,2025-11-19,2,372.31,42,3,1,1,Potential Loyalists
U006926,2025-08-28,3,1860.58,125,2,2,2,Hibernating
U006927,2025-12-20,10,5744.01,11,5,5,5,Champions
U006928,2025-08-21,4,3105.1099999999997,132,1,3,3,At Risk
U006929,2025-10-05,5,2997.2200000000003,87,2,3,3,At Risk
U006930,2025-09-28,4,2246.6,94,2,3,3,At Risk
U006931,2025-11-24,4,2245.03,37,3,3,3,Potential Loyalists
U006932,2025-11-09,2,942.66,52,3,1,1,Potential Loyalists
U006933,2025-07-22,5,2940.0299999999997,162,1,3,3,At Risk
U006934,2025-05-01,2,1406.24,244,1,1,2,Hibernating
U006935,2025-11-22,8,3935.3100000000004,39,3,5,4,Loyal
U006936,2025-12-20,13,8600.25,11,5,5,5,Champions
U006937,2025-12-06,4,3742.25,25,4,3,4,Potential Loyalists
U006938,2025-10-28,2,646.89,64,3,1,1,Potential Loyalists
U006939,2025-07-09,7,4125.98,175,1,4,4,Loyal
U006940,2025-12-14,4,1487.24,17,5,3,2,Potential Loyalists
U006941,2025-12-28,3,1124.17,3,5,2,1,New & Promising
U006942,2025-11-23,1,218.26,38,3,1,1,Potential Loyalists
U006943,2025-11-01,1,512.19,60,3,1,1,Potential Loyalists
U006944,2025-06-20,1,1878.22,194,1,1,2,Hibernating
U006945,2025-06-24,2,649.3100000000001,190,1,1,1,Hibernating
U006946,2025-04-19,3,1698.54,256,1,2,2,Hibernating
U006947,2025-12-30,3,4191.19,1,5,2,4,New & Promising
U006948,2025-12-26,5,3252.04,5,5,3,4,Potential Loyalists
U006949,2025-12-19,11,6994.52,12,5,5,5,Champions
U006950,2025-08-18,2,692.79,135,1,1,1,Hibernating
U006951,2025-06-11,2,1028.1599999999999,203,1,1,1,Hibernating
U006953,2025-11-13,5,2802.91,48,3,3,3,Potential Loyalists
U006954,2025-11-28,5,4189.24,33,4,3,4,Potential Loyalists
U006955,2025-12-21,5,3879.65,10,5,3,4,Potential Loyalists
U006956,2025-11-18,5,3856.9300000000003,43,3,3,4,Potential Loyalists
U006957,2025-12-24,5,4199.0,7,5,3,4,Potential Loyalists
U006958,2025-12-28,9,6540.32,3,5,5,5,Champions
U006959,2025-08-24,3,1231.2,129,1,2,2,Hibernating
U006960,2025-12-14,6,1964.69,17,5,4,2,Champions
U006961,2025-06-15,1,370.44,199,1,1,1,Hibernating
U006962,2025-10-21,4,1546.11,71,2,3,2,At Risk
U006963,2025-08-23,1,303.31,130,1,1,1,Hibernating
U006965,2025-12-30,12,10657.91,1,5,5,5,Champions
U006966,2025-02-23,1,360.18,311,1,1,1,Hibernating
U006967,2025-12-11,6,4702.88,20,4,4,4,Champions
U006968,2025-09-10,3,2475.94,112,2,2,3,Hibernating
U006969,2025-05-09,1,726.7,236,1,1,1,Hibernating
U006970,2025-12-21,4,1573.42,10,5,3,2,Potential Loyalists
U006971,2025-05-22,3,1782.35,223,1,2,2,Hibernating
U006972,2025-05-07,1,1124.21,238,1,1,1,Hibernating
U006973,2025-11-29,5,3845.34,32,4,3,4,Potential Loyalists
U006974,2025-12-20,8,7184.28,11,5,5,5,Champions
U006975,2025-10-21,4,3149.97,71,2,3,3,At Risk
U006976,2025-12-05,3,2797.04,26,4,2,3,New & Promising
U006977,2025-11-11,6,5633.74,50,3,4,5,Loyal
U006978,2025-12-14,8,4063.26,17,5,5,4,Champions
U006979,2025-12-06,4,3725.8700000000003,25,4,3,4,Potential Loyalists
U006980,2025-11-16,8,3950.89,45,3,5,4,Loyal
U006981,2025-04-26,1,171.54,249,1,1,1,Hibernating
U006983,2025-12-02,4,1620.05,29,4,3,2,Potential Loyalists
U006984,2025-09-11,2,942.7,111,2,1,1,Hibernating
U006985,2025-06-22,1,1270.41,192,1,1,2,Hibernating
U006986,2025-05-21,2,602.0,224,1,1,1,Hibernating
U006987,2025-12-03,7,4254.49,28,4,4,4,Champions
U006988,2025-05-26,2,1653.7599999999998,219,1,1,2,Hibernating
U006989,2025-11-15,4,1945.41,46,3,3,2,Potential Loyalists
U006990,2025-11-18,6,4247.94,43,3,4,4,Loyal
U006991,2025-12-23,5,2451.03,8,5,3,3,Potential Loyalists
U006992,2025-10-27,10,7409.59,65,3,5,5,Loyal
U006993,2025-12-02,4,3267.16,29,4,3,4,Potential Loyalists
U006994,2025-12-10,12,12483.94,21,4,5,5,Champions
U006995,2025-12-22,9,7227.93,9,5,5,5,Champions
U006996,2025-07-27,4,2840.3999999999996,157,1,3,3,At Risk
U006997,2025-12-15,7,4589.6,16,5,4,4,Champions
U006998,2025-11-15,7,5963.08,46,3,4,5,Loyal
U006999,2025-12-16,4,1967.31,15,5,3,2,Potential Loyalists
U007000,2025-12-28,1,550.84,3,5,1,1,New & Promising
U007001,2025-12-11,11,8314.78,20,4,5,5,Champions
U007002,2025-11-05,6,3551.5,56,3,4,4,Loyal
U007003,2025-12-11,3,1407.96,20,4,2,2,New & Promising
U007004,2025-07-05,3,2259.36,179,1,2,3,Hibernating
U007005,2025-11-11,2,1267.75,50,3,1,2,Potential Loyalists
U007006,2025-08-03,4,6077.09,150,1,3,5,At Risk
U007007,2025-11-12,9,6326.64,49,3,5,5,Loyal
U007008,2025-12-13,7,5383.1900000000005,18,4,4,5,Champions
U007009,2025-05-17,1,1329.62,228,1,1,2,Hibernating
U007010,2025-11-05,3,1324.66,56,3,2,2,Potential Loyalists
U007011,2025-12-10,4,2874.74,21,4,3,3,Potential Loyalists
U007012,2025-02-21,1,412.63,313,1,1,1,Hibernating
U007013,2025-11-06,4,2092.72,55,3,3,2,Potential Loyalists
U007014,2025-12-29,6,3801.38,2,5,4,4,Champions
U007015,2025-12-13,7,3420.46,18,4,4,4,Champions
U007016,2025-07-18,2,837.79,166,1,1,1,Hibernating
U007017,2025-04-28,2,949.49,247,1,1,1,Hibernating
U007018,2025-12-26,5,3792.02,5,5,3,4,Potential Loyalists
U007019,2025-12-13,9,7444.06,18,4,5,5,Champions
U007020,2025-12-27,4,2333.66,4,5,3,3,Potential Loyalists
U007021,2025-09-08,3,982.95,114,2,2,1,Hibernating
U007022,2025-11-17,4,2602.88,44,3,3,3,Potential Loyalists
U007023,2025-09-08,2,4023.83,114,2,1,4,Hibernating
U007024,2025-11-10,1,1129.37,51,3,1,1,Potential Loyalists
U007025,2025-10-18,4,5724.99,74,2,3,5,At Risk
U007026,2025-10-25,6,3540.08,67,2,4,4,Loyal
U007027,2025-06-11,2,1339.8600000000001,203,1,1,2,Hibernating
U007028,2025-07-02,2,495.12,182,1,1,1,Hibernating
U007029,2025-12-26,10,5122.66,5,5,5,5,Champions
U007030,2025-10-25,2,758.78,67,2,1,1,Hibernating
U007031,2025-09-23,6,2390.96,99,2,4,3,Loyal
U007032,2025-11-14,6,4846.53,47,3,4,5,Loyal
U007033,2025-11-27,8,4085.1,34,4,5,4,Champions
U007034,2025-08-03,2,1776.15,150,1,1,2,Hibernating
U007035,2025-11-30,8,6580.8,31,4,5,5,Champions
U007036,2025-11-30,7,3791.0,31,4,4,4,Champions
U007037,2025-12-27,6,2142.23,4,5,4,3,Champions
U007038,2025-12-05,8,5764.13,26,4,5,5,Champions
U007039,2025-06-05,3,745.3800000000001,209,1,2,1,Hibernating
U007040,2025-09-04,4,2260.53,118,2,3,3,At Risk
U007041,2025-10-24,2,1217.37,68,2,1,2,Hibernating
U007042,2025-12-30,7,3318.1400000000003,1,5,4,4,Champions
U007043,2025-12-15,1,3804.82,16,5,1,4,New & Promising
U007044,2025-11-19,6,4644.240000000001,42,3,4,4,Loyal
U007046,2025-10-04,1,384.2,88,2,1,1,Hibernating
U007047,2025-08-21,6,3523.04,132,1,4,4,Loyal
U007048,2025-10-19,8,3333.58,73,2,5,4,Loyal
U007049,2025-08-23,2,1934.6200000000001,130,1,1,2,Hibernating
U007050,2025-10-26,2,1469.46,66,3,1,2,Potential Loyalists
U007051,2025-10-04,6,2855.1,88,2,4,3,Loyal
U007053,2025-11-03,6,5589.0,58,3,4,5,Loyal
U007054,2025-11-13,3,1517.95,48,3,2,2,Potential Loyalists
U007055,2025-07-29,3,1278.94,155,1,2,2,Hibernating
U007056,2025-10-22,8,3615.09,70,2,5,4,Loyal
U007057,2025-12-24,2,932.76,7,5,1,1,New & Promising
U007058,2025-11-05,3,1701.2,56,3,2,2,Potential Loyalists
U007059,2025-12-02,4,2106.6,29,4,3,2,Potential Loyalists
U007060,2025-12-20,7,3817.81,11,5,4,4,Champions
U007061,2025-12-11,9,4749.83,20,4,5,5,Champions
U007062,2025-12-26,2,1543.78,5,5,1,2,New & Promising
U007063,2025-04-10,1,1696.94,265,1,1,2,Hibernating
U007064,2025-12-24,8,6556.26,7,5,5,5,Champions
U007065,2025-02-11,1,920.43,323,1,1,1,Hibernating
U007066,2025-11-25,2,655.64,36,4,1,1,New & Promising
U007067,2025-09-20,3,1802.54,102,2,2,2,Hibernating
U007068,2025-12-24,10,5686.59,7,5,5,5,Champions
U007069,2025-12-01,3,2242.9,30,4,2,3,New & Promising
U007070,2025-06-06,6,3526.97,208,1,4,4,Loyal
U007071,2025-12-12,7,5283.17,19,4,4,5,Champions
U007072,2025-08-01,2,711.0999999999999,152,1,1,1,Hibernating
U007073,2025-06-05,3,1930.4099999999999,209,1,2,2,Hibernating
U007074,2025-11-02,11,5152.15,59,3,5,5,Loyal
U007075,2025-11-10,4,2345.27,51,3,3,3,Potential Loyalists
U007076,2025-12-31,2,1197.72,0,5,1,2,New & Promising
U007077,2025-12-22,6,4071.9300000000003,9,5,4,4,Champions
U007078,2025-10-05,6,3232.31,87,2,4,4,Loyal
U007079,2025-05-05,2,632.5899999999999,240,1,1,1,Hibernating
U007080,2025-06-25,1,227.9,189,1,1,1,Hibernating
U007081,2025-10-04,9,3574.33,88,2,5,4,Loyal
U007082,2025-12-01,9,5859.030000000001,30,4,5,5,Champions
U007083,2025-09-03,3,1076.12,119,2,2,1,Hibernating
U007084,2025-08-04,3,1695.92,149,1,2,2,Hibernating
U007085,2025-09-07,2,1353.03,115,2,1,2,Hibernating
U007086,2025-12-27,13,10025.02,4,5,5,5,Champions
U007087,2025-09-17,5,4309.35,105,2,3,4,At Risk
U007089,2025-05-24,2,717.21,221,1,1,1,Hibernating
U007090,2025-10-30,6,4389.89,62,3,4,4,Loyal
U007091,2025-12-22,3,1300.53,9,5,2,2,New & Promising
U007092,2025-12-12,8,6018.93,19,4,5,5,Champions
U007093,2025-11-24,7,3346.39,37,3,4,4,Loyal
U007094,2025-05-10,1,287.04,235,1,1,1,Hibernating
U007095,2025-01-14,1,343.07,351,1,1,1,Hibernating
U007096,2025-03-24,1,578.61,282,1,1,1,Hibernating
U007097,2025-08-28,7,2844.4300000000003,125,2,4,3,Loyal
U007098,2025-12-29,7,6880.61,2,5,4,5,Champions
U007099,2025-07-01,4,2168.24,183,1,3,3,At Risk
U007100,2025-12-05,4,2919.18,26,4,3,3,Potential Loyalists
U007101,2025-12-22,8,5190.62,9,5,5,5,Champions
U007102,2025-09-08,6,3292.01,114,2,4,4,Loyal
U007103,2025-07-05,4,2192.88,179,1,3,3,At Risk
U007104,2025-07-11,8,4884.04,173,1,5,5,Loyal
U007105,2025-04-16,1,574.74,259,1,1,1,Hibernating
U007106,2025-12-22,3,833.52,9,5,2,1,New & Promising
U007108,2025-08-29,4,3090.04,124,2,3,3,At Risk
U007109,2025-11-06,2,620.88,55,3,1,1,Potential Loyalists
U007110,2025-12-15,6,3420.3900000000003,16,5,4,4,Champions
U007111,2025-12-13,9,6031.69,18,4,5,5,Champions
U007112,2025-12-28,5,2962.88,3,5,3,3,Potential Loyalists
U007113,2025-12-29,7,4326.53,2,5,4,4,Champions
U007114,2025-09-18,2,425.28,104,2,1,1,Hibernating
U007115,2025-10-17,5,4771.48,75,2,3,5,At Risk
U007116,2025-12-06,8,4018.28,25,4,5,4,Champions
U007117,2025-12-23,8,4706.93,8,5,5,4,Champions
U007118,2025-12-26,5,2258.53,5,5,3,3,Potential Loyalists
U007119,2025-11-10,10,6571.87,51,3,5,5,Loyal
U007120,2025-06-14,3,1145.7800000000002,200,1,2,1,Hibernating
U007121,2025-12-19,9,4083.96,12,5,5,4,Champions
U007122,2025-11-22,7,3628.48,39,3,4,4,Loyal
U007123,2025-10-09,1,186.57,83,2,1,1,Hibernating
U007124,2025-09-01,6,4661.03,121,2,4,4,Loyal
U007125,2025-11-27,5,4133.07,34,4,3,4,Potential Loyalists
U007126,2025-12-30,7,3997.9700000000003,1,5,4,4,Champions
U007127,2025-07-04,2,344.87,180,1,1,1,Hibernating
U007128,2025-09-30,4,1614.65,92,2,3,2,At Risk
U007129,2025-05-13,4,2216.0,232,1,3,3,At Risk
U007130,2025-09-28,2,1367.04,94,2,1,2,Hibernating
U007131,2025-06-19,2,3635.84,195,1,1,4,Hibernating
U007132,2025-08-25,3,1359.43,128,2,2,2,Hibernating
U007133,2025-12-15,7,5767.2,16,5,4,5,Champions
U007134,2025-12-31,5,2360.37,0,5,3,3,Potential Loyalists
U007135,2025-10-25,3,2795.31,67,2,2,3,Hibernating
U007136,2025-12-13,7,5205.61,18,4,4,5,Champions
U007137,2025-12-12,2,951.76,19,4,1,1,New & Promising
U007138,2025-11-08,4,1681.96,53,3,3,2,Potential Loyalists
U007139,2025-11-22,11,5200.679999999999,39,3,5,5,Loyal
U007140,2025-09-28,7,2606.5099999999998,94,2,4,3,Loyal
U007141,2025-12-15,6,4719.45,16,5,4,4,Champions
U007142,2025-11-12,7,5208.01,49,3,4,5,Loyal
U007143,2025-12-01,7,3371.13,30,4,4,4,Champions
U007144,2025-11-19,6,2127.79,42,3,4,3,Loyal
U007145,2025-06-12,2,1001.97,202,1,1,1,Hibernating
U007146,2025-11-10,1,1047.48,51,3,1,1,Potential Loyalists
U007147,2025-11-19,7,4530.89,42,3,4,4,Loyal
U007148,2025-11-10,3,771.3399999999999,51,3,2,1,Potential Loyalists
U007149,2025-11-15,5,3072.79,46,3,3,3,Potential Loyalists
U007151,2025-08-02,3,2290.79,151,1,2,3,Hibernating
U007152,2025-09-24,4,2140.5899999999997,98,2,3,3,At Risk
U007153,2025-12-08,14,6578.42,23,4,5,5,Champions
U007154,2025-09-16,7,4276.150000000001,106,2,4,4,Loyal
U007155,2025-11-18,5,2579.51,43,3,3,3,Potential Loyalists
U007156,2025-10-05,3,1572.0900000000001,87,2,2,2,Hibernating
U007157,2025-11-23,2,721.05,38,3,1,1,Potential Loyalists
U007158,2025-09-03,5,4128.89,119,2,3,4,At Risk
U007159,2025-10-23,4,1778.58,69,2,3,2,At Risk
U007160,2025-11-23,5,2330.62,38,3,3,3,Potential Loyalists
U007161,2025-12-10,3,1324.31,21,4,2,2,New & Promising
U007162,2025-09-11,2,1763.29,111,2,1,2,Hibernating
U007163,2025-06-07,3,2742.9700000000003,207,1,2,3,Hibernating
U007164,2025-11-06,5,2957.27,55,3,3,3,Potential Loyalists
U007165,2025-05-27,2,1358.98,218,1,1,2,Hibernating
U007166,2025-12-08,8,2857.81,23,4,5,3,Champions
U007167,2025-12-02,14,9022.11,29,4,5,5,Champions
U007168,2025-12-13,7,4886.53,18,4,4,5,Champions
U007169,2025-05-20,1,698.61,225,1,1,1,Hibernating
U007170,2025-11-05,9,4180.53,56,3,5,4,Loyal
U007171,2025-12-31,3,2021.07,0,5,2,2,New & Promising
U007172,2025-08-14,1,710.63,139,1,1,1,Hibernating
U007173,2025-11-21,8,4866.74,40,3,5,5,Loyal
U007174,2025-10-20,2,1140.05,72,2,1,1,Hibernating
U007175,2025-09-19,4,1987.1599999999999,103,2,3,2,At Risk
U007176,2025-10-03,2,712.03,89,2,1,1,Hibernating
U007177,2025-08-29,7,2857.5,124,2,4,3,Loyal
U007178,2025-11-14,6,3537.13,47,3,4,4,Loyal
U007179,2025-07-23,4,1341.62,161,1,3,2,At Risk
U007180,2025-11-22,5,2759.73,39,3,3,3,Potential Loyalists
U007181,2025-11-30,6,3384.76,31,4,4,4,Champions
U007182,2025-11-24,2,931.9300000000001,37,3,1,1,Potential Loyalists
U007183,2025-11-23,4,1859.01,38,3,3,2,Potential Loyalists
U007184,2025-12-25,5,4184.41,6,5,3,4,Potential Loyalists
U007185,2025-07-28,4,1977.25,156,1,3,2,At Risk
U007186,2025-11-12,3,1709.5,49,3,2,2,Potential Loyalists
U007187,2025-11-14,6,5826.360000000001,47,3,4,5,Loyal
U007188,2025-12-06,4,2316.11,25,4,3,3,Potential Loyalists
U007189,2025-11-05,4,1623.27,56,3,3,2,Potential Loyalists
U007190,2025-12-12,7,3864.92,19,4,4,4,Champions
U007191,2025-09-10,3,1589.47,112,2,2,2,Hibernating
U007192,2025-12-20,3,2016.4699999999998,11,5,2,2,New & Promising
U007193,2025-10-14,4,2101.71,78,2,3,2,At Risk
U007194,2025-09-15,3,2815.58,107,2,2,3,Hibernating
U007195,2025-10-28,3,1561.6200000000001,64,3,2,2,Potential Loyalists
U007197,2025-12-26,10,6408.34,5,5,5,5,Champions
U007198,2025-11-08,5,4641.0,53,3,3,4,Potential Loyalists
U007199,2025-07-04,6,4337.97,180,1,4,4,Loyal
U007200,2025-08-16,3,3031.41,137,1,2,3,Hibernating
U007201,2025-08-04,4,3550.52,149,1,3,4,At Risk
U007202,2025-07-27,3,1482.0700000000002,157,1,2,2,Hibernating
U007203,2025-11-22,4,3068.05,39,3,3,3,Potential Loyalists
U007205,2025-10-07,7,3676.6800000000003,85,2,4,4,Loyal
U007206,2025-06-04,3,1223.3600000000001,210,1,2,2,Hibernating
U007207,2025-12-31,4,2322.9,0,5,3,3,Potential Loyalists
U007208,2025-12-03,7,6458.0199999999995,28,4,4,5,Champions
U007209,2025-12-02,9,5075.860000000001,29,4,5,5,Champions
U007210,2025-12-14,7,4078.48,17,5,4,4,Champions
U007211,2025-12-28,4,3468.13,3,5,3,4,Potential Loyalists
U007212,2025-10-21,4,3073.16,71,2,3,3,At Risk
U007213,2025-12-22,8,4329.04,9,5,5,4,Champions
U007214,2025-09-04,2,1262.15,118,2,1,2,Hibernating
U007215,2025-10-08,4,2189.76,84,2,3,3,At Risk
U007216,2025-05-25,2,617.8199999999999,220,1,1,1,Hibernating
U007217,2025-10-11,3,3287.79,81,2,2,4,Hibernating
U007218,2025-08-20,3,964.26,133,1,2,1,Hibernating
U007219,2025-12-02,6,2732.41,29,4,4,3,Champions
U007220,2025-12-30,10,5192.9,1,5,5,5,Champions
U007221,2025-07-07,1,435.46,177,1,1,1,Hibernating
U007222,2025-07-17,4,1819.52,167,1,3,2,At Risk
U007223,2025-11-21,9,5116.82,40,3,5,5,Loyal
U007224,2025-12-30,3,1516.6599999999999,1,5,2,2,New & Promising
U007225,2025-11-10,9,5936.64,51,3,5,5,Loyal
U007226,2025-10-02,5,2795.52,90,2,3,3,At Risk
U007227,2025-11-12,4,2383.87,49,3,3,3,Potential Loyalists
U007228,2025-10-10,6,4396.82,82,2,4,4,Loyal
U007229,2025-11-01,6,5123.2699999999995,60,3,4,5,Loyal
U007230,2025-12-03,4,1422.1599999999999,28,4,3,2,Potential Loyalists
U007231,2025-12-15,8,10822.3,16,5,5,5,Champions
U007232,2025-09-25,6,5868.74,97,2,4,5,Loyal
U007233,2025-12-24,10,5858.99,7,5,5,5,Champions
U007234,2025-12-22,5,3181.45,9,5,3,3,Potential Loyalists
U007235,2025-11-28,3,1293.8100000000002,33,4,2,2,New & Promising
U007237,2025-06-01,2,1607.15,213,1,1,2,Hibernating
U007238,2025-11-08,3,1822.78,53,3,2,2,Potential Loyalists
U007239,2025-11-20,1,890.88,41,3,1,1,Potential Loyalists
U007240,2025-11-23,2,325.46000000000004,38,3,1,1,Potential Loyalists
U007242,2025-12-16,4,1482.84,15,5,3,2,Potential Loyalists
U007243,2025-02-25,3,2102.38,309,1,2,2,Hibernating
U007244,2025-11-07,12,8587.29,54,3,5,5,Loyal
U007246,2025-12-24,11,6875.87,7,5,5,5,Champions
U007247,2025-10-29,7,3404.26,63,3,4,4,Loyal
U007248,2025-11-09,3,3769.92,52,3,2,4,Potential Loyalists
U007249,2025-12-23,6,4513.38,8,5,4,4,Champions
U007250,2025-12-30,13,8957.46,1,5,5,5,Champions
U007251,2025-09-08,4,1691.5,114,2,3,2,At Risk
U007252,2025-12-20,13,10403.85,11,5,5,5,Champions
U007253,2025-11-07,4,3844.1900000000005,54,3,3,4,Potential Loyalists
U007254,2025-12-14,8,6825.72,17,5,5,5,Champions
U007255,2025-12-25,7,4281.49,6,5,4,4,Champions
U007256,2025-10-31,5,2125.34,61,3,3,3,Potential Loyalists
U007257,2025-12-17,3,1187.8300000000002,14,5,2,1,New & Promising
U007258,2025-12-23,5,1759.37,8,5,3,2,Potential Loyalists
U007259,2025-11-08,2,694.85,53,3,1,1,Potential Loyalists
U007260,2025-12-20,5,2501.36,11,5,3,3,Potential Loyalists
U007261,2025-12-11,5,3697.48,20,4,3,4,Potential Loyalists
U007262,2025-04-23,2,1849.8600000000001,252,1,1,2,Hibernating
U007263,2025-12-14,7,4283.36,17,5,4,4,Champions
U007264,2025-09-28,6,4784.44,94,2,4,5,Loyal
U007265,2025-12-14,1,705.87,17,5,1,1,New & Promising
U007266,2025-11-23,12,11274.87,38,3,5,5,Loyal
U007267,2025-12-29,5,3482.5,2,5,3,4,Potential Loyalists
U007268,2025-11-11,4,2665.13,50,3,3,3,Potential Loyalists
U007270,2025-12-13,9,6189.25,18,4,5,5,Champions
U007271,2025-11-23,4,1287.31,38,3,3,2,Potential Loyalists
U007272,2025-11-25,8,4203.63,36,4,5,4,Champions
U007273,2025-10-30,3,1579.28,62,3,2,2,Potential Loyalists
U007274,2025-12-12,4,2971.55,19,4,3,3,Potential Loyalists
U007275,2025-07-24,1,271.02,160,1,1,1,Hibernating
U007276,2025-06-18,5,2093.46,196,1,3,2,At Risk
U007277,2025-05-21,5,3626.1,224,1,3,4,At Risk
U007278,2025-12-26,4,1364.67,5,5,3,2,Potential Loyalists
U007279,2025-07-05,2,1177.33,179,1,1,1,Hibernating
U007280,2025-06-29,2,868.4000000000001,185,1,1,1,Hibernating
U007281,2025-11-26,1,758.45,35,4,1,1,New & Promising
U007282,2025-11-12,3,2418.12,49,3,2,3,Potential Loyalists
U007283,2025-11-09,9,4610.86,52,3,5,4,Loyal
U007284,2025-10-05,10,8204.800000000001,87,2,5,5,Loyal
U007285,2025-12-27,5,5218.65,4,5,3,5,Potential Loyalists
U007286,2025-11-11,1,229.26,50,3,1,1,Potential Loyalists
U007287,2025-11-09,5,2140.26,52,3,3,3,Potential Loyalists
U007288,2025-11-19,9,4144.43,42,3,5,4,Loyal
U007289,2025-12-16,6,4924.93,15,5,4,5,Champions
U007290,2025-12-13,6,2595.6,18,4,4,3,Champions
U007291,2025-12-27,10,6306.45,4,5,5,5,Champions
U007292,2025-12-13,1,169.47,18,4,1,1,New & Promising
U007293,2025-10-12,3,1793.9900000000002,80,2,2,2,Hibernating
U007294,2025-12-12,7,4475.32,19,4,4,4,Champions
U007295,2025-07-23,2,1717.75,161,1,1,2,Hibernating
U007296,2025-12-06,1,2092.52,25,4,1,2,New & Promising
U007297,2025-12-08,8,3936.75,23,4,5,4,Champions
U007298,2025-12-27,10,7546.38,4,5,5,5,Champions
U007299,2025-12-19,2,889.34,12,5,1,1,New & Promising
U007300,2025-12-02,7,3430.15,29,4,4,4,Champions
U007301,2025-12-27,17,11764.67,4,5,5,5,Champions
U007302,2025-12-12,4,1644.6,19,4,3,2,Potential Loyalists
U007304,2025-09-09,5,2591.5,113,2,3,3,At Risk
U007305,2025-06-28,2,1310.2399999999998,186,1,1,2,Hibernating
U007306,2025-09-26,5,3237.29,96,2,3,4,At Risk
U007307,2025-12-18,10,5882.53,13,5,5,5,Champions
U007308,2025-12-04,10,4354.88,27,4,5,4,Champions
U007309,2025-10-20,3,1885.42,72,2,2,2,Hibernating
U007310,2025-11-08,14,8585.54,53,3,5,5,Loyal
U007311,2025-09-12,3,3061.98,110,2,2,3,Hibernating
U007312,2025-11-23,7,3025.67,38,3,4,3,Loyal
U007313,2025-11-18,9,8124.91,43,3,5,5,Loyal
U007314,2025-10-15,8,7436.34,77,2,5,5,Loyal
U007315,2025-12-18,10,6552.429999999999,13,5,5,5,Champions
U007316,2025-11-15,4,3214.08,46,3,3,4,Potential Loyalists
U007317,2025-12-13,8,3767.08,18,4,5,4,Champions
U007318,2025-02-04,1,361.8,330,1,1,1,Hibernating
U007319,2025-05-23,1,555.47,222,1,1,1,Hibernating
U007321,2025-12-01,9,5333.45,30,4,5,5,Champions
U007322,2025-12-21,2,584.62,10,5,1,1,New & Promising
U007323,2025-09-15,3,1394.32,107,2,2,2,Hibernating
U007324,2025-12-12,4,3638.12,19,4,3,4,Potential Loyalists
U007325,2025-09-09,3,1262.47,113,2,2,2,Hibernating
U007326,2025-11-15,3,1379.56,46,3,2,2,Potential Loyalists
U007327,2025-09-06,1,577.0,116,2,1,1,Hibernating
U007328,2025-12-06,4,1891.07,25,4,3,2,Potential Loyalists
U007329,2025-10-08,8,3294.35,84,2,5,4,Loyal
U007330,2025-12-06,5,3478.75,25,4,3,4,Potential Loyalists
U007331,2025-12-28,7,7029.780000000001,3,5,4,5,Champions
U007332,2025-12-22,14,8556.4,9,5,5,5,Champions
U007333,2025-09-10,3,1688.54,112,2,2,2,Hibernating
U007334,2025-09-28,7,4257.53,94,2,4,4,Loyal
U007335,2025-12-16,8,5428.01,15,5,5,5,Champions
U007336,2025-11-06,6,3366.85,55,3,4,4,Loyal
U007337,2025-12-07,9,5387.82,24,4,5,5,Champions
U007338,2025-07-14,2,1033.92,170,1,1,1,Hibernating
U007339,2025-12-13,5,5475.8099999999995,18,4,3,5,Potential Loyalists
U007340,2025-06-17,4,2488.25,197,1,3,3,At Risk
U007342,2025-07-02,2,825.54,182,1,1,1,Hibernating
U007343,2025-12-06,9,4941.77,25,4,5,5,Champions
U007344,2025-11-07,4,3151.6899999999996,54,3,3,3,Potential Loyalists
U007345,2025-11-16,7,7049.0,45,3,4,5,Loyal
U007346,2025-02-10,2,1979.77,324,1,1,2,Hibernating
U007347,2025-11-17,1,675.57,44,3,1,1,Potential Loyalists
U007348,2025-11-18,10,7533.32,43,3,5,5,Loyal
U007349,2025-09-22,6,3440.52,100,2,4,4,Loyal
U007350,2025-12-21,3,3448.6,10,5,2,4,New & Promising
U007351,2025-01-02,1,228.77,363,1,1,1,Hibernating
U007352,2025-11-18,3,2414.32,43,3,2,3,Potential Loyalists
U007354,2025-12-31,4,1312.08,0,5,3,2,Potential Loyalists
U007355,2025-12-09,6,2526.44,22,4,4,3,Champions
U007356,2025-09-12,3,2558.5499999999997,110,2,2,3,Hibernating
U007357,2025-08-28,4,2511.9700000000003,125,2,3,3,At Risk
U007359,2025-12-23,3,1275.6399999999999,8,5,2,2,New & Promising
U007361,2025-11-30,6,3727.86,31,4,4,4,Champions
U007362,2025-12-14,8,4155.07,17,5,5,4,Champions
U007363,2025-11-13,2,834.14,48,3,1,1,Potential Loyalists
U007364,2025-11-11,2,2182.42,50,3,1,3,Potential Loyalists
U007365,2025-09-23,9,7071.21,99,2,5,5,Loyal
U007366,2025-12-27,11,6770.47,4,5,5,5,Champions
U007367,2025-10-17,2,913.7,75,2,1,1,Hibernating
U007368,2025-12-29,3,1039.4099999999999,2,5,2,1,New & Promising
U007369,2025-11-07,13,8034.77,54,3,5,5,Loyal
U007370,2025-10-13,4,2379.47,79,2,3,3,At Risk
U007371,2025-12-20,2,1893.62,11,5,1,2,New & Promising
U007372,2025-12-11,5,2601.16,20,4,3,3,Potential Loyalists
U007373,2025-12-27,4,1516.91,4,5,3,2,Potential Loyalists
U007375,2025-08-18,6,2595.46,135,1,4,3,Loyal
U007376,2025-07-02,4,3005.23,182,1,3,3,At Risk
U007377,2025-09-06,5,4674.44,116,2,3,4,At Risk
U007378,2025-12-30,9,4692.26,1,5,5,4,Champions
U007379,2025-12-15,8,7293.1900000000005,16,5,5,5,Champions
U007380,2025-03-22,1,175.67,284,1,1,1,Hibernating
U007381,2025-10-16,7,4543.11,76,2,4,4,Loyal
U007382,2025-11-17,3,2708.3199999999997,44,3,2,3,Potential Loyalists
U007383,2025-02-16,1,678.74,318,1,1,1,Hibernating
U007384,2025-11-08,12,5148.01,53,3,5,5,Loyal
U007385,2025-11-06,4,1451.0700000000002,55,3,3,2,Potential Loyalists
U007386,2025-12-28,6,3729.63,3,5,4,4,Champions
U007387,2025-06-30,5,4782.200000000001,184,1,3,5,At Risk
U007388,2025-11-09,6,9145.82,52,3,4,5,Loyal
U007389,2025-11-07,2,1686.08,54,3,1,2,Potential Loyalists
U007390,2025-05-18,2,1187.49,227,1,1,1,Hibernating
U007391,2025-11-04,6,3407.4900000000002,57,3,4,4,Loyal
U007392,2025-02-14,1,483.59,320,1,1,1,Hibernating
U007394,2025-03-05,2,1496.3400000000001,301,1,1,2,Hibernating
U007395,2025-12-21,4,7857.13,10,5,3,5,Potential Loyalists
U007396,2025-12-02,4,2364.64,29,4,3,3,Potential Loyalists
U007397,2025-11-18,5,3581.31,43,3,3,4,Potential Loyalists
U007398,2025-06-26,4,3454.9500000000003,188,1,3,4,At Risk
U007399,2025-10-28,1,447.04,64,3,1,1,Potential Loyalists
U007400,2025-12-18,11,8269.85,13,5,5,5,Champions
U007401,2025-12-09,10,4532.59,22,4,5,4,Champions
U007402,2025-12-20,6,5595.139999999999,11,5,4,5,Champions
U007404,2025-11-28,3,2583.58,33,4,2,3,New & Promising
U007405,2025-12-18,6,3402.1499999999996,13,5,4,4,Champions
U007406,2025-06-24,4,3717.8,190,1,3,4,At Risk
U007407,2025-07-14,1,290.0,170,1,1,1,Hibernating
U007408,2025-12-30,9,4251.38,1,5,5,4,Champions
U007409,2025-09-04,9,5812.62,118,2,5,5,Loyal
U007410,2025-12-15,3,1189.08,16,5,2,1,New & Promising
U007411,2025-09-09,6,4562.83,113,2,4,4,Loyal
U007412,2025-12-09,1,998.0,22,4,1,1,New & Promising
U007413,2025-12-21,7,4592.8099999999995,10,5,4,4,Champions
U007414,2025-10-26,3,2280.44,66,3,2,3,Potential Loyalists
U007415,2025-11-08,3,833.23,53,3,2,1,Potential Loyalists
U007416,2025-10-10,7,2828.77,82,2,4,3,Loyal
U007417,2025-12-13,5,3463.31,18,4,3,4,Potential Loyalists
U007418,2025-08-23,2,1125.45,130,1,1,1,Hibernating
U007419,2025-04-29,3,3159.67,246,1,2,3,Hibernating
U007420,2025-11-24,3,2666.82,37,3,2,3,Potential Loyalists
U007421,2025-12-12,8,7289.9,19,4,5,5,Champions
U007422,2025-04-16,3,859.58,259,1,2,1,Hibernating
U007423,2025-04-26,3,2120.78,249,1,2,3,Hibernating
U007424,2025-09-28,7,3543.76,94,2,4,4,Loyal
U007425,2025-04-12,3,3039.6800000000003,263,1,2,3,Hibernating
U007426,2025-11-06,7,6577.95,55,3,4,5,Loyal
U007427,2025-08-04,2,830.69,149,1,1,1,Hibernating
U007428,2025-08-08,3,4885.72,145,1,2,5,Hibernating
U007429,2025-12-02,4,2117.22,29,4,3,2,Potential Loyalists
U007430,2025-12-26,5,1685.67,5,5,3,2,Potential Loyalists
U007431,2025-12-09,1,883.97,22,4,1,1,New & Promising
U007432,2025-08-30,2,2087.92,123,2,1,2,Hibernating
U007433,2025-09-18,2,1196.95,104,2,1,2,Hibernating
U007434,2025-07-15,2,1023.84,169,1,1,1,Hibernating
U007435,2025-11-09,8,3558.63,52,3,5,4,Loyal
U007436,2025-08-01,4,2779.61,152,1,3,3,At Risk
U007437,2025-12-10,3,1607.1,21,4,2,2,New & Promising
U007438,2025-08-06,3,1443.86,147,1,2,2,Hibernating
U007439,2025-12-03,3,1888.16,28,4,2,2,New & Promising
U007440,2025-06-30,3,2253.71,184,1,2,3,Hibernating
U007441,2025-08-04,3,1753.3,149,1,2,2,Hibernating
U007442,2025-12-01,7,5118.04,30,4,4,5,Champions
U007443,2025-11-21,4,2332.42,40,3,3,3,Potential Loyalists
U007444,2025-08-24,2,872.8599999999999,129,1,1,1,Hibernating
U007445,2025-11-01,5,2985.58,60,3,3,3,Potential Loyalists
U007446,2025-09-14,3,1940.88,108,2,2,2,Hibernating
U007447,2025-12-22,7,3267.1099999999997,9,5,4,4,Champions
U007448,2025-10-27,7,4252.4400000000005,65,3,4,4,Loyal
U007449,2025-08-06,1,1070.42,147,1,1,1,Hibernating
U007450,2025-08-25,1,402.96,128,2,1,1,Hibernating
U007451,2025-12-29,7,3835.1099999999997,2,5,4,4,Champions
U007452,2025-10-23,2,999.36,69,2,1,1,Hibernating
U007453,2025-06-14,3,3121.84,200,1,2,3,Hibernating
U007454,2025-12-05,4,2106.3500000000004,26,4,3,2,Potential Loyalists
U007455,2025-11-15,4,4486.13,46,3,3,4,Potential Loyalists
U007456,2025-11-27,3,1448.94,34,4,2,2,New & Promising
U007457,2025-10-29,4,3829.54,63,3,3,4,Potential Loyalists
U007458,2025-12-23,3,2021.88,8,5,2,2,New & Promising
U007459,2025-12-20,5,2043.66,11,5,3,2,Potential Loyalists
U007460,2025-09-20,2,716.26,102,2,1,1,Hibernating
U007461,2025-05-30,1,444.33,215,1,1,1,Hibernating
U007462,2025-03-05,2,1422.94,301,1,1,2,Hibernating
U007463,2025-09-20,1,543.88,102,2,1,1,Hibernating
U007464,2025-10-17,2,1044.6399999999999,75,2,1,1,Hibernating
U007466,2025-11-24,9,4908.02,37,3,5,5,Loyal
U007467,2025-10-15,7,4858.17,77,2,4,5,Loyal
U007468,2025-11-10,5,1869.2,51,3,3,2,Potential Loyalists
U007469,2025-12-31,8,4013.6800000000003,0,5,5,4,Champions
U007470,2025-12-31,10,11306.78,0,5,5,5,Champions
U007471,2025-12-01,3,1112.98,30,4,2,1,New & Promising
U007472,2025-09-13,3,1567.3600000000001,109,2,2,2,Hibernating
U007473,2025-12-08,10,3733.37,23,4,5,4,Champions
U007474,2025-12-30,6,3703.55,1,5,4,4,Champions
U007475,2025-12-25,5,2433.04,6,5,3,3,Potential Loyalists
U007476,2025-12-13,7,3674.42,18,4,4,4,Champions
U007477,2025-05-21,2,1296.7,224,1,1,2,Hibernating
U007478,2025-10-13,3,3301.87,79,2,2,4,Hibernating
U007480,2025-12-14,2,3236.7000000000003,17,5,1,4,New & Promising
U007481,2025-10-05,4,1776.69,87,2,3,2,At Risk
U007482,2025-09-18,1,1049.44,104,2,1,1,Hibernating
U007483,2025-12-24,5,3624.15,7,5,3,4,Potential Loyalists
U007484,2025-11-12,2,1043.5,49,3,1,1,Potential Loyalists
U007485,2025-12-05,6,3200.0899999999997,26,4,4,4,Champions
U007486,2025-12-12,1,324.89,19,4,1,1,New & Promising
U007487,2025-12-07,9,6215.0,24,4,5,5,Champions
U007488,2025-11-28,6,3335.75,33,4,4,4,Champions
U007489,2025-12-11,4,2320.29,20,4,3,3,Potential Loyalists
U007490,2025-12-19,4,2272.43,12,5,3,3,Potential Loyalists
U007491,2025-10-06,7,4609.23,86,2,4,4,Loyal
U007493,2025-09-22,2,697.81,100,2,1,1,Hibernating
U007494,2025-11-11,9,5623.19,50,3,5,5,Loyal
U007495,2025-11-07,9,4385.87,54,3,5,4,Loyal
U007496,2025-11-30,4,2614.02,31,4,3,3,Potential Loyalists
U007497,2025-11-15,4,5788.860000000001,46,3,3,5,Potential Loyalists
U007498,2025-11-12,9,5508.74,49,3,5,5,Loyal
U007499,2025-05-27,5,3256.27,218,1,3,4,At Risk
U007500,2025-08-14,6,2664.65,139,1,4,3,Loyal
U007503,2025-12-26,9,4244.13,5,5,5,4,Champions
U007504,2025-03-01,1,1944.15,305,1,1,2,Hibernating
U007505,2025-10-31,10,6673.2,61,3,5,5,Loyal
U007506,2025-12-28,3,5237.27,3,5,2,5,New & Promising
U007508,2025-11-14,12,8743.51,47,3,5,5,Loyal
U007509,2025-12-11,7,5443.27,20,4,4,5,Champions
U007510,2025-12-06,3,1477.62,25,4,2,2,New & Promising
U007511,2025-12-27,7,4477.02,4,5,4,4,Champions
U007512,2025-12-15,2,466.35,16,5,1,1,New & Promising
U007513,2025-10-31,1,743.62,61,3,1,1,Potential Loyalists
U007514,2025-11-14,9,3412.87,47,3,5,4,Loyal
U007515,2025-11-10,5,6022.4800000000005,51,3,3,5,Potential Loyalists
U007516,2025-04-21,2,2035.69,254,1,1,2,Hibernating
U007518,2025-11-30,5,2934.26,31,4,3,3,Potential Loyalists
U007519,2025-12-10,6,8012.67,21,4,4,5,Champions
U007520,2025-05-25,1,238.38,220,1,1,1,Hibernating
U007521,2025-09-08,2,993.1600000000001,114,2,1,1,Hibernating
U007522,2025-09-22,5,4131.24,100,2,3,4,At Risk
U007523,2025-12-01,10,5209.58,30,4,5,5,Champions
U007524,2025-11-16,4,2267.59,45,3,3,3,Potential Loyalists
U007525,2025-09-25,6,2810.0,97,2,4,3,Loyal
U007526,2025-07-13,3,1043.1799999999998,171,1,2,1,Hibernating
U007527,2025-10-14,7,3757.17,78,2,4,4,Loyal
U007528,2025-11-22,6,3020.46,39,3,4,3,Loyal
U007529,2025-12-11,8,4419.96,20,4,5,4,Champions
U007530,2025-11-29,4,2668.13,32,4,3,3,Potential Loyalists
U007531,2025-07-21,4,1082.85,163,1,3,1,At Risk
U007532,2025-10-28,11,4929.37,64,3,5,5,Loyal
U007533,2025-12-14,2,784.11,17,5,1,1,New & Promising
U007534,2025-11-20,4,2068.7599999999998,41,3,3,2,Potential Loyalists
U007535,2025-12-21,6,5861.39,10,5,4,5,Champions
U007536,2025-12-21,6,5099.86,10,5,4,5,Champions
U007537,2025-03-31,1,322.31,275,1,1,1,Hibernating
U007538,2025-07-29,1,316.97,155,1,1,1,Hibernating
U007539,2025-12-28,10,12125.52,3,5,5,5,Champions
U007540,2025-04-26,4,2597.92,249,1,3,3,At Risk
U007541,2025-10-27,2,648.28,65,3,1,1,Potential Loyalists
U007542,2025-05-04,2,659.18,241,1,1,1,Hibernating
U007543,2025-10-26,4,3040.42,66,3,3,3,Potential Loyalists
U007544,2025-11-29,2,1333.32,32,4,1,2,New & Promising
U007545,2025-12-18,4,1714.5500000000002,13,5,3,2,Potential Loyalists
U007546,2025-11-18,10,7615.639999999999,43,3,5,5,Loyal
U007547,2025-12-27,8,4160.15,4,5,5,4,Champions
U007548,2025-08-25,2,1107.6,128,2,1,1,Hibernating
U007549,2025-12-31,3,1005.77,0,5,2,1,New & Promising
U007550,2025-09-28,2,902.6,94,2,1,1,Hibernating
U007551,2025-11-10,11,7047.7300000000005,51,3,5,5,Loyal
U007553,2025-11-22,6,3434.33,39,3,4,4,Loyal
U007554,2025-12-04,10,9277.94,27,4,5,5,Champions
U007555,2025-11-28,9,2938.56,33,4,5,3,Champions
U007556,2025-10-31,5,2365.14,61,3,3,3,Potential Loyalists
U007557,2025-08-26,6,3315.82,127,2,4,4,Loyal
U007558,2025-12-18,9,6270.88,13,5,5,5,Champions
U007559,2025-09-30,3,2522.92,92,2,2,3,Hibernating
U007560,2025-11-15,3,1368.83,46,3,2,2,Potential Loyalists
U007561,2025-04-13,2,1713.42,262,1,1,2,Hibernating
U007562,2025-11-03,6,2297.79,58,3,4,3,Loyal
U007563,2025-08-25,4,3203.9900000000002,128,2,3,4,At Risk
U007564,2025-12-29,9,3281.06,2,5,5,4,Champions
U007565,2025-11-21,3,3774.59,40,3,2,4,Potential Loyalists
U007566,2025-08-17,1,388.3,136,1,1,1,Hibernating
U007567,2025-11-06,8,3688.17,55,3,5,4,Loyal
U007568,2025-07-21,4,2191.71,163,1,3,3,At Risk
U007569,2025-09-12,6,4347.4,110,2,4,4,Loyal
U007570,2025-11-04,7,5129.11,57,3,4,5,Loyal
U007571,2025-12-27,5,2959.02,4,5,3,3,Potential Loyalists
U007572,2025-12-14,3,1351.91,17,5,2,2,New & Promising
U007573,2025-10-27,5,2084.98,65,3,3,2,Potential Loyalists
U007574,2025-09-30,6,2651.75,92,2,4,3,Loyal
U007575,2025-12-11,3,1477.9,20,4,2,2,New & Promising
U007576,2025-08-24,3,1863.79,129,1,2,2,Hibernating
U007577,2025-12-22,5,2748.09,9,5,3,3,Potential Loyalists
U007578,2025-12-12,14,7255.01,19,4,5,5,Champions
U007579,2025-11-23,4,3444.94,38,3,3,4,Potential Loyalists
U007580,2025-09-08,3,1263.55,114,2,2,2,Hibernating
U007581,2025-11-30,8,8488.85,31,4,5,5,Champions
U007582,2025-04-20,2,1054.1100000000001,255,1,1,1,Hibernating
U007584,2025-09-08,4,3649.4,114,2,3,4,At Risk
U007585,2025-11-15,5,4769.23,46,3,3,5,Potential Loyalists
U007586,2025-08-31,6,3279.65,122,2,4,4,Loyal
U007587,2025-12-28,7,5636.15,3,5,4,5,Champions
U007588,2025-12-07,9,5355.110000000001,24,4,5,5,Champions
U007589,2025-07-25,3,1665.0,159,1,2,2,Hibernating
U007590,2025-10-04,5,2846.2799999999997,88,2,3,3,At Risk
U007592,2025-12-24,13,5715.54,7,5,5,5,Champions
U007593,2025-12-13,3,3164.29,18,4,2,3,New & Promising
U007594,2025-12-23,8,4204.530000000001,8,5,5,4,Champions
U007595,2025-07-27,4,1971.51,157,1,3,2,At Risk
U007597,2025-11-28,12,5759.91,33,4,5,5,Champions
U007598,2025-11-04,7,2371.5,57,3,4,3,Loyal
U007599,2025-12-11,2,1111.1100000000001,20,4,1,1,New & Promising
U007600,2025-12-31,10,9405.09,0,5,5,5,Champions
U007601,2025-12-28,6,2081.52,3,5,4,2,Champions
U007602,2025-06-06,1,1800.0,208,1,1,2,Hibernating
U007603,2025-12-21,6,2813.91,10,5,4,3,Champions
U007604,2025-12-30,13,6275.59,1,5,5,5,Champions
U007605,2025-07-29,2,1404.85,155,1,1,2,Hibernating
U007606,2025-12-05,8,8103.41,26,4,5,5,Champions
U007607,2025-09-12,4,2518.6,110,2,3,3,At Risk
U007608,2025-12-25,7,3370.6400000000003,6,5,4,4,Champions
U007609,2025-11-02,4,2082.07,59,3,3,2,Potential Loyalists
U007610,2025-12-09,6,3191.03,22,4,4,3,Champions
U007611,2025-12-12,6,3322.16,19,4,4,4,Champions
U007612,2025-11-25,8,4822.61,36,4,5,5,Champions
U007613,2025-11-07,5,3512.3199999999997,54,3,3,4,Potential Loyalists
U007614,2025-05-09,1,491.4,236,1,1,1,Hibernating
U007615,2025-04-12,1,2248.81,263,1,1,3,Hibernating
U007616,2025-09-18,1,301.84,104,2,1,1,Hibernating
U007617,2025-12-21,13,7133.28,10,5,5,5,Champions
U007618,2025-08-31,2,1386.33,122,2,1,2,Hibernating
U007619,2025-12-03,3,2349.19,28,4,2,3,New & Promising
U007620,2025-09-19,6,3630.75,103,2,4,4,Loyal
U007621,2025-07-17,1,669.0,167,1,1,1,Hibernating
U007622,2025-11-15,6,6778.33,46,3,4,5,Loyal
U007623,2025-10-18,4,2204.3599999999997,74,2,3,3,At Risk
U007624,2025-12-02,3,1059.29,29,4,2,1,New & Promising
U007625,2025-10-17,4,2008.75,75,2,3,2,At Risk
U007626,2025-12-21,10,6374.4,10,5,5,5,Champions
U007627,2025-10-25,3,976.89,67,2,2,1,Hibernating
U007628,2025-12-11,10,5758.33,20,4,5,5,Champions
U007629,2025-11-25,4,2656.44,36,4,3,3,Potential Loyalists
U007630,2025-06-19,2,1643.45,195,1,1,2,Hibernating
U007631,2025-12-07,9,6251.25,24,4,5,5,Champions
U007632,2025-11-08,12,11575.56,53,3,5,5,Loyal
U007633,2025-11-16,3,1295.85,45,3,2,2,Potential Loyalists
U007634,2025-11-22,11,5371.2699999999995,39,3,5,5,Loyal
U007635,2025-12-13,12,6218.7300000000005,18,4,5,5,Champions
U007636,2025-09-10,7,7101.28,112,2,4,5,Loyal
U007637,2025-08-21,3,1455.42,132,1,2,2,Hibernating
U007638,2025-12-09,4,2944.08,22,4,3,3,Potential Loyalists
U007639,2025-12-13,5,3620.66,18,4,3,4,Potential Loyalists
U007640,2025-09-13,3,1954.1100000000001,109,2,2,2,Hibernating
U007641,2025-11-15,11,5297.06,46,3,5,5,Loyal
U007642,2025-09-12,2,629.03,110,2,1,1,Hibernating
U007643,2025-12-24,12,7126.8,7,5,5,5,Champions
U007644,2025-12-18,8,6660.21,13,5,5,5,Champions
U007645,2025-08-08,3,1732.1100000000001,145,1,2,2,Hibernating
U007646,2025-08-19,1,1126.79,134,1,1,1,Hibernating
U007647,2025-12-25,13,9292.74,6,5,5,5,Champions
U007648,2025-11-16,7,3435.9,45,3,4,4,Loyal
U007649,2025-11-28,8,2978.14,33,4,5,3,Champions
U007650,2025-12-08,8,3427.13,23,4,5,4,Champions
U007651,2025-12-26,5,3381.12,5,5,3,4,Potential Loyalists
U007652,2025-12-20,6,3924.0699999999997,11,5,4,4,Champions
U007653,2025-09-26,5,5126.68,96,2,3,5,At Risk
U007654,2025-11-11,7,3889.6800000000003,50,3,4,4,Loyal
U007656,2025-11-10,5,3151.94,51,3,3,3,Potential Loyalists
U007657,2025-09-24,4,3075.25,98,2,3,3,At Risk
U007658,2025-06-17,1,1051.89,197,1,1,1,Hibernating
U007659,2025-11-03,2,2127.36,58,3,1,3,Potential Loyalists
U007660,2025-12-06,11,7849.14,25,4,5,5,Champions
U007661,2025-06-15,3,2217.9,199,1,2,3,Hibernating
U007662,2025-03-31,1,2275.8,275,1,1,3,Hibernating
U007663,2025-12-06,3,952.53,25,4,2,1,New & Promising
U007664,2025-10-30,4,2243.32,62,3,3,3,Potential Loyalists
U007665,2025-07-05,2,717.45,179,1,1,1,Hibernating
U007667,2025-11-10,3,1186.84,51,3,2,1,Potential Loyalists
U007668,2025-12-24,6,2856.63,7,5,4,3,Champions
U007669,2025-11-07,11,6247.41,54,3,5,5,Loyal
U007670,2025-03-09,2,1051.51,297,1,1,1,Hibernating
U007672,2025-12-31,11,6509.27,0,5,5,5,Champions
U007673,2025-11-10,2,2055.99,51,3,1,2,Potential Loyalists
U007674,2025-12-28,4,3181.46,3,5,3,3,Potential Loyalists
U007675,2025-12-18,7,3165.59,13,5,4,3,Champions
U007676,2025-09-27,2,865.53,95,2,1,1,Hibernating
U007677,2025-12-18,7,3862.72,13,5,4,4,Champions
U007678,2025-11-09,7,4379.139999999999,52,3,4,4,Loyal
U007679,2025-07-18,2,1863.03,166,1,1,2,Hibernating
U007680,2025-12-11,5,2136.13,20,4,3,3,Potential Loyalists
U007681,2025-10-05,5,2120.05,87,2,3,2,At Risk
U007682,2025-07-19,3,1265.37,165,1,2,2,Hibernating
U007684,2025-04-14,2,2443.08,261,1,1,3,Hibernating
U007685,2025-10-07,2,1114.16,85,2,1,1,Hibernating
U007686,2025-11-29,1,170.68,32,4,1,1,New & Promising
U007687,2025-12-07,3,1502.03,24,4,2,2,New & Promising
U007688,2025-10-24,6,2598.0499999999997,68,2,4,3,Loyal
U007689,2025-12-12,11,8711.07,19,4,5,5,Champions
U007690,2025-11-09,5,2183.17,52,3,3,3,Potential Loyalists
U007691,2025-12-22,9,5398.11,9,5,5,5,Champions
U007692,2025-10-06,4,1893.6100000000001,86,2,3,2,At Risk
U007693,2025-11-10,5,2381.47,51,3,3,3,Potential Loyalists
U007694,2025-12-03,2,1539.92,28,4,1,2,New & Promising
U007695,2025-07-30,2,976.6700000000001,154,1,1,1,Hibernating
U007696,2025-12-12,5,2533.83,19,4,3,3,Potential Loyalists
U007697,2025-11-10,3,1287.56,51,3,2,2,Potential Loyalists
U007698,2025-12-20,4,1440.1,11,5,3,2,Potential Loyalists
U007699,2025-12-07,2,912.72,24,4,1,1,New & Promising
U007700,2025-12-31,10,8137.13,0,5,5,5,Champions
U007701,2025-12-01,10,8535.99,30,4,5,5,Champions
U007703,2025-12-18,3,1342.8899999999999,13,5,2,2,New & Promising
U007704,2025-10-28,7,4365.389999999999,64,3,4,4,Loyal
U007705,2025-12-17,3,2140.29,14,5,2,3,New & Promising
U007706,2025-09-10,2,979.0500000000001,112,2,1,1,Hibernating
U007707,2025-09-12,2,1055.98,110,2,1,1,Hibernating
U007708,2025-10-23,2,2297.86,69,2,1,3,Hibernating
U007709,2025-11-26,2,810.38,35,4,1,1,New & Promising
U007710,2025-08-16,8,5153.72,137,1,5,5,Loyal
U007711,2025-05-29,3,4474.83,216,1,2,4,Hibernating
U007712,2025-03-06,3,1157.81,300,1,2,1,Hibernating
U007713,2025-12-21,7,5423.45,10,5,4,5,Champions
U007714,2025-12-11,10,4622.72,20,4,5,4,Champions
U007715,2025-07-07,2,1247.29,177,1,1,2,Hibernating
U007716,2025-12-30,7,2329.66,1,5,4,3,Champions
U007717,2025-10-31,12,8018.6900000000005,61,3,5,5,Loyal
U007718,2025-11-19,3,1246.92,42,3,2,2,Potential Loyalists
U007719,2025-11-11,11,6406.33,50,3,5,5,Loyal
U007721,2025-11-23,15,8378.0,38,3,5,5,Loyal
U007722,2025-11-26,7,5042.49,35,4,4,5,Champions
U007723,2025-12-22,16,11419.800000000001,9,5,5,5,Champions
U007725,2025-12-09,7,3583.06,22,4,4,4,Champions
U007726,2025-12-16,2,952.94,15,5,1,1,New & Promising
U007727,2025-12-25,8,4710.47,6,5,5,4,Champions
U007728,2025-07-09,3,1013.3299999999999,175,1,2,1,Hibernating
U007729,2025-10-30,3,2140.59,62,3,2,3,Potential Loyalists
U007730,2025-11-22,3,1301.26,39,3,2,2,Potential Loyalists
U007731,2025-11-12,3,1091.05,49,3,2,1,Potential Loyalists
U007732,2025-09-02,3,2356.68,120,2,2,3,Hibernating
U007733,2025-11-29,5,4062.73,32,4,3,4,Potential Loyalists
U007734,2025-12-27,1,125.75,4,5,1,1,New & Promising
U007735,2025-11-11,2,1239.33,50,3,1,2,Potential Loyalists
U007737,2025-08-18,4,1459.34,135,1,3,2,At Risk
U007738,2025-07-28,5,1416.15,156,1,3,2,At Risk
U007739,2025-08-26,2,1281.51,127,2,1,2,Hibernating
U007740,2025-10-09,1,770.0,83,2,1,1,Hibernating
U007741,2025-11-18,10,4057.79,43,3,5,4,Loyal
U007742,2025-12-22,5,3820.15,9,5,3,4,Potential Loyalists
U007743,2025-12-15,6,3924.25,16,5,4,4,Champions
U007744,2025-09-14,5,2871.06,108,2,3,3,At Risk
U007745,2025-12-13,6,3269.24,18,4,4,4,Champions
U007746,2025-11-28,3,1882.8,33,4,2,2,New & Promising
U007747,2025-11-23,7,5025.0599999999995,38,3,4,5,Loyal
U007748,2025-11-22,5,3818.32,39,3,3,4,Potential Loyalists
U007749,2025-12-12,9,3045.12,19,4,5,3,Champions
U007750,2025-11-09,3,2116.41,52,3,2,2,Potential Loyalists
U007751,2025-12-14,6,8161.31,17,5,4,5,Champions
U007752,2025-12-05,10,3897.2200000000003,26,4,5,4,Champions
U007753,2025-12-13,13,7229.8099999999995,18,4,5,5,Champions
U007755,2025-12-11,6,4136.85,20,4,4,4,Champions
U007756,2025-11-29,8,4884.99,32,4,5,5,Champions
U007757,2025-11-01,1,354.96,60,3,1,1,Potential Loyalists
U007758,2025-12-29,5,1631.45,2,5,3,2,Potential Loyalists
U007759,2025-12-23,5,2210.52,8,5,3,3,Potential Loyalists
U007760,2025-08-11,4,1487.66,142,1,3,2,At Risk
U007761,2025-12-12,6,4598.36,19,4,4,4,Champions
U007762,2025-12-30,6,3718.03,1,5,4,4,Champions
U007763,2025-05-24,2,636.1,221,1,1,1,Hibernating
U007764,2025-12-25,4,1682.59,6,5,3,2,Potential Loyalists
U007765,2025-12-21,9,4523.05,10,5,5,4,Champions
U007766,2025-01-21,1,993.42,344,1,1,1,Hibernating
U007767,2025-11-30,7,3043.1099999999997,31,4,4,3,Champions
U007769,2025-09-11,7,3768.31,111,2,4,4,Loyal
U007770,2025-11-10,6,4167.45,51,3,4,4,Loyal
U007771,2025-11-07,5,2738.79,54,3,3,3,Potential Loyalists
U007772,2025-09-10,3,2522.6699999999996,112,2,2,3,Hibernating
U007773,2025-12-03,7,3771.48,28,4,4,4,Champions
U007774,2025-09-15,4,1514.28,107,2,3,2,At Risk
U007775,2025-11-01,8,2796.55,60,3,5,3,Loyal
U007776,2025-11-12,14,8017.97,49,3,5,5,Loyal
U007777,2025-07-27,7,4216.34,157,1,4,4,Loyal
U007778,2025-09-21,2,1181.1799999999998,101,2,1,1,Hibernating
U007779,2025-11-23,7,7897.59,38,3,4,5,Loyal
U007780,2025-07-30,4,4315.68,154,1,3,4,At Risk
U007781,2025-10-17,6,2286.7200000000003,75,2,4,3,Loyal
U007782,2025-11-08,2,674.49,53,3,1,1,Potential Loyalists
U007783,2025-12-13,7,6263.95,18,4,4,5,Champions
U007784,2025-05-04,2,2219.32,241,1,1,3,Hibernating
U007785,2025-12-12,2,421.27,19,4,1,1,New & Promising
U007786,2025-08-25,4,2113.91,128,2,3,2,At Risk
U007787,2025-05-19,3,1769.8600000000001,226,1,2,2,Hibernating
U007788,2025-11-12,7,5085.11,49,3,4,5,Loyal
U007789,2025-10-19,3,966.16,73,2,2,1,Hibernating
U007790,2025-10-21,5,2746.33,71,2,3,3,At Risk
U007791,2025-10-26,6,2242.84,66,3,4,3,Loyal
U007792,2025-11-17,9,7749.82,44,3,5,5,Loyal
U007793,2025-02-23,1,568.02,311,1,1,1,Hibernating
U007794,2025-10-06,5,3509.91,86,2,3,4,At Risk
U007795,2025-11-08,2,805.48,53,3,1,1,Potential Loyalists
U007796,2025-12-13,10,5476.67,18,4,5,5,Champions
U007797,2025-12-27,7,6269.5,4,5,4,5,Champions
U007798,2025-07-16,3,1123.06,168,1,2,1,Hibernating
U007799,2025-12-08,10,5792.95,23,4,5,5,Champions
U007800,2025-12-27,20,13335.91,4,5,5,5,Champions
U007801,2025-12-19,1,395.58,12,5,1,1,New & Promising
U007802,2025-12-14,2,886.7,17,5,1,1,New & Promising
U007803,2025-12-18,3,1083.19,13,5,2,1,New & Promising
U007804,2025-11-03,6,2218.63,58,3,4,3,Loyal
U007805,2025-09-11,2,1806.24,111,2,1,2,Hibernating
U007806,2025-11-26,9,5642.48,35,4,5,5,Champions
U007807,2025-10-22,4,2361.15,70,2,3,3,At Risk
U007808,2025-12-02,6,4234.48,29,4,4,4,Champions
U007809,2025-09-19,5,3345.66,103,2,3,4,At Risk
U007810,2025-12-12,3,1203.22,19,4,2,2,New & Promising
U007811,2025-11-27,6,3006.03,34,4,4,3,Champions
U007812,2025-12-16,9,5837.66,15,5,5,5,Champions
U007813,2025-08-28,1,629.68,125,2,1,1,Hibernating
U007814,2025-09-24,7,3359.79,98,2,4,4,Loyal
U007815,2025-12-06,4,2063.95,25,4,3,2,Potential Loyalists
U007816,2025-12-24,7,2810.07,7,5,4,3,Champions
U007819,2025-12-03,4,3312.34,28,4,3,4,Potential Loyalists
U007820,2025-12-10,14,6712.18,21,4,5,5,Champions
U007821,2025-12-13,2,2375.01,18,4,1,3,New & Promising
U007822,2025-12-12,15,8009.59,19,4,5,5,Champions
U007823,2025-12-11,9,4817.75,20,4,5,5,Champions
U007824,2025-12-13,8,7477.42,18,4,5,5,Champions
U007825,2025-11-07,6,5117.27,54,3,4,5,Loyal
U007827,2025-12-15,2,935.67,16,5,1,1,New & Promising
U007828,2025-12-24,6,5154.59,7,5,4,5,Champions
U007829,2025-10-27,2,905.57,65,3,1,1,Potential Loyalists
U007830,2025-12-31,5,1936.8,0,5,3,2,Potential Loyalists
U007831,2025-12-26,4,1792.6,5,5,3,2,Potential Loyalists
U007832,2025-08-31,3,5663.22,122,2,2,5,Hibernating
U007833,2025-07-27,2,1333.04,157,1,1,2,Hibernating
U007834,2025-12-28,12,6876.99,3,5,5,5,Champions
U007835,2025-11-20,11,6614.35,41,3,5,5,Loyal
U007836,2025-12-15,3,1440.47,16,5,2,2,New & Promising
U007837,2025-09-13,2,1824.92,109,2,1,2,Hibernating
U007838,2025-09-24,3,1836.16,98,2,2,2,Hibernating
U007839,2025-12-23,9,9147.64,8,5,5,5,Champions
U007840,2025-12-06,5,1989.6100000000001,25,4,3,2,Potential Loyalists
U007841,2025-09-13,2,408.83000000000004,109,2,1,1,Hibernating
U007843,2025-12-03,5,4746.780000000001,28,4,3,5,Potential Loyalists
U007844,2025-09-06,5,2553.35,116,2,3,3,At Risk
U007845,2025-11-21,2,810.02,40,3,1,1,Potential Loyalists
U007846,2025-12-24,1,311.75,7,5,1,1,New & Promising
U007847,2025-12-27,6,3640.6800000000003,4,5,4,4,Champions
U007848,2025-08-04,3,1189.87,149,1,2,1,Hibernating
U007849,2025-11-10,6,3414.45,51,3,4,4,Loyal
U007850,2025-12-21,7,4559.08,10,5,4,4,Champions
U007851,2025-01-27,2,1368.98,338,1,1,2,Hibernating
U007852,2025-06-15,2,2616.6400000000003,199,1,1,3,Hibernating
U007853,2025-12-30,11,6629.05,1,5,5,5,Champions
U007854,2025-12-07,5,4214.79,24,4,3,4,Potential Loyalists
U007855,2025-06-29,6,3313.84,185,1,4,4,Loyal
U007856,2025-12-24,15,8285.64,7,5,5,5,Champions
U007857,2025-04-16,1,662.65,259,1,1,1,Hibernating
U007858,2025-11-29,6,5133.09,32,4,4,5,Champions
U007860,2025-11-28,3,2916.91,33,4,2,3,New & Promising
U007861,2025-12-19,8,6043.69,12,5,5,5,Champions
U007862,2025-11-25,2,799.49,36,4,1,1,New & Promising
U007863,2025-01-16,1,531.66,349,1,1,1,Hibernating
U007864,2025-11-10,4,2159.7,51,3,3,3,Potential Loyalists
U007865,2025-12-31,7,3831.13,0,5,4,4,Champions
U007866,2025-10-24,3,825.63,68,2,2,1,Hibernating
U007867,2025-12-12,4,2899.02,19,4,3,3,Potential Loyalists
U007869,2025-03-21,2,1599.65,285,1,1,2,Hibernating
U007870,2025-12-05,3,1031.4,26,4,2,1,New & Promising
U007871,2025-08-27,5,3233.3499999999995,126,2,3,4,At Risk
U007872,2025-10-05,7,5414.91,87,2,4,5,Loyal
U007873,2025-12-22,2,1037.0700000000002,9,5,1,1,New & Promising
U007874,2025-11-10,11,9715.84,51,3,5,5,Loyal
U007875,2025-11-22,2,971.1899999999999,39,3,1,1,Potential Loyalists
U007876,2025-08-18,4,1734.0,135,1,3,2,At Risk
U007877,2025-12-13,6,5862.5,18,4,4,5,Champions
U007878,2025-12-13,6,2868.22,18,4,4,3,Champions
U007879,2025-10-26,6,3667.68,66,3,4,4,Loyal
U007880,2025-11-18,9,5163.12,43,3,5,5,Loyal
U007881,2025-11-19,6,3359.35,42,3,4,4,Loyal
U007882,2025-06-18,2,406.21000000000004,196,1,1,1,Hibernating
U007883,2025-09-07,6,4953.77,115,2,4,5,Loyal
U007884,2025-12-31,5,2487.55,0,5,3,3,Potential Loyalists
U007885,2025-12-04,4,2139.51,27,4,3,3,Potential Loyalists
U007886,2025-06-17,2,2062.08,197,1,1,2,Hibernating
U007887,2025-05-19,4,1893.93,226,1,3,2,At Risk
U007888,2025-11-11,2,1114.3600000000001,50,3,1,1,Potential Loyalists
U007889,2025-09-23,6,4361.85,99,2,4,4,Loyal
U007890,2025-12-22,7,4629.1,9,5,4,4,Champions
U007891,2025-01-02,1,1514.31,363,1,1,2,Hibernating
U007892,2025-12-03,5,3608.9,28,4,3,4,Potential Loyalists
U007893,2025-12-12,17,11836.6,19,4,5,5,Champions
U007894,2025-12-23,4,2703.87,8,5,3,3,Potential Loyalists
U007895,2025-11-29,6,4481.6,32,4,4,4,Champions
U007896,2025-08-19,1,366.12,134,1,1,1,Hibernating
U007897,2025-12-25,9,6449.16,6,5,5,5,Champions
U007898,2025-09-16,4,2377.76,106,2,3,3,At Risk
U007899,2025-12-06,4,1400.6100000000001,25,4,3,2,Potential Loyalists
U007901,2025-11-19,6,2769.96,42,3,4,3,Loyal
U007902,2025-09-12,1,657.28,110,2,1,1,Hibernating
U007903,2025-12-08,11,6362.76,23,4,5,5,Champions
U007905,2025-10-16,4,2415.71,76,2,3,3,At Risk
U007906,2025-05-11,2,597.71,234,1,1,1,Hibernating
U007907,2025-12-13,10,9005.52,18,4,5,5,Champions
U007908,2025-12-23,2,1851.4899999999998,8,5,1,2,New & Promising
U007909,2025-12-03,2,839.44,28,4,1,1,New & Promising
U007910,2025-06-18,2,1979.41,196,1,1,2,Hibernating
U007912,2025-04-16,1,628.82,259,1,1,1,Hibernating
U007914,2025-09-20,1,369.13,102,2,1,1,Hibernating
U007915,2025-12-14,8,5100.51,17,5,5,5,Champions
U007916,2025-11-22,3,3296.44,39,3,2,4,Potential Loyalists
U007917,2025-04-29,2,1032.8600000000001,246,1,1,1,Hibernating
U007918,2025-11-19,4,2044.63,42,3,3,2,Potential Loyalists
U007919,2025-12-11,4,2796.9199999999996,20,4,3,3,Potential Loyalists
U007920,2025-12-29,4,2307.8,2,5,3,3,Potential Loyalists
U007921,2025-07-08,2,1842.41,176,1,1,2,Hibernating
U007922,2025-12-21,3,2341.7400000000002,10,5,2,3,New & Promising
U007923,2025-12-28,4,3514.37,3,5,3,4,Potential Loyalists
U007924,2025-10-30,8,4957.73,62,3,5,5,Loyal
U007925,2025-12-07,7,5811.24,24,4,4,5,Champions
U007926,2025-07-14,7,5093.82,170,1,4,5,Loyal
U007927,2025-06-16,3,928.9300000000001,198,1,2,1,Hibernating
U007928,2025-12-08,7,4267.14,23,4,4,4,Champions
U007929,2025-12-30,4,1498.1399999999999,1,5,3,2,Potential Loyalists
U007930,2025-11-26,2,1163.78,35,4,1,1,New & Promising
U007931,2025-06-24,6,2845.95,190,1,4,3,Loyal
U007933,2025-10-12,8,3496.52,80,2,5,4,Loyal
U007934,2025-11-19,6,4480.3,42,3,4,4,Loyal
U007935,2025-09-04,3,1652.8799999999999,118,2,2,2,Hibernating
U007936,2025-11-12,7,3229.0699999999997,49,3,4,4,Loyal
U007937,2025-10-15,4,1221.3200000000002,77,2,3,2,At Risk
U007938,2025-06-14,4,3849.67,200,1,3,4,At Risk
U007940,2025-12-08,10,7089.41,23,4,5,5,Champions
U007941,2025-05-28,2,819.3399999999999,217,1,1,1,Hibernating
U007942,2025-11-26,6,5591.52,35,4,4,5,Champions
U007943,2025-10-04,2,957.21,88,2,1,1,Hibernating
U007944,2025-11-16,6,4814.27,45,3,4,5,Loyal
U007946,2025-12-31,5,4711.639999999999,0,5,3,4,Potential Loyalists
U007947,2025-04-06,2,1662.0700000000002,269,1,1,2,Hibernating
U007948,2025-12-08,6,4096.08,23,4,4,4,Champions
U007949,2025-10-02,6,3542.58,90,2,4,4,Loyal
U007950,2025-11-12,9,4527.93,49,3,5,4,Loyal
U007951,2025-12-13,3,4406.5599999999995,18,4,2,4,New & Promising
U007952,2025-06-18,3,3069.7,196,1,2,3,Hibernating
U007953,2025-08-16,1,657.4,137,1,1,1,Hibernating
U007954,2025-11-12,10,6887.51,49,3,5,5,Loyal
U007955,2025-09-20,3,2355.1099999999997,102,2,2,3,Hibernating
U007956,2025-11-28,6,3988.91,33,4,4,4,Champions
U007957,2025-02-14,1,619.31,320,1,1,1,Hibernating
U007958,2025-10-12,3,2378.52,80,2,2,3,Hibernating
U007959,2025-12-30,7,6716.5,1,5,4,5,Champions
U007960,2025-06-26,4,2914.0200000000004,188,1,3,3,At Risk
U007961,2025-12-12,6,6340.96,19,4,4,5,Champions
U007962,2025-12-02,8,6327.54,29,4,5,5,Champions
U007963,2025-12-04,6,3959.4700000000003,27,4,4,4,Champions
U007964,2025-10-02,6,2273.88,90,2,4,3,Loyal
U007965,2025-06-17,5,2151.02,197,1,3,3,At Risk
U007966,2025-07-26,2,852.36,158,1,1,1,Hibernating
U007967,2025-10-28,2,594.37,64,3,1,1,Potential Loyalists
U007968,2025-11-20,6,5571.0599999999995,41,3,4,5,Loyal
U007969,2025-11-10,2,2182.12,51,3,1,3,Potential Loyalists
U007970,2025-11-07,4,4645.639999999999,54,3,3,4,Potential Loyalists
U007971,2025-12-11,4,1995.0600000000002,20,4,3,2,Potential Loyalists
U007972,2025-12-13,6,2175.75,18,4,4,3,Champions
U007973,2025-12-08,4,6126.46,23,4,3,5,Potential Loyalists
U007974,2025-12-29,10,6931.71,2,5,5,5,Champions
U007975,2025-10-26,5,2937.61,66,3,3,3,Potential Loyalists
U007976,2025-05-17,2,417.65,228,1,1,1,Hibernating
U007977,2025-11-21,8,4742.39,40,3,5,5,Loyal
U007978,2025-11-09,6,3772.94,52,3,4,4,Loyal
U007979,2025-12-12,4,3182.94,19,4,3,3,Potential Loyalists
U007980,2025-11-03,3,1385.59,58,3,2,2,Potential Loyalists
U007981,2025-04-16,2,2052.31,259,1,1,2,Hibernating
U007982,2025-10-22,11,7007.9,70,2,5,5,Loyal
U007983,2025-12-30,13,7896.14,1,5,5,5,Champions
U007984,2025-11-29,7,5923.07,32,4,4,5,Champions
U007985,2025-12-27,6,3590.88,4,5,4,4,Champions
U007986,2025-12-26,6,2603.58,5,5,4,3,Champions
U007987,2025-12-14,11,5664.23,17,5,5,5,Champions
U007988,2025-07-26,1,672.45,158,1,1,1,Hibernating
U007989,2025-12-27,6,3993.01,4,5,4,4,Champions
U007990,2025-12-13,4,2705.55,18,4,3,3,Potential Loyalists
U007991,2025-10-29,3,1592.3600000000001,63,3,2,2,Potential Loyalists
U007992,2025-10-26,2,568.64,66,3,1,1,Potential Loyalists
U007993,2025-11-10,7,5470.06,51,3,4,5,Loyal
U007995,2025-11-26,4,3734.8199999999997,35,4,3,4,Potential Loyalists
U007996,2025-12-26,9,7119.37,5,5,5,5,Champions
U007997,2025-03-28,2,1023.5600000000001,278,1,1,1,Hibernating
U007998,2025-12-24,4,3127.13,7,5,3,3,Potential Loyalists
U007999,2025-12-15,2,935.35,16,5,1,1,New & Promising
U008000,2025-09-11,4,5523.0,111,2,3,5,At Risk
U008001,2025-09-15,2,2948.7,107,2,1,3,Hibernating
U008002,2025-11-26,9,4299.59,35,4,5,4,Champions
U008003,2025-12-18,8,6146.8099999999995,13,5,5,5,Champions
U008004,2025-10-28,3,1467.01,64,3,2,2,Potential Loyalists
U008005,2025-09-26,5,2799.79,96,2,3,3,At Risk
U008006,2025-03-22,1,204.85,284,1,1,1,Hibernating
U008007,2025-12-11,9,9600.41,20,4,5,5,Champions
U008008,2025-12-13,8,5329.73,18,4,5,5,Champions
U008009,2025-11-08,5,2024.0900000000001,53,3,3,2,Potential Loyalists
U008010,2025-12-12,5,2446.36,19,4,3,3,Potential Loyalists
U008011,2025-10-23,4,1412.16,69,2,3,2,At Risk
U008012,2025-09-17,9,4285.71,105,2,5,4,Loyal
U008013,2025-12-12,7,4394.52,19,4,4,4,Champions
U008014,2025-12-27,3,1854.5,4,5,2,2,New & Promising
U008015,2025-06-19,2,2018.16,195,1,1,2,Hibernating
U008016,2025-12-17,5,4014.83,14,5,3,4,Potential Loyalists
U008018,2025-11-16,6,2660.9,45,3,4,3,Loyal
U008019,2025-12-31,10,5648.23,0,5,5,5,Champions
U008020,2025-12-21,9,4080.7,10,5,5,4,Champions
U008021,2025-12-28,10,9440.74,3,5,5,5,Champions
U008022,2025-12-23,12,9868.91,8,5,5,5,Champions
U008023,2025-12-12,5,2409.11,19,4,3,3,Potential Loyalists
U008024,2025-10-28,7,3833.3500000000004,64,3,4,4,Loyal
U008025,2025-10-31,4,2229.1,61,3,3,3,Potential Loyalists
U008026,2025-12-21,7,4024.19,10,5,4,4,Champions
U008027,2025-12-21,7,4450.84,10,5,4,4,Champions
U008028,2025-10-29,4,1410.27,63,3,3,2,Potential Loyalists
U008029,2025-11-06,2,567.82,55,3,1,1,Potential Loyalists
U008030,2025-11-30,9,7024.37,31,4,5,5,Champions
U008031,2025-11-21,3,2021.99,40,3,2,2,Potential Loyalists
U008032,2025-11-07,4,1883.76,54,3,3,2,Potential Loyalists
U008033,2025-12-23,13,7836.26,8,5,5,5,Champions
U008034,2025-12-06,6,3443.88,25,4,4,4,Champions
U008035,2025-12-23,4,2542.0,8,5,3,3,Potential Loyalists
U008036,2025-12-12,5,3423.63,19,4,3,4,Potential Loyalists
U008037,2025-01-27,1,164.76,338,1,1,1,Hibernating
U008038,2025-11-23,8,4948.91,38,3,5,5,Loyal
U008039,2025-12-13,14,6605.12,18,4,5,5,Champions
U008040,2025-11-22,3,1616.77,39,3,2,2,Potential Loyalists
U008041,2025-03-26,1,1502.57,280,1,1,2,Hibernating
U008042,2025-09-05,2,801.9,117,2,1,1,Hibernating
U008043,2025-09-10,5,2845.68,112,2,3,3,At Risk
U008044,2025-05-27,4,3799.0,218,1,3,4,At Risk
U008045,2025-12-13,6,4752.6,18,4,4,5,Champions
U008046,2025-11-15,10,6610.21,46,3,5,5,Loyal
U008047,2025-12-07,2,876.17,24,4,1,1,New & Promising
U008048,2025-12-04,4,4365.57,27,4,3,4,Potential Loyalists
U008049,2025-12-07,8,6941.83,24,4,5,5,Champions
U008050,2025-08-19,1,582.05,134,1,1,1,Hibernating
U008051,2025-07-17,1,1808.33,167,1,1,2,Hibernating
U008052,2025-12-07,10,5433.68,24,4,5,5,Champions
U008053,2025-12-29,1,1875.19,2,5,1,2,New & Promising
U008054,2025-12-30,7,4450.21,1,5,4,4,Champions
U008055,2025-12-05,11,8293.11,26,4,5,5,Champions
U008056,2025-12-21,13,8793.99,10,5,5,5,Champions
U008057,2025-11-30,3,1700.98,31,4,2,2,New & Promising
U008058,2025-07-28,2,2565.75,156,1,1,3,Hibernating
U008059,2025-12-31,11,4930.06,0,5,5,5,Champions
U008060,2025-10-24,5,1980.03,68,2,3,2,At Risk
U008061,2025-10-16,8,5648.8,76,2,5,5,Loyal
U008062,2025-12-07,10,7260.55,24,4,5,5,Champions
U008063,2025-12-29,8,4240.9,2,5,5,4,Champions
U008064,2025-12-14,5,3168.5499999999997,17,5,3,3,Potential Loyalists
U008065,2025-12-31,7,3620.34,0,5,4,4,Champions
U008066,2025-12-25,7,2494.0299999999997,6,5,4,3,Champions
U008067,2025-06-19,3,2138.04,195,1,2,3,Hibernating
U008068,2025-10-07,5,2747.8,85,2,3,3,At Risk
U008070,2025-11-23,7,4770.47,38,3,4,5,Loyal
U008071,2025-11-22,6,3356.05,39,3,4,4,Loyal
U008072,2025-09-18,5,4328.52,104,2,3,4,At Risk
U008073,2025-12-07,6,2277.6800000000003,24,4,4,3,Champions
U008074,2025-12-25,9,4222.57,6,5,5,4,Champions
U008075,2025-10-07,4,3711.0,85,2,3,4,At Risk
U008076,2025-12-26,6,2690.14,5,5,4,3,Champions
U008077,2025-11-11,3,1810.05,50,3,2,2,Potential Loyalists
U008078,2025-07-28,5,1888.0900000000001,156,1,3,2,At Risk
U008079,2025-10-27,3,1800.32,65,3,2,2,Potential Loyalists
U008080,2025-11-10,3,1329.29,51,3,2,2,Potential Loyalists
U008081,2025-12-30,8,3327.21,1,5,5,4,Champions
U008082,2025-12-16,7,5090.74,15,5,4,5,Champions
U008083,2025-06-17,1,1067.71,197,1,1,1,Hibernating
U008084,2025-11-29,3,2522.42,32,4,2,3,New & Promising
U008085,2025-12-18,2,942.8499999999999,13,5,1,1,New & Promising
U008086,2025-12-30,4,1532.75,1,5,3,2,Potential Loyalists
U008087,2025-10-19,7,3875.99,73,2,4,4,Loyal
U008088,2025-11-12,8,4990.78,49,3,5,5,Loyal
U008089,2025-11-11,4,2884.46,50,3,3,3,Potential Loyalists
U008090,2025-08-01,4,2264.55,152,1,3,3,At Risk
U008091,2025-09-07,2,924.95,115,2,1,1,Hibernating
U008092,2025-10-16,3,1990.04,76,2,2,2,Hibernating
U008093,2025-12-09,4,2404.7,22,4,3,3,Potential Loyalists
U008094,2025-11-28,8,6847.81,33,4,5,5,Champions
U008097,2025-11-02,10,4613.3,59,3,5,4,Loyal
U008098,2025-11-12,3,1565.76,49,3,2,2,Potential Loyalists
U008099,2025-10-27,3,1278.45,65,3,2,2,Potential Loyalists
U008100,2025-08-18,5,3268.73,135,1,3,4,At Risk
U008101,2025-12-09,3,3333.45,22,4,2,4,New & Promising
U008102,2025-04-14,2,2448.4800000000005,261,1,1,3,Hibernating
U008103,2025-12-27,8,3680.2,4,5,5,4,Champions
U008104,2025-12-13,9,6721.18,18,4,5,5,Champions
U008105,2025-10-01,2,1815.3300000000002,91,2,1,2,Hibernating
U008106,2025-04-12,3,1097.35,263,1,2,1,Hibernating
U008107,2025-12-16,9,4660.969999999999,15,5,5,4,Champions
U008109,2025-12-21,4,1661.04,10,5,3,2,Potential Loyalists
U008110,2025-08-04,6,3154.33,149,1,4,3,Loyal
U008111,2025-12-27,5,5480.95,4,5,3,5,Potential Loyalists
U008112,2025-10-04,5,4486.51,88,2,3,4,At Risk
U008113,2025-05-29,3,1173.38,216,1,2,1,Hibernating
U008114,2025-12-27,6,4543.17,4,5,4,4,Champions
U008115,2025-11-12,6,3288.25,49,3,4,4,Loyal
U008116,2025-10-21,3,1615.97,71,2,2,2,Hibernating
U008117,2025-08-09,2,1147.49,144,1,1,1,Hibernating
U008118,2025-12-19,7,5536.36,12,5,4,5,Champions
U008119,2025-12-30,6,3753.97,1,5,4,4,Champions
U008120,2025-07-15,2,914.98,169,1,1,1,Hibernating
U008121,2025-09-20,6,3288.74,102,2,4,4,Loyal
U008122,2025-12-12,9,5604.04,19,4,5,5,Champions
U008123,2025-12-06,4,2475.63,25,4,3,3,Potential Loyalists
U008124,2025-11-15,1,163.56,46,3,1,1,Potential Loyalists
U008125,2025-10-13,4,2457.41,79,2,3,3,At Risk
U008126,2025-11-30,5,3188.98,31,4,3,3,Potential Loyalists
U008127,2025-12-22,5,3708.29,9,5,3,4,Potential Loyalists
U008128,2025-01-07,1,223.23,358,1,1,1,Hibernating
U008129,2025-12-28,7,4275.96,3,5,4,4,Champions
U008130,2025-08-07,2,496.64,146,1,1,1,Hibernating
U008131,2025-12-25,4,1575.27,6,5,3,2,Potential Loyalists
U008132,2025-11-19,3,1086.4199999999998,42,3,2,1,Potential Loyalists
U008133,2025-11-19,7,3422.45,42,3,4,4,Loyal
U008134,2025-09-24,8,3813.3900000000003,98,2,5,4,Loyal
U008135,2025-12-23,13,8335.25,8,5,5,5,Champions
U008136,2025-12-11,6,2274.96,20,4,4,3,Champions
U008137,2025-12-13,5,2198.98,18,4,3,3,Potential Loyalists
U008138,2025-12-12,3,1026.38,19,4,2,1,New & Promising
U008139,2025-12-22,4,2514.2200000000003,9,5,3,3,Potential Loyalists
U008140,2025-11-13,3,2972.52,48,3,2,3,Potential Loyalists
U008141,2025-08-29,2,1124.81,124,2,1,1,Hibernating
U008142,2025-11-15,5,2881.48,46,3,3,3,Potential Loyalists
U008143,2025-11-03,6,5484.389999999999,58,3,4,5,Loyal
U008144,2025-11-10,10,6113.96,51,3,5,5,Loyal
U008145,2025-12-27,9,4722.57,4,5,5,4,Champions
U008146,2025-12-14,5,3678.0,17,5,3,4,Potential Loyalists
U008147,2025-10-13,8,5798.5,79,2,5,5,Loyal
U008148,2025-10-18,2,688.15,74,2,1,1,Hibernating
U008149,2025-12-15,5,3678.56,16,5,3,4,Potential Loyalists
U008150,2025-10-17,4,1029.96,75,2,3,1,At Risk
U008151,2025-08-10,3,1413.13,143,1,2,2,Hibernating
U008152,2025-12-13,5,3292.62,18,4,3,4,Potential Loyalists
U008153,2025-11-08,4,1893.87,53,3,3,2,Potential Loyalists
U008154,2025-10-26,5,2358.51,66,3,3,3,Potential Loyalists
U008155,2025-12-31,8,4713.46,0,5,5,4,Champions
U008156,2025-12-07,8,2781.1800000000003,24,4,5,3,Champions
U008157,2025-11-21,3,1775.9299999999998,40,3,2,2,Potential Loyalists
U008158,2025-12-22,9,6982.33,9,5,5,5,Champions
U008159,2025-12-31,8,5513.07,0,5,5,5,Champions
U008160,2025-06-24,2,1157.65,190,1,1,1,Hibernating
U008161,2025-11-12,6,4381.39,49,3,4,4,Loyal
U008162,2025-12-29,2,680.97,2,5,1,1,New & Promising
U008163,2025-05-29,4,6693.73,216,1,3,5,At Risk
U008164,2025-11-02,5,5144.8099999999995,59,3,3,5,Potential Loyalists
U008165,2025-11-19,5,2861.37,42,3,3,3,Potential Loyalists
U008166,2025-08-23,5,2377.48,130,1,3,3,At Risk
U008167,2025-10-12,8,5018.73,80,2,5,5,Loyal
U008168,2025-10-09,3,1981.6100000000001,83,2,2,2,Hibernating
U008169,2025-11-19,6,2569.63,42,3,4,3,Loyal
U008170,2025-11-02,7,3526.94,59,3,4,4,Loyal
U008171,2025-12-18,2,530.63,13,5,1,1,New & Promising
U008172,2025-07-03,1,660.84,181,1,1,1,Hibernating
U008173,2025-10-16,3,2130.35,76,2,2,3,Hibernating
U008174,2025-12-02,7,3928.24,29,4,4,4,Champions
U008176,2025-07-20,3,2004.72,164,1,2,2,Hibernating
U008177,2025-10-21,5,3292.12,71,2,3,4,At Risk
U008178,2025-11-04,7,3305.1299999999997,57,3,4,4,Loyal
U008179,2025-10-08,4,1594.01,84,2,3,2,At Risk
U008180,2025-12-19,4,1797.42,12,5,3,2,Potential Loyalists
U008181,2025-11-24,3,1267.81,37,3,2,2,Potential Loyalists
U008182,2025-11-23,2,553.21,38,3,1,1,Potential Loyalists
U008183,2025-11-02,4,2574.56,59,3,3,3,Potential Loyalists
U008186,2025-09-05,2,2080.65,117,2,1,2,Hibernating
U008187,2025-12-27,9,5926.25,4,5,5,5,Champions
U008188,2025-08-26,1,953.81,127,2,1,1,Hibernating
U008189,2025-10-10,8,5720.0,82,2,5,5,Loyal
U008190,2025-11-25,5,6071.0599999999995,36,4,3,5,Potential Loyalists
U008191,2025-12-28,4,3147.5299999999997,3,5,3,3,Potential Loyalists
U008192,2025-12-11,4,1363.39,20,4,3,2,Potential Loyalists
U008193,2025-12-14,11,7198.45,17,5,5,5,Champions
U008194,2025-10-29,3,2187.69,63,3,2,3,Potential Loyalists
U008195,2025-12-08,8,5946.049999999999,23,4,5,5,Champions
U008196,2025-12-12,9,4489.38,19,4,5,4,Champions
U008197,2025-08-06,3,1400.49,147,1,2,2,Hibernating
U008198,2025-11-10,6,2993.37,51,3,4,3,Loyal
U008199,2025-12-23,7,5061.4,8,5,4,5,Champions
U008200,2025-11-01,3,1999.32,60,3,2,2,Potential Loyalists
U008201,2025-10-25,3,1156.96,67,2,2,1,Hibernating
U008202,2025-11-15,4,1957.0300000000002,46,3,3,2,Potential Loyalists
U008203,2025-09-09,4,4337.29,113,2,3,4,At Risk
U008204,2025-03-24,1,316.78,282,1,1,1,Hibernating
U008205,2025-12-11,2,2330.01,20,4,1,3,New & Promising
U008206,2025-12-26,8,5128.8099999999995,5,5,5,5,Champions
U008207,2025-10-23,4,2679.73,69,2,3,3,At Risk
U008208,2025-11-08,5,2976.31,53,3,3,3,Potential Loyalists
U008209,2025-11-02,3,2716.51,59,3,2,3,Potential Loyalists
U008210,2025-12-20,11,5200.09,11,5,5,5,Champions
U008211,2025-06-27,3,847.84,187,1,2,1,Hibernating
U008212,2025-11-12,3,1050.65,49,3,2,1,Potential Loyalists
U008213,2025-11-12,7,5184.83,49,3,4,5,Loyal
U008214,2025-12-04,2,1182.32,27,4,1,1,New & Promising
U008215,2025-11-26,12,4812.78,35,4,5,5,Champions
U008216,2025-08-03,2,877.09,150,1,1,1,Hibernating
U008217,2025-12-31,7,4389.08,0,5,4,4,Champions
U008218,2025-04-06,1,345.41,269,1,1,1,Hibernating
U008219,2025-12-20,6,3888.4700000000003,11,5,4,4,Champions
U008220,2025-12-22,7,3384.33,9,5,4,4,Champions
U008221,2025-12-17,8,3743.66,14,5,5,4,Champions
U008222,2025-07-17,4,1355.8899999999999,167,1,3,2,At Risk
U008223,2025-12-01,1,157.43,30,4,1,1,New & Promising
U008224,2025-10-12,5,2722.54,80,2,3,3,At Risk
U008225,2025-12-27,6,5057.53,4,5,4,5,Champions
U008226,2025-02-22,2,934.02,312,1,1,1,Hibernating
U008227,2025-09-06,4,3448.9900000000002,116,2,3,4,At Risk
U008228,2025-05-26,2,567.26,219,1,1,1,Hibernating
U008229,2025-11-23,1,611.01,38,3,1,1,Potential Loyalists
U008230,2025-12-23,6,4280.9400000000005,8,5,4,4,Champions
U008231,2025-07-13,1,181.43,171,1,1,1,Hibernating
U008232,2025-09-30,1,522.44,92,2,1,1,Hibernating
U008233,2025-11-12,4,2614.18,49,3,3,3,Potential Loyalists
U008235,2025-11-11,5,2979.23,50,3,3,3,Potential Loyalists
U008236,2025-12-30,6,3153.99,1,5,4,3,Champions
U008237,2025-12-26,4,4803.8099999999995,5,5,3,5,Potential Loyalists
U008238,2025-09-28,4,1478.5,94,2,3,2,At Risk
U008239,2025-12-18,1,449.07,13,5,1,1,New & Promising
U008240,2025-08-24,3,2409.29,129,1,2,3,Hibernating
U008241,2025-12-30,6,3400.76,1,5,4,4,Champions
U008242,2025-07-23,3,2663.12,161,1,2,3,Hibernating
U008243,2025-11-12,7,3840.06,49,3,4,4,Loyal
U008244,2025-10-13,2,1972.3899999999999,79,2,1,2,Hibernating
U008245,2025-12-12,9,4408.67,19,4,5,4,Champions
U008246,2025-12-13,7,4289.92,18,4,4,4,Champions
U008247,2025-10-01,6,4984.9400000000005,91,2,4,5,Loyal
U008248,2025-10-22,7,4218.21,70,2,4,4,Loyal
U008249,2025-10-03,6,2953.35,89,2,4,3,Loyal
U008250,2025-12-30,8,5187.53,1,5,5,5,Champions
U008251,2025-12-15,8,3546.4700000000003,16,5,5,4,Champions
U008252,2025-10-28,2,649.22,64,3,1,1,Potential Loyalists
U008253,2025-05-02,1,856.19,243,1,1,1,Hibernating
U008254,2025-12-11,4,2702.96,20,4,3,3,Potential Loyalists
U008255,2025-12-02,11,7955.4,29,4,5,5,Champions
U008256,2025-11-28,4,1202.07,33,4,3,2,Potential Loyalists
U008257,2025-11-29,9,5117.14,32,4,5,5,Champions
U008258,2025-10-06,8,5267.4800000000005,86,2,5,5,Loyal
U008259,2025-11-07,11,10644.43,54,3,5,5,Loyal
U008260,2025-06-21,1,596.8,193,1,1,1,Hibernating
U008262,2025-12-12,6,5431.33,19,4,4,5,Champions
U008263,2025-12-28,4,2738.2,3,5,3,3,Potential Loyalists
U008264,2025-07-29,7,5975.01,155,1,4,5,Loyal
U008265,2025-12-13,8,6904.85,18,4,5,5,Champions
U008266,2025-09-16,3,1868.2,106,2,2,2,Hibernating
U008268,2025-11-18,10,6302.03,43,3,5,5,Loyal
U008269,2025-12-16,4,5129.17,15,5,3,5,Potential Loyalists
U008270,2025-12-14,6,3105.2799999999997,17,5,4,3,Champions
U008271,2025-07-24,7,5040.25,160,1,4,5,Loyal
U008272,2025-08-16,3,1261.45,137,1,2,2,Hibernating
U008273,2025-08-31,6,4574.73,122,2,4,4,Loyal
U008274,2025-11-09,3,1548.54,52,3,2,2,Potential Loyalists
U008275,2025-11-18,4,1946.85,43,3,3,2,Potential Loyalists
U008276,2025-09-05,4,1358.56,117,2,3,2,At Risk
U008277,2025-12-06,1,1189.62,25,4,1,1,New & Promising
U008278,2025-12-09,4,2227.99,22,4,3,3,Potential Loyalists
U008279,2025-08-13,7,4385.09,140,1,4,4,Loyal
U008280,2025-11-13,4,2432.46,48,3,3,3,Potential Loyalists
U008281,2025-12-27,4,2053.86,4,5,3,2,Potential Loyalists
U008282,2025-12-16,4,4494.68,15,5,3,4,Potential Loyalists
U008283,2025-08-02,1,430.76,151,1,1,1,Hibernating
U008284,2025-09-27,3,1443.4299999999998,95,2,2,2,Hibernating
U008285,2025-12-12,6,2525.67,19,4,4,3,Champions
U008286,2025-12-16,8,7465.12,15,5,5,5,Champions
U008287,2025-08-26,4,2539.45,127,2,3,3,At Risk
U008288,2025-12-03,7,4587.12,28,4,4,4,Champions
U008289,2025-12-24,5,2085.61,7,5,3,2,Potential Loyalists
U008290,2025-09-24,8,2859.46,98,2,5,3,Loyal
U008291,2025-12-17,9,6778.5,14,5,5,5,Champions
U008292,2025-11-22,1,297.38,39,3,1,1,Potential Loyalists
U008293,2025-10-25,4,2252.1400000000003,67,2,3,3,At Risk
U008295,2025-12-23,2,1373.53,8,5,1,2,New & Promising
U008296,2025-11-18,3,947.0,43,3,2,1,Potential Loyalists
U008297,2025-04-15,1,269.82,260,1,1,1,Hibernating
U008298,2025-06-27,2,1054.03,187,1,1,1,Hibernating
U008299,2025-12-24,9,4932.45,7,5,5,5,Champions
U008300,2025-09-22,5,3867.68,100,2,3,4,At Risk
U008301,2025-12-20,6,3749.42,11,5,4,4,Champions
U008302,2025-10-04,4,1619.11,88,2,3,2,At Risk
U008303,2025-12-03,2,2119.81,28,4,1,2,New & Promising
U008305,2025-09-02,3,2307.37,120,2,2,3,Hibernating
U008306,2025-12-06,4,1603.3400000000001,25,4,3,2,Potential Loyalists
U008307,2025-12-12,4,3474.74,19,4,3,4,Potential Loyalists
U008308,2025-07-05,1,332.37,179,1,1,1,Hibernating
U008309,2025-12-08,6,3338.32,23,4,4,4,Champions
U008310,2025-08-24,3,721.28,129,1,2,1,Hibernating
U008311,2025-10-10,4,3393.26,82,2,3,4,At Risk
U008312,2025-10-01,3,1748.04,91,2,2,2,Hibernating
U008313,2025-07-05,3,1697.1,179,1,2,2,Hibernating
U008314,2025-12-28,6,2520.88,3,5,4,3,Champions
U008315,2025-11-14,7,4277.28,47,3,4,4,Loyal
U008316,2025-12-06,10,7407.39,25,4,5,5,Champions
U008317,2025-09-06,3,1327.01,116,2,2,2,Hibernating
U008318,2025-12-14,9,4741.16,17,5,5,5,Champions
U008319,2025-11-08,5,3333.6,53,3,3,4,Potential Loyalists
U008320,2025-12-15,9,4395.2699999999995,16,5,5,4,Champions
U008321,2025-10-17,2,1061.57,75,2,1,1,Hibernating
U008322,2025-12-16,12,6115.08,15,5,5,5,Champions
U008323,2025-12-25,4,1801.04,6,5,3,2,Potential Loyalists
U008324,2025-10-31,8,4263.51,61,3,5,4,Loyal
U008325,2025-12-05,3,1665.8899999999999,26,4,2,2,New & Promising
U008326,2025-10-17,4,3998.4800000000005,75,2,3,4,At Risk
U008327,2025-08-13,5,3352.13,140,1,3,4,At Risk
U008328,2025-11-12,9,4849.19,49,3,5,5,Loyal
U008329,2025-08-03,3,2015.1599999999999,150,1,2,2,Hibernating
U008330,2025-12-28,4,3203.1,3,5,3,4,Potential Loyalists
U008331,2025-11-28,6,3696.56,33,4,4,4,Champions
U008332,2025-12-29,8,4075.82,2,5,5,4,Champions
U008333,2025-12-20,4,4138.44,11,5,3,4,Potential Loyalists
U008334,2025-06-04,4,1683.1999999999998,210,1,3,2,At Risk
U008335,2025-11-22,1,117.32,39,3,1,1,Potential Loyalists
U008336,2025-12-19,3,1418.3,12,5,2,2,New & Promising
U008337,2025-11-25,5,2751.88,36,4,3,3,Potential Loyalists
U008338,2025-11-29,10,10043.68,32,4,5,5,Champions
U008339,2025-12-26,4,3137.77,5,5,3,3,Potential Loyalists
U008340,2025-11-12,2,1029.8899999999999,49,3,1,1,Potential Loyalists
U008341,2025-12-15,7,2496.78,16,5,4,3,Champions
U008342,2025-06-17,1,2466.68,197,1,1,3,Hibernating
U008343,2025-12-13,4,2228.34,18,4,3,3,Potential Loyalists
U008344,2025-12-13,3,1657.8200000000002,18,4,2,2,New & Promising
U008345,2025-12-05,6,6647.51,26,4,4,5,Champions
U008346,2025-12-15,7,3426.44,16,5,4,4,Champions
U008347,2025-12-05,2,849.49,26,4,1,1,New & Promising
U008348,2025-12-30,4,2378.16,1,5,3,3,Potential Loyalists
U008349,2025-07-16,3,2056.15,168,1,2,2,Hibernating
U008350,2025-11-12,3,2564.7,49,3,2,3,Potential Loyalists
U008351,2025-12-28,3,1944.6800000000003,3,5,2,2,New & Promising
U008352,2025-12-12,7,4572.95,19,4,4,4,Champions
U008353,2025-12-12,7,1989.78,19,4,4,2,Champions
U008354,2025-08-31,5,1713.02,122,2,3,2,At Risk
U008355,2025-11-26,9,8168.86,35,4,5,5,Champions
U008356,2025-12-28,4,2401.71,3,5,3,3,Potential Loyalists
U008357,2025-05-29,1,566.69,216,1,1,1,Hibernating
U008358,2025-12-08,6,2816.74,23,4,4,3,Champions
U008359,2025-10-11,3,3038.2599999999998,81,2,2,3,Hibernating
U008360,2025-09-02,2,1504.12,120,2,1,2,Hibernating
U008361,2025-11-16,7,4558.09,45,3,4,4,Loyal
U008362,2025-12-15,4,2074.9,16,5,3,2,Potential Loyalists
U008364,2025-09-13,5,3123.5,109,2,3,3,At Risk
U008365,2025-12-13,4,2285.62,18,4,3,3,Potential Loyalists
U008366,2025-12-17,6,4158.99,14,5,4,4,Champions
U008367,2025-11-07,8,6520.93,54,3,5,5,Loyal
U008368,2025-11-24,4,3136.44,37,3,3,3,Potential Loyalists
U008369,2025-12-13,1,867.62,18,4,1,1,New & Promising
U008370,2025-11-11,9,4389.9800000000005,50,3,5,4,Loyal
U008371,2025-09-28,8,4785.89,94,2,5,5,Loyal
U008372,2025-11-04,7,4269.75,57,3,4,4,Loyal
U008373,2025-12-10,9,5889.360000000001,21,4,5,5,Champions
U008374,2025-09-15,4,1742.5500000000002,107,2,3,2,At Risk
U008375,2025-07-11,1,734.31,173,1,1,1,Hibernating
U008376,2025-11-25,1,522.58,36,4,1,1,New & Promising
U008377,2025-12-06,6,4088.27,25,4,4,4,Champions
U008378,2025-10-04,3,1978.1100000000001,88,2,2,2,Hibernating
U008379,2025-12-30,11,8286.97,1,5,5,5,Champions
U008380,2025-12-09,8,6533.55,22,4,5,5,Champions
U008381,2025-11-16,3,1196.1299999999999,45,3,2,2,Potential Loyalists
U008382,2025-10-30,6,7701.9,62,3,4,5,Loyal
U008383,2025-11-22,7,5586.7,39,3,4,5,Loyal
U008384,2025-12-26,12,7013.849999999999,5,5,5,5,Champions
U008385,2025-12-21,4,1258.53,10,5,3,2,Potential Loyalists
U008386,2025-10-16,2,1168.62,76,2,1,1,Hibernating
U008387,2025-12-08,7,4945.82,23,4,4,5,Champions
U008388,2025-07-19,2,1627.4099999999999,165,1,1,2,Hibernating
U008389,2025-07-25,4,2431.81,159,1,3,3,At Risk
U008391,2025-11-02,7,3268.34,59,3,4,4,Loyal
U008392,2025-08-07,4,1712.6,146,1,3,2,At Risk
U008393,2025-10-18,6,2820.7400000000002,74,2,4,3,Loyal
U008394,2025-09-03,10,6420.08,119,2,5,5,Loyal
U008395,2025-12-31,6,3524.19,0,5,4,4,Champions
U008396,2025-09-20,5,1990.49,102,2,3,2,At Risk
U008397,2025-12-11,2,2552.75,20,4,1,3,New & Promising
U008398,2025-10-20,6,3031.26,72,2,4,3,Loyal
U008399,2025-11-30,6,6037.46,31,4,4,5,Champions
U008400,2025-12-11,4,2486.06,20,4,3,3,Potential Loyalists
U008401,2025-11-01,10,5070.41,60,3,5,5,Loyal
U008402,2025-11-11,2,1683.23,50,3,1,2,Potential Loyalists
U008403,2025-07-12,6,4572.55,172,1,4,4,Loyal
U008404,2025-10-17,8,3779.33,75,2,5,4,Loyal
U008405,2025-12-20,1,429.8,11,5,1,1,New & Promising
U008406,2025-12-20,11,5754.18,11,5,5,5,Champions
U008407,2025-09-29,2,930.97,93,2,1,1,Hibernating
U008408,2025-12-15,11,5450.31,16,5,5,5,Champions
U008409,2025-09-04,5,2342.02,118,2,3,3,At Risk
U008410,2025-09-02,5,2261.75,120,2,3,3,At Risk
U008411,2025-07-09,1,392.0,175,1,1,1,Hibernating
U008412,2025-10-11,2,1460.0,81,2,1,2,Hibernating
U008413,2025-12-07,12,6185.5199999999995,24,4,5,5,Champions
U008414,2025-12-11,4,3639.1000000000004,20,4,3,4,Potential Loyalists
U008416,2025-12-04,6,1948.7,27,4,4,2,Champions
U008417,2025-11-06,3,1735.92,55,3,2,2,Potential Loyalists
U008419,2025-09-03,3,1620.22,119,2,2,2,Hibernating
U008420,2025-12-21,6,2460.0299999999997,10,5,4,3,Champions
U008421,2025-12-03,5,3495.29,28,4,3,4,Potential Loyalists
U008422,2025-11-15,5,2350.8900000000003,46,3,3,3,Potential Loyalists
U008423,2025-12-04,11,5508.96,27,4,5,5,Champions
U008424,2025-12-20,7,5182.08,11,5,4,5,Champions
U008425,2025-11-10,4,1528.24,51,3,3,2,Potential Loyalists
U008426,2025-07-05,1,427.71,179,1,1,1,Hibernating
U008427,2025-05-09,4,2599.31,236,1,3,3,At Risk
U008428,2025-11-29,7,4359.55,32,4,4,4,Champions
U008429,2025-07-12,3,1861.13,172,1,2,2,Hibernating
U008430,2025-12-18,6,5719.74,13,5,4,5,Champions
U008431,2025-12-22,2,1287.7,9,5,1,2,New & Promising
U008432,2025-08-05,2,971.67,148,1,1,1,Hibernating
U008433,2025-11-22,12,6389.51,39,3,5,5,Loyal
U008434,2025-12-07,6,3286.27,24,4,4,4,Champions
U008435,2025-09-07,1,245.63,115,2,1,1,Hibernating
U008436,2025-12-29,3,3138.8900000000003,2,5,2,3,New & Promising
U008437,2025-03-14,2,1581.48,292,1,1,2,Hibernating
U008438,2025-10-12,6,5257.650000000001,80,2,4,5,Loyal
U008439,2025-12-23,1,614.61,8,5,1,1,New & Promising
U008440,2025-09-10,6,7874.3,112,2,4,5,Loyal
U008441,2025-12-26,9,5076.7,5,5,5,5,Champions
U008443,2025-10-15,3,1246.07,77,2,2,2,Hibernating
U008444,2025-12-04,13,6941.38,27,4,5,5,Champions
U008445,2025-02-28,2,689.71,306,1,1,1,Hibernating
U008446,2025-04-14,1,1481.17,261,1,1,2,Hibernating
U008447,2025-12-19,2,1115.93,12,5,1,1,New & Promising
U008448,2025-11-07,1,286.2,54,3,1,1,Potential Loyalists
U008449,2025-02-15,1,530.75,319,1,1,1,Hibernating
U008450,2025-11-19,4,2688.86,42,3,3,3,Potential Loyalists
U008451,2025-08-05,2,866.19,148,1,2,1,Hibernating
U008452,2025-12-11,6,5055.53,20,4,4,5,Champions
U008453,2025-11-15,4,1862.16,46,3,3,2,Potential Loyalists
U008454,2025-12-29,1,383.43,2,5,1,1,New & Promising
U008455,2025-11-16,6,5381.62,45,3,4,5,Loyal
U008456,2025-02-27,2,1512.54,307,1,2,2,Hibernating
U008457,2025-10-11,2,1411.09,81,2,2,2,Hibernating
U008459,2025-07-09,2,748.62,175,1,2,1,Hibernating
U008460,2025-11-19,10,5623.65,42,3,5,5,Loyal
U008461,2025-12-14,4,3880.77,17,5,3,4,Potential Loyalists
U008462,2025-10-01,8,6128.67,91,2,5,5,Loyal
U008463,2025-11-20,7,6927.22,41,3,4,5,Loyal
U008464,2025-12-30,4,2126.68,1,5,3,3,Potential Loyalists
U008465,2025-10-28,8,6739.63,64,3,5,5,Loyal
U008466,2025-12-04,7,3308.71,27,4,4,4,Champions
U008467,2025-12-30,5,2057.04,1,5,3,2,Potential Loyalists
U008468,2025-10-03,2,654.65,89,2,2,1,Hibernating
U008469,2025-12-01,4,2201.22,30,4,3,3,Potential Loyalists
U008470,2025-12-13,4,2248.52,18,4,3,3,Potential Loyalists
U008471,2025-08-21,1,451.7,132,1,1,1,Hibernating
U008472,2025-10-20,4,1349.47,72,2,3,2,At Risk
U008473,2025-01-27,1,420.79,338,1,1,1,Hibernating
U008474,2025-08-05,3,2765.57,148,1,2,3,Hibernating
U008475,2025-12-14,11,12542.65,17,5,5,5,Champions
U008477,2025-12-12,8,3583.63,19,4,5,4,Champions
U008478,2025-09-20,2,1822.8600000000001,102,2,2,2,Hibernating
U008479,2025-10-20,8,3733.66,72,2,5,4,Loyal
U008480,2025-12-03,4,1375.1399999999999,28,4,3,2,Potential Loyalists
U008481,2025-08-13,7,5315.5599999999995,140,1,4,5,Loyal
U008482,2025-10-25,5,1823.88,67,2,3,2,At Risk
U008483,2025-04-13,1,483.13,262,1,1,1,Hibernating
U008484,2025-11-11,6,4233.41,50,3,4,4,Loyal
U008485,2025-02-24,3,1247.53,310,1,2,2,Hibernating
U008486,2025-09-24,7,4310.72,98,2,4,4,Loyal
U008487,2025-11-20,6,5471.27,41,3,4,5,Loyal
U008488,2025-12-14,4,2164.57,17,5,3,3,Potential Loyalists
U008489,2025-10-28,7,3272.67,64,3,4,4,Loyal
U008490,2025-10-01,5,3057.01,91,2,3,3,At Risk
U008491,2025-12-12,5,2519.39,19,4,3,3,Potential Loyalists
U008492,2025-11-08,4,3645.51,53,3,3,4,Potential Loyalists
U008493,2025-12-13,5,2597.9300000000003,18,4,3,3,Potential Loyalists
U008494,2025-12-31,11,5307.88,0,5,5,5,Champions
U008495,2025-11-12,10,4781.32,49,3,5,5,Loyal
U008496,2025-11-27,13,9443.58,34,4,5,5,Champions
U008498,2025-07-27,3,2655.61,157,1,2,3,Hibernating
U008499,2025-11-11,8,4760.81,50,3,5,5,Loyal
U008500,2025-12-27,3,1454.54,4,5,2,2,New & Promising
U008501,2025-11-29,9,8224.76,32,4,5,5,Champions
U008502,2025-12-28,3,1035.04,3,5,2,1,New & Promising
U008503,2025-12-30,8,2987.19,1,5,5,3,Champions
U008504,2025-01-21,1,266.44,344,1,1,1,Hibernating
U008505,2025-12-13,8,4584.47,18,4,5,4,Champions
U008506,2025-11-10,3,1455.13,51,3,2,2,Potential Loyalists
U008507,2025-11-10,6,3533.24,51,3,4,4,Loyal
U008508,2025-12-28,7,3360.79,3,5,4,4,Champions
U008509,2025-06-03,1,208.67,211,1,1,1,Hibernating
U008510,2025-11-10,7,3362.2,51,3,4,4,Loyal
U008511,2025-05-13,2,718.75,232,1,2,1,Hibernating
U008512,2025-11-13,10,4930.81,48,3,5,5,Loyal
U008513,2025-12-06,8,6605.86,25,4,5,5,Champions
U008514,2025-10-16,1,1875.39,76,2,1,2,Hibernating
U008515,2025-06-10,5,3629.81,204,1,3,4,At Risk
U008516,2025-11-08,8,7385.88,53,3,5,5,Loyal
U008517,2025-10-20,2,1141.1999999999998,72,2,2,1,Hibernating
U008518,2025-12-26,11,6054.849999999999,5,5,5,5,Champions
U008519,2025-10-26,3,1810.88,66,3,2,2,Potential Loyalists
U008520,2025-12-23,5,2515.6800000000003,8,5,3,3,Potential Loyalists
U008521,2025-09-25,4,1556.04,97,2,3,2,At Risk
U008522,2025-09-27,4,3596.0899999999997,95,2,3,4,At Risk
U008523,2025-10-22,6,3531.71,70,2,4,4,Loyal
U008524,2025-10-31,4,2194.4700000000003,61,3,3,3,Potential Loyalists
U008525,2025-07-03,1,482.7,181,1,1,1,Hibernating
U008526,2025-07-29,3,2035.5500000000002,155,1,2,2,Hibernating
U008528,2025-09-13,5,3757.25,109,2,3,4,At Risk
U008529,2025-12-10,1,1206.51,21,4,1,2,New & Promising
U008530,2025-12-28,7,3776.2799999999997,3,5,4,4,Champions
U008531,2025-12-03,8,4956.32,28,4,5,5,Champions
U008532,2025-03-05,1,347.17,301,1,1,1,Hibernating
U008533,2025-03-21,1,261.93,285,1,1,1,Hibernating
U008534,2025-08-21,6,4035.77,132,1,4,4,Loyal
U008535,2025-12-21,9,3802.94,10,5,5,4,Champions
U008536,2025-10-22,2,979.8299999999999,70,2,2,1,Hibernating
U008537,2025-12-12,2,851.08,19,4,2,1,New & Promising
U008538,2025-11-05,3,1837.52,56,3,2,2,Potential Loyalists
U008539,2025-10-23,5,3015.8999999999996,69,2,3,3,At Risk
U008540,2025-10-19,4,2947.93,73,2,3,3,At Risk
U008542,2025-10-25,3,1885.48,67,2,2,2,Hibernating
U008543,2025-06-01,1,834.43,213,1,1,1,Hibernating
U008544,2025-12-25,15,7102.85,6,5,5,5,Champions
U008545,2025-12-20,11,7258.0599999999995,11,5,5,5,Champions
U008546,2025-07-21,2,1259.38,163,1,2,2,Hibernating
U008547,2025-12-15,6,3589.09,16,5,4,4,Champions
U008548,2025-06-15,3,1669.75,199,1,2,2,Hibernating
U008549,2025-08-03,5,2941.91,150,1,3,3,At Risk
U008550,2025-11-09,2,1931.79,52,3,2,2,Potential Loyalists
U008551,2025-10-21,2,819.7,71,2,2,1,Hibernating
U008552,2025-03-16,2,503.48,290,1,2,1,Hibernating
U008553,2025-12-24,2,2942.3100000000004,7,5,2,3,New & Promising
U008554,2025-09-13,3,965.47,109,2,2,1,Hibernating
U008556,2025-12-08,8,5415.27,23,4,5,5,Champions
U008558,2025-12-14,6,3263.4500000000003,17,5,4,4,Champions
U008559,2025-12-14,10,5255.98,17,5,5,5,Champions
U008560,2025-12-20,7,4197.42,11,5,4,4,Champions
U008561,2025-06-28,1,647.99,186,1,1,1,Hibernating
U008562,2025-12-16,8,5217.72,15,5,5,5,Champions
U008563,2025-12-10,3,4591.66,21,4,2,4,New & Promising
U008564,2025-09-15,1,849.32,107,2,1,1,Hibernating
U008565,2025-11-06,9,3366.7400000000002,55,3,5,4,Loyal
U008566,2025-12-23,8,4484.33,8,5,5,4,Champions
U008567,2025-11-09,3,1223.6299999999999,52,3,2,2,Potential Loyalists
U008568,2025-08-08,5,2654.34,145,1,3,3,At Risk
U008569,2025-12-11,6,4001.52,20,4,4,4,Champions
U008570,2025-03-31,1,543.04,275,1,1,1,Hibernating
U008571,2025-09-02,3,1852.01,120,2,2,2,Hibernating
U008572,2025-12-11,5,1007.62,20,4,3,1,Potential Loyalists
U008573,2025-12-13,5,2498.44,18,4,3,3,Potential Loyalists
U008574,2025-05-20,3,1693.1100000000001,225,1,2,2,Hibernating
U008575,2025-12-26,9,5038.65,5,5,5,5,Champions
U008576,2025-11-15,4,4338.4400000000005,46,3,3,4,Potential Loyalists
U008577,2025-12-16,6,2171.36,15,5,4,3,Champions
U008578,2025-10-22,9,4493.57,70,2,5,4,Loyal
U008579,2025-10-12,7,3590.7400000000002,80,2,4,4,Loyal
U008580,2025-11-11,3,1466.24,50,3,2,2,Potential Loyalists
U008581,2025-12-19,5,3341.15,12,5,3,4,Potential Loyalists
U008582,2025-12-17,4,2582.75,14,5,3,3,Potential Loyalists
U008583,2025-09-02,8,8202.720000000001,120,2,5,5,Loyal
U008584,2025-02-17,1,446.56,317,1,1,1,Hibernating
U008585,2025-12-13,5,2978.1,18,4,3,3,Potential Loyalists
U008586,2025-12-05,2,1503.9099999999999,26,4,2,2,New & Promising
U008587,2025-05-24,5,5154.64,221,1,3,5,At Risk
U008588,2025-09-10,4,1694.86,112,2,3,2,At Risk
U008589,2025-12-31,8,6920.22,0,5,5,5,Champions
U008590,2025-12-13,6,4921.6,18,4,4,5,Champions
U008591,2025-09-08,3,1980.72,114,2,2,2,Hibernating
U008592,2025-10-25,6,2713.48,67,2,4,3,Loyal
U008593,2025-09-20,3,2119.66,102,2,2,2,Hibernating
U008594,2025-12-27,8,4793.610000000001,4,5,5,5,Champions
U008595,2025-11-17,7,8460.08,44,3,4,5,Loyal
U008596,2025-10-20,5,3654.2200000000003,72,2,3,4,At Risk
U008598,2025-07-05,1,788.0,179,1,1,1,Hibernating
U008600,2025-11-16,9,3591.83,45,3,5,4,Loyal
U008601,2025-10-11,6,2714.79,81,2,4,3,Loyal
U008602,2025-12-04,2,1247.27,27,4,2,2,New & Promising
U008603,2025-06-19,3,1420.06,195,1,2,2,Hibernating
U008604,2025-10-27,3,1793.73,65,3,2,2,Potential Loyalists
U008605,2025-06-29,3,735.37,185,1,2,1,Hibernating
U008606,2025-10-12,7,4043.89,80,2,4,4,Loyal
U008607,2025-08-17,9,3663.9300000000003,136,1,5,4,Loyal
U008608,2025-11-11,9,5903.05,50,3,5,5,Loyal
U008609,2025-12-16,4,3202.79,15,5,3,4,Potential Loyalists
U008610,2025-08-18,3,1076.7,135,1,2,1,Hibernating
U008612,2025-09-11,4,1636.78,111,2,3,2,At Risk
U008613,2025-11-07,4,1796.0,54,3,3,2,Potential Loyalists
U008614,2025-05-29,3,2484.63,216,1,2,3,Hibernating
U008615,2025-10-11,4,1359.04,81,2,3,2,At Risk
U008616,2025-10-04,4,1648.27,88,2,3,2,At Risk
U008617,2025-12-09,5,3272.74,22,4,4,4,Champions
U008618,2025-11-09,6,3005.32,52,3,4,3,Loyal
U008619,2025-11-23,11,7859.17,38,3,5,5,Loyal
U008620,2025-12-15,6,3382.21,16,5,4,4,Champions
U008621,2025-09-15,3,1701.41,107,2,2,2,Hibernating
U008622,2025-01-13,1,642.74,352,1,1,1,Hibernating
U008623,2025-11-25,2,1127.81,36,4,2,1,New & Promising
U008624,2025-10-13,2,1627.4,79,2,2,2,Hibernating
U008625,2025-11-30,4,1165.64,31,4,3,1,Potential Loyalists
U008626,2025-12-22,3,959.46,9,5,2,1,New & Promising
U008627,2025-08-04,2,1169.41,149,1,2,1,Hibernating
U008628,2025-09-20,2,797.52,102,2,2,1,Hibernating
U008629,2025-08-19,3,1688.05,134,1,2,2,Hibernating
U008630,2025-12-12,4,3466.8900000000003,19,4,3,4,Potential Loyalists
U008631,2025-12-22,10,8444.32,9,5,5,5,Champions
U008632,2025-10-19,10,6871.82,73,2,5,5,Loyal
U008633,2025-12-06,6,1857.94,25,4,4,2,Champions
U008634,2025-12-13,5,2955.29,18,4,4,3,Champions
U008635,2025-12-21,11,4874.96,10,5,5,5,Champions
U008636,2025-11-06,3,2376.87,55,3,2,3,Potential Loyalists
U008637,2025-11-22,6,3093.36,39,3,4,3,Loyal
U008638,2025-08-24,1,313.46,129,1,1,1,Hibernating
U008639,2025-12-13,9,5216.79,18,4,5,5,Champions
U008640,2025-12-17,8,3541.7200000000003,14,5,5,4,Champions
U008641,2025-11-01,6,4421.29,60,3,4,4,Loyal
U008642,2025-09-22,5,2243.26,100,2,4,3,Loyal
U008643,2025-12-25,15,6992.79,6,5,5,5,Champions
U008645,2025-09-08,1,327.99,114,2,1,1,Hibernating
U008646,2025-03-14,1,234.67,292,1,1,1,Hibernating
U008647,2025-10-23,7,3121.0200000000004,69,2,4,3,Loyal
U008648,2025-12-17,8,3835.87,14,5,5,4,Champions
U008649,2025-12-04,13,8272.23,27,4,5,5,Champions
U008650,2025-11-16,6,2611.89,45,3,4,3,Loyal
U008651,2025-11-01,5,2993.1,60,3,4,3,Loyal
U008652,2025-11-18,12,5430.64,43,3,5,5,Loyal
U008653,2025-09-15,6,2778.21,107,2,4,3,Loyal
U008655,2025-10-14,2,1125.34,78,2,2,1,Hibernating
U008657,2025-10-22,4,2323.3,70,2,3,3,At Risk
U008659,2025-12-11,7,2583.96,20,4,4,3,Champions
U008660,2025-10-31,1,764.93,61,3,1,1,Potential Loyalists
U008661,2025-12-06,6,2235.67,25,4,4,3,Champions
U008662,2025-09-29,8,6071.25,93,2,5,5,Loyal
U008663,2025-09-25,4,2119.79,97,2,3,2,At Risk
U008664,2025-08-05,6,4349.47,148,1,4,4,Loyal
U008665,2025-09-05,4,1949.33,117,2,3,2,At Risk
U008666,2025-12-13,4,1887.03,18,4,3,2,Potential Loyalists
U008667,2025-11-11,6,4801.04,50,3,4,5,Loyal
U008668,2025-08-27,6,2859.25,126,2,4,3,Loyal
U008669,2025-12-31,7,2897.37,0,5,4,3,Champions
U008670,2025-10-06,2,791.28,86,2,2,1,Hibernating
U008671,2025-06-29,4,2290.1099999999997,185,1,3,3,At Risk
U008672,2025-12-15,4,2098.26,16,5,3,2,Potential Loyalists
U008673,2025-10-20,4,5464.969999999999,72,2,3,5,At Risk
U008674,2025-12-05,5,1787.74,26,4,4,2,Champions
U008675,2025-03-07,1,469.85,299,1,1,1,Hibernating
U008676,2025-11-27,3,1855.84,34,4,2,2,New & Promising
U008677,2025-08-16,6,4371.29,137,1,4,4,Loyal
U008678,2025-12-29,6,3416.71,2,5,4,4,Champions
U008679,2025-11-10,8,2807.75,51,3,5,3,Loyal
U008680,2025-11-29,7,3815.7799999999997,32,4,4,4,Champions
U008681,2025-12-12,7,4728.29,19,4,4,4,Champions
U008682,2025-04-23,1,381.16,252,1,1,1,Hibernating
U008683,2025-12-16,9,8599.18,15,5,5,5,Champions
U008684,2025-07-12,3,1872.4299999999998,172,1,2,2,Hibernating
U008685,2025-02-02,1,502.45,332,1,1,1,Hibernating
U008686,2025-11-11,3,1095.96,50,3,2,1,Potential Loyalists
U008688,2025-11-30,2,1279.6799999999998,31,4,2,2,New & Promising
U008689,2025-12-13,10,7216.07,18,4,5,5,Champions
U008690,2025-09-06,7,4879.25,116,2,4,5,Loyal
U008691,2025-09-14,3,1378.7,108,2,2,2,Hibernating
U008693,2025-02-25,1,1052.57,309,1,1,1,Hibernating
U008694,2025-11-07,5,3626.13,54,3,4,4,Loyal
U008695,2025-11-27,6,3892.21,34,4,4,4,Champions
U008696,2025-11-28,4,3151.09,33,4,3,3,Potential Loyalists
U008699,2025-04-11,1,778.66,264,1,1,1,Hibernating
U008700,2025-11-12,4,2397.59,49,3,3,3,Potential Loyalists
U008701,2025-12-04,3,1680.98,27,4,2,2,New & Promising
U008702,2025-09-23,3,896.3800000000001,99,2,2,1,Hibernating
U008703,2025-11-14,8,7051.76,47,3,5,5,Loyal
U008704,2025-10-12,2,1355.38,80,2,2,2,Hibernating
U008705,2025-11-12,3,1267.32,49,3,2,2,Potential Loyalists
U008706,2025-12-22,9,5399.98,9,5,5,5,Champions
U008707,2025-12-04,2,1032.36,27,4,2,1,New & Promising
U008708,2025-09-21,1,2349.03,101,2,1,3,Hibernating
U008709,2025-12-14,5,6618.71,17,5,4,5,Champions
U008710,2025-12-19,4,2302.01,12,5,3,3,Potential Loyalists
U008711,2025-05-15,2,1986.33,230,1,2,2,Hibernating
U008712,2025-10-04,6,3072.99,88,2,4,3,Loyal
U008713,2025-12-21,10,5393.64,10,5,5,5,Champions
U008714,2025-12-11,2,817.56,20,4,2,1,New & Promising
U008715,2025-11-24,7,4951.84,37,3,4,5,Loyal
U008716,2025-10-25,3,1113.44,67,2,2,1,Hibernating
U008717,2025-07-09,6,2583.91,175,1,4,3,Loyal
U008718,2025-11-22,7,4187.04,39,3,4,4,Loyal
U008719,2025-12-18,7,5773.28,13,5,4,5,Champions
U008720,2025-12-26,5,1553.57,5,5,4,2,Champions
U008721,2025-09-15,2,792.21,107,2,2,1,Hibernating
U008722,2025-11-01,6,3264.74,60,3,4,4,Loyal
U008723,2025-11-11,14,9844.86,50,3,5,5,Loyal
U008724,2025-02-14,2,1214.54,320,1,2,2,Hibernating
U008725,2025-12-29,3,5069.74,2,5,2,5,New & Promising
U008726,2025-10-12,11,7451.73,80,2,5,5,Loyal
U008727,2025-10-10,6,4833.34,82,2,4,5,Loyal
U008728,2025-12-22,5,1635.19,9,5,4,2,Champions
U008729,2025-03-19,1,856.17,287,1,1,1,Hibernating
U008730,2025-10-25,4,3222.51,67,2,3,4,At Risk
U008731,2025-04-29,1,622.01,246,1,1,1,Hibernating
U008732,2025-11-09,5,3312.44,52,3,4,4,Loyal
U008733,2025-12-12,4,3350.29,19,4,3,4,Potential Loyalists
U008734,2025-12-27,8,6331.34,4,5,5,5,Champions
U008735,2025-12-19,9,8933.28,12,5,5,5,Champions
U008736,2025-11-28,7,7636.38,33,4,4,5,Champions
U008737,2025-08-26,1,968.23,127,2,1,1,Hibernating
U008738,2025-12-17,8,4528.43,14,5,5,4,Champions
U008739,2025-12-21,1,222.24,10,5,1,1,New & Promising
U008740,2025-11-02,6,4562.07,59,3,4,4,Loyal
U008741,2025-12-05,4,1169.35,26,4,3,1,Potential Loyalists
U008742,2025-09-01,1,368.21,121,2,1,1,Hibernating
U008743,2025-12-13,3,1471.1399999999999,18,4,2,2,New & Promising
U008744,2025-12-21,12,7902.620000000001,10,5,5,5,Champions
U008745,2025-09-15,3,1754.93,107,2,2,2,Hibernating
U008746,2025-11-30,10,7207.06,31,4,5,5,Champions
U008747,2025-10-25,3,1240.62,67,2,2,2,Hibernating
U008748,2025-12-10,6,3392.6,21,4,4,4,Champions
U008749,2025-10-29,2,756.21,63,3,2,1,Potential Loyalists
U008750,2025-12-22,5,2821.43,9,5,4,3,Champions
U008751,2025-06-16,4,1860.43,198,1,3,2,At Risk
U008752,2025-11-21,5,2883.54,40,3,4,3,Loyal
U008753,2025-10-23,3,1579.0900000000001,69,2,2,2,Hibernating
U008754,2025-12-12,4,2022.01,19,4,3,2,Potential Loyalists
U008755,2025-11-30,6,5294.86,31,4,4,5,Champions
U008756,2025-10-20,2,2891.56,72,2,2,3,Hibernating
U008757,2025-11-24,7,5519.08,37,3,4,5,Loyal
U008758,2025-12-13,10,4205.11,18,4,5,4,Champions
U008759,2025-11-02,3,1272.29,59,3,2,2,Potential Loyalists
U008760,2025-11-23,6,2353.42,38,3,4,3,Loyal
U008761,2025-11-27,11,5624.54,34,4,5,5,Champions
U008762,2025-09-21,3,2281.24,101,2,2,3,Hibernating
U008763,2025-06-24,1,1429.41,190,1,1,2,Hibernating
U008764,2025-12-31,8,3636.29,0,5,5,4,Champions
U008765,2025-03-21,2,865.9100000000001,285,1,2,1,Hibernating
U008766,2025-10-09,7,4365.75,83,2,4,4,Loyal
U008767,2025-12-21,5,1941.23,10,5,4,2,Champions
U008768,2025-12-03,7,6081.38,28,4,4,5,Champions
U008769,2025-03-09,1,625.3,297,1,1,1,Hibernating
U008770,2025-11-24,4,1939.76,37,3,3,2,Potential Loyalists
U008771,2025-12-31,10,6679.89,0,5,5,5,Champions
U008772,2025-12-20,5,2598.22,11,5,4,3,Champions
U008773,2025-12-04,8,3074.98,27,4,5,3,Champions
U008775,2025-07-03,4,3482.74,181,1,3,4,At Risk
U008777,2025-12-14,5,2347.98,17,5,4,3,Champions
U008779,2025-12-28,4,2587.55,3,5,3,3,Potential Loyalists
U008780,2025-09-25,10,4286.57,97,2,5,4,Loyal
U008781,2025-09-20,8,3482.67,102,2,5,4,Loyal
U008782,2025-08-25,2,448.98,128,2,2,1,Hibernating
U008783,2025-09-21,9,4646.18,101,2,5,4,Loyal
U008784,2025-10-22,4,1939.9099999999999,70,2,3,2,At Risk
U008785,2025-12-20,6,2576.03,11,5,4,3,Champions
U008786,2025-12-18,3,2367.2799999999997,13,5,2,3,New & Promising
U008787,2025-11-17,10,5757.52,44,3,5,5,Loyal
U008788,2025-12-08,7,4354.9400000000005,23,4,4,4,Champions
U008789,2025-11-01,5,1787.72,60,3,4,2,Loyal
U008790,2025-11-17,1,529.79,44,3,1,1,Potential Loyalists
U008791,2025-12-08,1,456.52,23,4,1,1,New & Promising
U008792,2025-01-09,1,783.16,356,1,1,1,Hibernating
U008793,2025-12-10,3,1506.92,21,4,2,2,New & Promising
U008794,2025-10-08,9,4855.99,84,2,5,5,Loyal
U008795,2025-10-26,1,435.0,66,3,1,1,Potential Loyalists
U008796,2025-08-11,5,2402.18,142,1,4,3,Loyal
U008797,2025-12-14,5,2780.9,17,5,4,3,Champions
U008798,2025-10-25,4,2632.31,67,2,3,3,At Risk
U008799,2025-12-07,8,6029.16,24,4,5,5,Champions
U008800,2025-12-30,4,1969.84,1,5,3,2,Potential Loyalists
U008801,2025-11-27,3,1500.04,34,4,2,2,New & Promising
U008802,2025-11-09,9,6198.49,52,3,5,5,Loyal
U008803,2025-03-19,1,310.52,287,1,1,1,Hibernating
U008804,2025-12-22,2,1286.47,9,5,2,2,New & Promising
U008806,2025-08-19,8,4860.62,134,1,5,5,Loyal
U008807,2025-03-22,2,1654.65,284,1,2,2,Hibernating
U008808,2025-08-15,7,4549.1,138,1,4,4,Loyal
U008809,2025-12-13,5,4989.32,18,4,4,5,Champions
U008810,2025-12-13,3,1358.05,18,4,2,2,New & Promising
U008811,2025-11-12,3,1903.8400000000001,49,3,2,2,Potential Loyalists
U008813,2025-12-19,6,2877.31,12,5,4,3,Champions
U008814,2025-12-11,4,3917.83,20,4,3,4,Potential Loyalists
U008815,2025-12-24,11,6304.04,7,5,5,5,Champions
U008816,2025-12-18,5,4316.63,13,5,4,4,Champions
U008817,2025-08-17,2,1097.93,136,1,2,1,Hibernating
U008818,2025-08-07,3,2066.2400000000002,146,1,2,2,Hibernating
U008819,2025-10-06,3,4018.96,86,2,2,4,Hibernating
U008820,2025-03-04,2,1767.1699999999998,302,1,2,2,Hibernating
U008821,2025-09-25,3,1651.76,97,2,2,2,Hibernating
U008822,2025-08-18,3,3860.83,135,1,2,4,Hibernating
U008823,2025-11-19,4,1693.33,42,3,3,2,Potential Loyalists
U008825,2025-11-07,8,5304.82,54,3,5,5,Loyal
U008826,2025-02-09,1,420.46,325,1,1,1,Hibernating
U008827,2025-08-24,3,1097.83,129,1,2,1,Hibernating
U008828,2025-11-13,6,4272.48,48,3,4,4,Loyal
U008830,2025-12-17,9,4363.07,14,5,5,4,Champions
U008831,2025-11-16,5,3426.7999999999997,45,3,4,4,Loyal
U008832,2025-12-11,4,4316.0199999999995,20,4,3,4,Potential Loyalists
U008833,2025-12-26,2,875.51,5,5,2,1,New & Promising
U008834,2025-12-27,7,2893.44,4,5,4,3,Champions
U008835,2025-12-12,14,9567.38,19,4,5,5,Champions
U008836,2025-10-17,5,2693.7,75,2,4,3,Loyal
U008837,2025-12-13,4,2500.65,18,4,3,3,Potential Loyalists
U008838,2025-12-16,11,9218.95,15,5,5,5,Champions
U008839,2025-04-08,1,237.51,267,1,1,1,Hibernating
U008841,2025-10-22,2,424.28,70,2,2,1,Hibernating
U008842,2025-12-06,3,1397.45,25,4,2,2,New & Promising
U008843,2025-11-06,3,1412.13,55,3,2,2,Potential Loyalists
U008844,2025-10-31,7,2645.25,61,3,4,3,Loyal
U008845,2025-11-19,6,2878.23,42,3,4,3,Loyal
U008846,2025-11-12,8,5972.99,49,3,5,5,Loyal
U008847,2025-05-16,3,1340.92,229,1,2,2,Hibernating
U008848,2025-07-28,3,1376.99,156,1,2,2,Hibernating
U008849,2025-12-04,8,4039.16,27,4,5,4,Champions
U008850,2025-06-19,2,1725.83,195,1,2,2,Hibernating
U008851,2025-11-30,8,4793.6,31,4,5,5,Champions
U008852,2025-10-23,7,3928.9399999999996,69,2,4,4,Loyal
U008853,2025-03-09,1,318.53,297,1,1,1,Hibernating
U008854,2025-08-08,4,1602.01,145,1,3,2,At Risk
U008855,2025-09-10,4,4033.58,112,2,3,4,At Risk
U008856,2025-11-09,1,259.52,52,3,1,1,Potential Loyalists
U008857,2025-12-13,6,3622.46,18,4,4,4,Champions
U008858,2025-08-18,2,500.09,135,1,2,1,Hibernating
U008859,2025-11-14,8,4252.37,47,3,5,4,Loyal
U008860,2025-12-12,3,824.5799999999999,19,4,2,1,New & Promising
U008862,2025-11-28,5,2641.23,33,4,4,3,Champions
U008863,2025-11-23,7,4779.49,38,3,4,5,Loyal
U008864,2025-12-12,7,5273.55,19,4,4,5,Champions
U008865,2025-12-23,4,2937.15,8,5,3,3,Potential Loyalists
U008866,2025-08-16,2,1629.87,137,1,2,2,Hibernating
U008867,2025-06-04,1,506.95,210,1,1,1,Hibernating
U008868,2025-12-12,10,4482.77,19,4,5,4,Champions
U008869,2025-12-04,5,3782.25,27,4,4,4,Champions
U008870,2025-12-11,2,1090.0,20,4,2,1,New & Promising
U008871,2025-12-22,10,5399.68,9,5,5,5,Champions
U008872,2025-12-11,12,7423.23,20,4,5,5,Champions
U008873,2025-12-17,6,3133.89,14,5,4,3,Champions
U008874,2025-04-24,3,1816.48,251,1,2,2,Hibernating
U008875,2025-09-04,3,1738.14,118,2,2,2,Hibernating
U008876,2025-10-29,5,2224.29,63,3,4,3,Loyal
U008877,2025-12-13,8,5367.13,18,4,5,5,Champions
U008878,2025-11-26,6,2219.98,35,4,4,3,Champions
U008879,2025-12-14,3,1736.36,17,5,2,2,New & Promising
U008880,2025-10-01,5,5065.42,91,2,4,5,Loyal
U008881,2025-11-11,5,2133.69,50,3,4,3,Loyal
U008882,2025-11-23,10,5708.22,38,3,5,5,Loyal
U008883,2025-12-17,7,4649.33,14,5,4,4,Champions
U008884,2025-11-19,2,1609.17,42,3,2,2,Potential Loyalists
U008885,2025-01-28,1,314.59,337,1,1,1,Hibernating
U008886,2025-11-05,5,4304.01,56,3,4,4,Loyal
U008887,2025-06-30,3,2760.37,184,1,2,3,Hibernating
U008888,2025-10-18,5,4995.53,74,2,4,5,Loyal
U008889,2025-11-26,8,4480.07,35,4,5,4,Champions
U008890,2025-09-28,2,1375.0900000000001,94,2,2,2,Hibernating
U008891,2025-12-24,8,7458.1900000000005,7,5,5,5,Champions
U008892,2025-03-21,1,323.73,285,1,1,1,Hibernating
U008893,2025-12-31,3,1289.1299999999999,0,5,2,2,New & Promising
U008894,2025-12-24,3,3118.9300000000003,7,5,2,3,New & Promising
U008895,2025-12-26,7,3989.91,5,5,4,4,Champions
U008896,2025-07-30,3,2607.59,154,1,2,3,Hibernating
U008897,2025-10-27,3,2050.3199999999997,65,3,2,2,Potential Loyalists
U008898,2025-03-29,4,2276.5600000000004,277,1,3,3,At Risk
U008899,2025-12-01,5,2810.24,30,4,4,3,Champions
U008900,2025-11-16,13,8271.29,45,3,5,5,Loyal
U008901,2025-05-24,2,483.36,221,1,2,1,Hibernating
U008902,2025-01-31,1,1743.78,334,1,1,2,Hibernating
U008903,2025-07-13,6,3190.89,171,1,4,3,Loyal
U008904,2025-11-12,4,3005.05,49,3,3,3,Potential Loyalists
U008905,2025-08-25,2,863.73,128,2,2,1,Hibernating
U008906,2025-12-06,3,1219.83,25,4,2,2,New & Promising
U008907,2025-11-19,3,1456.3,42,3,2,2,Potential Loyalists
U008910,2025-12-12,7,2716.93,19,4,4,3,Champions
U008911,2025-11-26,7,4203.37,35,4,4,4,Champions
U008912,2025-09-09,4,2074.1,113,2,3,2,At Risk
U008913,2025-03-23,1,394.2,283,1,1,1,Hibernating
U008914,2025-08-17,5,3240.45,136,1,4,4,Loyal
U008915,2025-12-22,16,11372.56,9,5,5,5,Champions
U008916,2025-12-29,8,7681.54,2,5,5,5,Champions
U008917,2025-02-07,1,276.98,327,1,1,1,Hibernating
U008918,2025-12-13,7,5823.67,18,4,4,5,Champions
U008919,2025-12-15,2,1067.43,16,5,2,1,New & Promising
U008920,2025-12-13,5,4335.37,18,4,4,4,Champions
U008921,2025-10-13,2,791.98,79,2,2,1,Hibernating
U008922,2025-12-01,5,3369.2000000000003,30,4,4,4,Champions
U008924,2025-03-27,1,334.07,279,1,1,1,Hibernating
U008925,2025-12-13,6,3712.66,18,4,4,4,Champions
U008926,2025-11-02,1,738.81,59,3,1,1,Potential Loyalists
U008927,2025-12-26,10,5003.639999999999,5,5,5,5,Champions
U008928,2025-11-12,5,2265.6,49,3,4,3,Loyal
U008929,2025-08-10,4,1590.97,143,1,3,2,At Risk
U008930,2025-12-04,12,6106.75,27,4,5,5,Champions
U008931,2025-09-22,1,571.12,100,2,1,1,Hibernating
U008932,2025-11-08,2,937.59,53,3,2,1,Potential Loyalists
U008933,2025-11-25,3,2680.35,36,4,2,3,New & Promising
U008934,2025-12-14,6,3028.58,17,5,4,3,Champions
U008935,2025-11-29,1,312.02,32,4,1,1,New & Promising
U008936,2025-12-25,9,4939.3099999999995,6,5,5,5,Champions
U008937,2025-12-05,6,3258.29,26,4,4,4,Champions
U008938,2025-12-23,8,5199.88,8,5,5,5,Champions
U008939,2025-11-25,6,3803.71,36,4,4,4,Champions
U008940,2025-06-01,2,505.95,213,1,2,1,Hibernating
U008941,2025-09-26,10,6399.01,96,2,5,5,Loyal
U008942,2025-12-07,7,5048.11,24,4,4,5,Champions
U008943,2025-11-10,5,3437.09,51,3,4,4,Loyal
U008944,2025-05-18,1,381.68,227,1,1,1,Hibernating
U008945,2025-10-31,4,3340.64,61,3,3,4,Potential Loyalists
U008946,2025-11-06,16,9812.03,55,3,5,5,Loyal
U008947,2025-11-03,3,3005.3500000000004,58,3,2,3,Potential Loyalists
U008948,2025-12-11,5,3595.74,20,4,4,4,Champions
U008949,2025-11-04,2,1427.72,57,3,2,2,Potential Loyalists
U008950,2025-12-21,6,3131.29,10,5,4,3,Champions
U008951,2025-06-18,2,2110.8100000000004,196,1,2,2,Hibernating
U008953,2025-12-17,5,3397.54,14,5,4,4,Champions
U008954,2025-08-05,2,708.54,148,1,2,1,Hibernating
U008955,2025-12-29,7,5799.99,2,5,4,5,Champions
U008956,2025-12-11,11,5884.67,20,4,5,5,Champions
U008957,2025-12-13,12,8364.41,18,4,5,5,Champions
U008958,2025-12-11,4,1424.4299999999998,20,4,3,2,Potential Loyalists
U008959,2025-11-09,2,1557.1,52,3,2,2,Potential Loyalists
U008960,2025-12-24,5,2340.04,7,5,4,3,Champions
U008961,2025-05-31,1,386.18,214,1,1,1,Hibernating
U008962,2025-12-13,4,1457.64,18,4,3,2,Potential Loyalists
U008963,2025-12-12,3,4211.16,19,4,2,4,New & Promising
U008964,2025-12-23,13,5767.88,8,5,5,5,Champions
U008965,2025-11-11,7,6574.61,50,3,4,5,Loyal
U008966,2025-11-15,11,6611.61,46,3,5,5,Loyal
U008967,2025-04-14,2,842.64,261,1,2,1,Hibernating
U008968,2025-08-04,2,1524.87,149,1,2,2,Hibernating
U008969,2025-11-11,3,1375.23,50,3,2,2,Potential Loyalists
U008970,2025-10-24,2,812.44,68,2,2,1,Hibernating
U008972,2025-11-30,3,2119.9700000000003,31,4,2,2,New & Promising
U008973,2025-11-25,1,736.68,36,4,1,1,New & Promising
U008974,2025-11-06,6,1925.5,55,3,4,2,Loyal
U008975,2025-10-04,4,2723.5,88,2,3,3,At Risk
U008976,2025-12-02,7,4047.51,29,4,4,4,Champions
U008977,2025-03-19,1,977.36,287,1,1,1,Hibernating
U008978,2025-07-19,3,1234.2,165,1,2,2,Hibernating
U008979,2025-12-11,7,3426.34,20,4,4,4,Champions
U008980,2025-05-07,1,1318.06,238,1,1,2,Hibernating
U008981,2025-12-09,2,2313.88,22,4,2,3,New & Promising
U008982,2025-11-13,11,8054.610000000001,48,3,5,5,Loyal
U008983,2025-12-23,4,2216.08,8,5,3,3,Potential Loyalists
U008984,2025-09-07,2,680.4200000000001,115,2,2,1,Hibernating
U008985,2025-10-10,2,1518.8400000000001,82,2,2,2,Hibernating
U008986,2025-07-26,5,4178.8,158,1,4,4,Loyal
U008987,2025-11-27,4,1496.19,34,4,3,2,Potential Loyalists
U008988,2025-07-06,1,271.21,178,1,1,1,Hibernating
U008989,2025-02-27,2,1138.26,307,1,2,1,Hibernating
U008990,2025-09-15,4,2380.21,107,2,3,3,At Risk
U008991,2025-12-02,4,4710.85,29,4,3,4,Potential Loyalists
U008992,2025-12-11,3,2532.1400000000003,20,4,2,3,New & Promising
U008993,2025-11-15,6,6218.960000000001,46,3,4,5,Loyal
U008994,2025-02-10,1,2493.0,324,1,1,3,Hibernating
U008995,2025-07-21,3,1830.27,163,1,2,2,Hibernating
U008996,2025-10-16,2,1040.48,76,2,2,1,Hibernating
U008997,2025-11-30,5,2035.73,31,4,4,2,Champions
U008998,2025-04-04,1,610.41,271,1,1,1,Hibernating
U008999,2025-10-17,5,2811.27,75,2,4,3,Loyal
U009000,2025-11-28,9,3934.33,33,4,5,4,Champions
U009002,2025-12-16,6,2792.6400000000003,15,5,4,3,Champions
U009003,2025-09-11,5,2624.81,111,2,4,3,Loyal
U009004,2025-12-12,3,1194.71,19,4,2,2,New & Promising
U009005,2025-08-03,1,513.72,150,1,1,1,Hibernating
U009006,2025-02-22,1,397.24,312,1,1,1,Hibernating
U009007,2025-04-06,1,2627.83,269,1,1,3,Hibernating
U009008,2025-06-07,3,1427.9,207,1,2,2,Hibernating
U009009,2025-12-24,12,5524.84,7,5,5,5,Champions
U009010,2025-11-25,9,7831.95,36,4,5,5,Champions
U009011,2025-12-13,9,4629.08,18,4,5,4,Champions
U009012,2025-12-13,9,8575.5,18,4,5,5,Champions
U009013,2025-07-02,5,6334.72,182,1,4,5,Loyal
U009014,2025-09-10,3,3327.83,112,2,2,4,Hibernating
U009015,2025-09-07,4,1362.92,115,2,3,2,At Risk
U009016,2025-11-05,5,2626.79,56,3,4,3,Loyal
U009017,2025-11-24,4,5066.28,37,3,3,5,Potential Loyalists
U009018,2025-04-10,2,1552.62,265,1,2,2,Hibernating
U009019,2025-11-11,8,5164.54,50,3,5,5,Loyal
U009020,2025-11-17,8,5827.16,44,3,5,5,Loyal
U009021,2025-12-30,10,4686.33,1,5,5,4,Champions
U009022,2025-09-23,3,1302.34,99,2,2,2,Hibernating
U009023,2025-04-28,2,2446.7200000000003,247,1,2,3,Hibernating
U009024,2025-11-11,7,3153.41,50,3,4,3,Loyal
U009025,2025-12-07,6,4645.21,24,4,4,4,Champions
U009026,2025-12-14,6,3209.4100000000003,17,5,4,4,Champions
U009027,2025-12-16,10,4445.64,15,5,5,4,Champions
U009028,2025-12-11,14,7567.22,20,4,5,5,Champions
U009029,2025-12-26,4,2513.26,5,5,3,3,Potential Loyalists
U009030,2025-12-28,2,1218.78,3,5,2,2,New & Promising
U009031,2025-11-18,7,3471.03,43,3,4,4,Loyal
U009032,2025-10-30,6,3783.79,62,3,4,4,Loyal
U009033,2025-12-24,2,1333.48,7,5,2,2,New & Promising
U009034,2025-12-20,2,1434.92,11,5,2,2,New & Promising
U009035,2025-10-09,4,1989.62,83,2,3,2,At Risk
U009036,2025-10-05,7,3696.17,87,2,4,4,Loyal
U009037,2025-08-25,3,1830.1399999999999,128,2,2,2,Hibernating
U009038,2025-09-06,4,1855.81,116,2,3,2,At Risk
U009039,2025-11-07,3,1020.29,54,3,2,1,Potential Loyalists
U009040,2025-12-23,12,7039.02,8,5,5,5,Champions
U009041,2025-11-21,8,7224.7300000000005,40,3,5,5,Loyal
U009043,2025-12-13,8,4342.32,18,4,5,4,Champions
U009044,2025-03-21,1,207.89,285,1,1,1,Hibernating
U009045,2025-11-17,6,3207.29,44,3,4,4,Loyal
U009046,2025-10-31,2,1357.67,61,3,2,2,Potential Loyalists
U009047,2025-11-16,4,1968.08,45,3,3,2,Potential Loyalists
U009049,2025-01-19,1,273.26,346,1,1,1,Hibernating
U009050,2025-12-19,6,3482.48,12,5,4,4,Champions
U009051,2025-10-12,6,3118.08,80,2,4,3,Loyal
U009052,2025-12-22,7,2722.99,9,5,4,3,Champions
U009053,2025-12-14,7,7041.77,17,5,4,5,Champions
U009054,2025-10-02,2,1058.56,90,2,2,1,Hibernating
U009055,2025-12-11,5,2846.46,20,4,4,3,Champions
U009056,2025-12-07,11,9442.89,24,4,5,5,Champions
U009057,2025-12-21,1,1110.0,10,5,1,1,New & Promising
U009058,2025-10-18,5,3403.36,74,2,4,4,Loyal
U009059,2025-11-30,2,2202.1,31,4,2,3,New & Promising
U009060,2025-08-28,3,2909.25,125,2,2,3,Hibernating
U009061,2025-08-26,3,1493.13,127,2,2,2,Hibernating
U009062,2025-11-11,1,896.14,50,3,1,1,Potential Loyalists
U009063,2025-03-04,1,379.07,302,1,1,1,Hibernating
U009064,2025-09-19,4,3173.3500000000004,103,2,3,3,At Risk
U009065,2025-06-18,3,1152.76,196,1,2,1,Hibernating
U009066,2025-11-01,9,3871.7000000000003,60,3,5,4,Loyal
U009067,2025-12-24,5,2330.25,7,5,4,3,Champions
U009068,2025-07-10,8,6947.18,174,1,5,5,Loyal
U009069,2025-12-22,7,4144.1,9,5,4,4,Champions
U009070,2025-08-17,4,2608.31,136,1,3,3,At Risk
U009071,2025-12-31,11,6803.16,0,5,5,5,Champions
U009072,2025-11-18,3,1231.22,43,3,2,2,Potential Loyalists
U009073,2025-10-23,4,2578.39,69,2,3,3,At Risk
U009074,2025-08-19,5,5898.47,134,1,4,5,Loyal
U009075,2025-03-18,2,1184.6799999999998,288,1,2,1,Hibernating
U009076,2025-12-07,4,3054.4,24,4,3,3,Potential Loyalists
U009077,2025-09-12,2,1022.1899999999999,110,2,2,1,Hibernating
U009078,2025-12-25,8,5106.99,6,5,5,5,Champions
U009079,2025-12-24,6,4401.38,7,5,4,4,Champions
U009080,2025-08-11,2,907.4,142,1,2,1,Hibernating
U009081,2025-06-07,3,1881.55,207,1,2,2,Hibernating
U009082,2025-11-10,11,6304.24,51,3,5,5,Loyal
U009083,2025-02-22,2,798.6,312,1,2,1,Hibernating
U009084,2025-11-02,10,5420.29,59,3,5,5,Loyal
U009085,2025-08-19,4,4703.36,134,1,3,4,At Risk
U009086,2025-09-05,6,3210.88,117,2,4,4,Loyal
U009087,2025-12-02,12,8217.69,29,4,5,5,Champions
U009088,2025-12-21,5,2835.2,10,5,4,3,Champions
U009089,2025-12-11,4,1595.23,20,4,3,2,Potential Loyalists
U009090,2025-11-03,3,793.37,58,3,2,1,Potential Loyalists
U009091,2025-12-12,9,6196.8099999999995,19,4,5,5,Champions
U009092,2025-05-05,1,476.98,240,1,1,1,Hibernating
U009093,2025-08-07,3,1452.07,146,1,2,2,Hibernating
U009094,2025-09-03,2,2559.85,119,2,2,3,Hibernating
U009095,2025-11-12,8,4765.37,49,3,5,5,Loyal
U009096,2025-12-16,6,3244.61,15,5,4,4,Champions
U009097,2025-11-08,3,1608.97,53,3,2,2,Potential Loyalists
U009099,2025-12-28,9,6961.1,3,5,5,5,Champions
U009101,2025-10-09,6,2521.6400000000003,83,2,4,3,Loyal
U009102,2025-12-07,12,8481.24,24,4,5,5,Champions
U009103,2025-10-24,5,4382.28,68,2,4,4,Loyal
U009104,2025-03-29,2,668.77,277,1,2,1,Hibernating
U009105,2025-12-05,11,4823.070000000001,26,4,5,5,Champions
U009106,2025-09-10,5,2633.29,112,2,4,3,Loyal
U009107,2025-10-09,3,1446.07,83,2,2,2,Hibernating
U009108,2025-12-26,3,1237.54,5,5,2,2,New & Promising
U009109,2025-10-28,2,2694.87,64,3,2,3,Potential Loyalists
U009110,2025-01-28,1,190.17,337,1,1,1,Hibernating
U009111,2025-12-12,8,4450.26,19,4,5,4,Champions
U009112,2025-10-05,6,2995.17,87,2,4,3,Loyal
U009113,2025-09-10,7,4546.52,112,2,4,4,Loyal
U009114,2025-12-16,13,13349.0,15,5,5,5,Champions
U009115,2025-10-16,9,5348.780000000001,76,2,5,5,Loyal
U009116,2025-12-26,4,2392.79,5,5,3,3,Potential Loyalists
U009117,2025-12-04,8,4732.24,27,4,5,4,Champions
U009118,2025-12-22,6,4533.37,9,5,4,4,Champions
U009119,2025-12-08,3,4106.01,23,4,2,4,New & Promising
U009120,2025-08-04,9,4303.29,149,1,5,4,Loyal
U009121,2025-11-20,3,1422.8799999999999,41,3,2,2,Potential Loyalists
U009122,2025-11-07,6,4015.9900000000002,54,3,4,4,Loyal
U009123,2025-10-19,1,1161.64,73,2,1,1,Hibernating
U009125,2025-12-12,6,2633.4900000000002,19,4,4,3,Champions
U009126,2025-12-21,6,3579.42,10,5,4,4,Champions
U009127,2025-04-09,2,886.01,266,1,2,1,Hibernating
U009129,2025-09-09,2,3226.7799999999997,113,2,2,4,Hibernating
U009130,2025-09-14,1,530.73,108,2,1,1,Hibernating
U009132,2025-04-24,2,572.28,251,1,2,1,Hibernating
U009133,2025-10-23,11,7792.9400000000005,69,2,5,5,Loyal
U009134,2025-12-23,9,5346.68,8,5,5,5,Champions
U009135,2025-09-10,4,4288.9400000000005,112,2,3,4,At Risk
U009136,2025-11-23,7,5839.29,38,3,4,5,Loyal
U009137,2025-11-12,6,2107.38,49,3,4,2,Loyal
U009139,2025-11-12,4,2904.85,49,3,3,3,Potential Loyalists
U009140,2025-10-02,2,1498.72,90,2,2,2,Hibernating
U009141,2025-12-26,2,863.49,5,5,2,1,New & Promising
U009142,2025-12-28,2,3869.13,3,5,2,4,New & Promising
U009143,2025-10-22,6,4526.75,70,2,4,4,Loyal
U009144,2025-12-31,8,3943.21,0,5,5,4,Champions
U009145,2025-03-13,1,233.73,293,1,1,1,Hibernating
U009146,2025-10-18,4,1595.57,74,2,3,2,At Risk
U009147,2025-12-05,4,2445.7599999999998,26,4,3,3,Potential Loyalists
U009148,2025-11-21,6,3635.3,40,3,4,4,Loyal
U009149,2025-05-16,3,1480.83,229,1,2,2,Hibernating
U009150,2025-10-12,7,3802.18,80,2,4,4,Loyal
U009151,2025-08-19,4,4127.54,134,1,3,4,At Risk
U009152,2025-11-30,2,751.0999999999999,31,4,2,1,New & Promising
U009153,2025-12-07,13,6983.58,24,4,5,5,Champions
U009154,2025-11-30,4,2446.8599999999997,31,4,3,3,Potential Loyalists
U009155,2025-10-01,6,3442.67,91,2,4,4,Loyal
U009156,2025-12-15,6,6599.61,16,5,4,5,Champions
U009157,2025-05-14,3,2327.33,231,1,2,3,Hibernating
U009159,2025-10-23,3,1367.74,69,2,2,2,Hibernating
U009160,2025-09-17,6,5222.06,105,2,4,5,Loyal
U009161,2025-11-13,4,2766.87,48,3,3,3,Potential Loyalists
U009162,2025-07-20,2,673.23,164,1,2,1,Hibernating
U009163,2025-09-11,6,6037.469999999999,111,2,4,5,Loyal
U009164,2025-02-13,2,825.91,321,1,2,1,Hibernating
U009165,2025-09-06,2,861.03,116,2,2,1,Hibernating
U009166,2025-07-03,3,1359.28,181,1,2,2,Hibernating
U009167,2025-10-04,4,2688.84,88,2,3,3,At Risk
U009168,2025-12-05,2,1479.12,26,4,2,2,New & Promising
U009169,2025-12-18,7,5116.71,13,5,4,5,Champions
U009170,2025-08-27,1,697.73,126,2,1,1,Hibernating
U009171,2025-06-08,3,2235.4700000000003,206,1,2,3,Hibernating
U009172,2025-10-17,5,3181.46,75,2,4,3,Loyal
U009173,2025-10-02,2,536.74,90,2,2,1,Hibernating
U009174,2025-11-26,8,4037.91,35,4,5,4,Champions
U009175,2025-01-29,2,1264.5,336,1,2,2,Hibernating
U009176,2025-10-24,3,1354.04,68,2,2,2,Hibernating
U009177,2025-11-17,5,1594.17,44,3,4,2,Loyal
U009178,2025-07-24,5,2818.56,160,1,4,3,Loyal
U009180,2025-09-20,1,175.98,102,2,1,1,Hibernating
U009181,2025-11-03,6,4990.12,58,3,4,5,Loyal
U009183,2025-08-30,4,2421.15,123,2,3,3,At Risk
U009184,2025-12-27,9,6967.34,4,5,5,5,Champions
U009185,2025-12-13,3,2019.83,18,4,2,2,New & Promising
U009186,2025-09-15,6,5009.38,107,2,4,5,Loyal
U009187,2025-10-25,4,2938.86,67,2,3,3,At Risk
U009188,2025-10-08,1,797.55,84,2,1,1,Hibernating
U009189,2025-11-23,3,1938.3,38,3,2,2,Potential Loyalists
U009190,2025-05-31,2,1184.94,214,1,2,1,Hibernating
U009191,2025-11-12,1,497.16,49,3,1,1,Potential Loyalists
U009192,2025-07-05,1,595.7,179,1,1,1,Hibernating
U009194,2025-10-23,2,1220.01,69,2,2,2,Hibernating
U009195,2025-10-09,4,3721.1899999999996,83,2,3,4,At Risk
U009196,2025-09-17,6,3879.62,105,2,4,4,Loyal
U009197,2025-11-10,5,4225.37,51,3,4,4,Loyal
U009198,2025-08-04,2,1671.81,149,1,2,2,Hibernating
U009199,2025-09-28,2,449.98,94,2,2,1,Hibernating
U009200,2025-12-13,7,3697.4399999999996,18,4,4,4,Champions
U009201,2025-12-21,6,3033.11,10,5,4,3,Champions
U009202,2025-12-02,10,5129.74,29,4,5,5,Champions
U009203,2025-11-28,1,740.28,33,4,1,1,New & Promising
U009204,2025-12-13,5,4159.77,18,4,4,4,Champions
U009205,2025-12-24,2,1507.65,7,5,2,2,New & Promising
U009206,2025-12-27,5,1901.71,4,5,4,2,Champions
U009207,2025-06-19,4,2874.45,195,1,3,3,At Risk
U009208,2025-11-20,8,3974.16,41,3,5,4,Loyal
U009209,2025-12-09,10,9330.18,22,4,5,5,Champions
U009210,2025-12-06,3,1837.72,25,4,2,2,New & Promising
U009211,2025-04-11,2,1045.3799999999999,264,1,2,1,Hibernating
U009212,2025-11-17,7,6325.719999999999,44,3,4,5,Loyal
U009213,2025-09-14,7,3585.91,108,2,4,4,Loyal
U009214,2025-12-10,3,1236.9499999999998,21,4,2,2,New & Promising
U009215,2025-10-11,7,4933.84,81,2,4,5,Loyal
U009216,2025-10-24,3,3133.89,68,2,2,3,Hibernating
U009217,2025-07-13,3,750.35,171,1,2,1,Hibernating
U009218,2025-09-09,1,800.37,113,2,1,1,Hibernating
U009219,2025-11-30,2,2231.98,31,4,2,3,New & Promising
U009220,2025-11-26,11,9470.27,35,4,5,5,Champions
U009221,2025-11-30,2,805.09,31,4,2,1,New & Promising
U009222,2025-12-16,4,3148.74,15,5,3,3,Potential Loyalists
U009223,2025-10-30,7,4418.35,62,3,4,4,Loyal
U009224,2025-12-12,1,1097.83,19,4,1,1,New & Promising
U009225,2025-06-01,5,3163.56,213,1,4,3,Loyal
U009226,2025-12-31,3,1236.6100000000001,0,5,2,2,New & Promising
U009227,2025-08-24,3,2277.23,129,1,2,3,Hibernating
U009228,2025-06-18,1,1031.12,196,1,1,1,Hibernating
U009229,2025-07-10,5,4725.28,174,1,4,4,Loyal
U009230,2025-12-29,2,1686.28,2,5,2,2,New & Promising
U009231,2025-06-06,6,4587.25,208,1,4,4,Loyal
U009232,2025-12-27,9,7149.360000000001,4,5,5,5,Champions
U009233,2025-12-19,6,3912.91,12,5,4,4,Champions
U009234,2025-11-21,5,3200.57,40,3,4,4,Loyal
U009235,2025-11-12,2,1231.23,49,3,2,2,Potential Loyalists
U009237,2025-11-02,4,2248.99,59,3,3,3,Potential Loyalists
U009238,2025-12-11,11,4839.64,20,4,5,5,Champions
U009239,2025-12-13,1,265.47,18,4,1,1,New & Promising
U009240,2025-11-28,4,2681.79,33,4,3,3,Potential Loyalists
U009241,2025-12-19,8,2751.7,12,5,5,3,Champions
U009242,2025-12-31,2,1252.38,0,5,2,2,New & Promising
U009243,2025-01-16,1,506.61,349,1,1,1,Hibernating
U009244,2025-10-01,3,1676.77,91,2,2,2,Hibernating
U009245,2025-12-11,5,3089.51,20,4,4,3,Champions
U009246,2025-12-14,4,1030.92,17,5,3,1,Potential Loyalists
U009247,2025-08-08,4,2491.5299999999997,145,1,3,3,At Risk
U009248,2025-12-29,8,7436.75,2,5,5,5,Champions
U009249,2025-07-29,3,1831.5,155,1,2,2,Hibernating
U009250,2025-11-25,8,3970.76,36,4,5,4,Champions
U009252,2025-10-23,3,2808.5699999999997,69,2,2,3,Hibernating
U009253,2025-12-02,6,3410.08,29,4,4,4,Champions
U009254,2025-11-08,3,1677.84,53,3,2,2,Potential Loyalists
U009255,2025-11-11,3,2152.51,50,3,2,3,Potential Loyalists
U009258,2025-11-12,7,3739.51,49,3,4,4,Loyal
U009259,2025-11-19,9,6762.33,42,3,5,5,Loyal
U009260,2025-12-09,6,2565.99,22,4,4,3,Champions
U009261,2025-12-30,7,4639.25,1,5,4,4,Champions
U009262,2025-06-27,6,2496.7200000000003,187,1,4,3,Loyal
U009263,2025-11-19,5,2716.96,42,3,4,3,Loyal
U009264,2025-09-25,3,2325.1000000000004,97,2,2,3,Hibernating
U009265,2025-08-31,8,4830.2699999999995,122,2,5,5,Loyal
U009266,2025-03-21,2,725.59,285,1,2,1,Hibernating
U009267,2025-11-04,4,1745.96,57,3,3,2,Potential Loyalists
U009269,2025-11-22,6,3746.41,39,3,4,4,Loyal
U009270,2025-12-19,3,1396.59,12,5,2,2,New & Promising
U009271,2025-12-27,8,6454.35,4,5,5,5,Champions
U009272,2025-09-10,2,542.12,112,2,2,1,Hibernating
U009273,2025-10-30,2,638.6700000000001,62,3,2,1,Potential Loyalists
U009274,2025-12-14,4,1276.93,17,5,3,2,Potential Loyalists
U009275,2025-09-21,2,1154.54,101,2,2,1,Hibernating
U009276,2025-12-28,5,2893.89,3,5,4,3,Champions
U009277,2025-08-16,3,1614.71,137,1,2,2,Hibernating
U009278,2025-12-22,4,2891.44,9,5,3,3,Potential Loyalists
U009279,2025-10-01,6,4309.21,91,2,4,4,Loyal
U009280,2025-12-22,4,4398.92,9,5,3,4,Potential Loyalists
U009281,2025-04-19,4,1801.98,256,1,3,2,At Risk
U009282,2025-12-25,3,2261.56,6,5,2,3,New & Promising
U009283,2025-11-12,12,5982.12,49,3,5,5,Loyal
U009284,2025-11-30,10,6606.6,31,4,5,5,Champions
U009285,2025-10-29,5,1921.17,63,3,4,2,Loyal
U009286,2025-12-05,4,3611.16,26,4,3,4,Potential Loyalists
U009287,2025-11-23,5,1889.98,38,3,4,2,Loyal
U009288,2025-12-15,7,7176.85,16,5,4,5,Champions
U009289,2025-12-15,8,3938.25,16,5,5,4,Champions
U009290,2025-08-23,4,1734.7,130,1,3,2,At Risk
U009291,2025-12-20,4,2486.7799999999997,11,5,3,3,Potential Loyalists
U009292,2025-05-31,4,2793.7200000000003,214,1,3,3,At Risk
U009293,2025-10-24,6,4575.8,68,2,4,4,Loyal
U009294,2025-11-18,5,3858.5899999999997,43,3,4,4,Loyal
U009295,2025-09-02,8,5815.06,120,2,5,5,Loyal
U009296,2025-12-12,5,3300.91,19,4,4,4,Champions
U009297,2025-10-30,3,700.5999999999999,62,3,2,1,Potential Loyalists
U009298,2025-10-27,6,2374.59,65,3,4,3,Loyal
U009299,2025-11-25,3,768.14,36,4,2,1,New & Promising
U009300,2025-12-20,4,3126.91,11,5,3,3,Potential Loyalists
U009301,2025-07-20,4,1699.7,164,1,3,2,At Risk
U009302,2025-10-07,3,1251.93,85,2,2,2,Hibernating
U009303,2025-09-29,2,1107.19,93,2,2,1,Hibernating
U009304,2025-11-29,5,4488.37,32,4,4,4,Champions
U009305,2025-06-01,1,220.46,213,1,1,1,Hibernating
U009306,2025-12-14,4,2431.05,17,5,3,3,Potential Loyalists
U009307,2025-12-23,6,3939.81,8,5,4,4,Champions
U009308,2025-09-10,3,1842.0100000000002,112,2,2,2,Hibernating
U009309,2025-05-11,1,1742.35,234,1,1,2,Hibernating
U009310,2025-07-01,4,1670.12,183,1,3,2,At Risk
U009311,2025-09-17,1,669.43,105,2,1,1,Hibernating
U009312,2025-11-24,14,11496.960000000001,37,3,5,5,Loyal
U009313,2025-12-12,5,1786.37,19,4,4,2,Champions
U009314,2025-11-10,6,4347.57,51,3,4,4,Loyal
U009315,2025-11-15,1,503.17,46,3,1,1,Potential Loyalists
U009316,2025-11-29,5,3882.4400000000005,32,4,4,4,Champions
U009317,2025-07-17,3,822.5,167,1,2,1,Hibernating
U009319,2025-10-26,7,3238.38,66,3,4,4,Loyal
U009320,2025-12-31,7,3808.97,0,5,4,4,Champions
U009321,2025-10-04,1,172.51,88,2,1,1,Hibernating
U009322,2025-12-23,9,5865.150000000001,8,5,5,5,Champions
U009323,2025-12-13,11,6419.65,18,4,5,5,Champions
U009324,2025-10-29,2,934.96,63,3,2,1,Potential Loyalists
U009325,2025-10-06,6,4398.24,86,2,4,4,Loyal
U009326,2025-08-09,2,382.88,144,1,2,1,Hibernating
U009327,2025-11-14,9,5017.69,47,3,5,5,Loyal
U009328,2025-12-27,6,3401.77,4,5,4,4,Champions
U009329,2025-09-04,3,3151.87,118,2,2,3,Hibernating
U009330,2025-12-28,5,1895.51,3,5,4,2,Champions
U009331,2025-05-14,1,1148.88,231,1,1,1,Hibernating
U009332,2025-12-17,3,1376.49,14,5,2,2,New & Promising
U009333,2025-08-13,5,2005.43,140,1,4,2,Loyal
U009334,2025-07-06,4,2012.5900000000001,178,1,3,2,At Risk
U009335,2025-12-22,4,1961.94,9,5,3,2,Potential Loyalists
U009336,2025-11-25,7,5400.9,36,4,4,5,Champions
U009337,2025-12-04,11,4723.95,27,4,5,4,Champions
U009338,2025-12-22,3,2994.33,9,5,2,3,New & Promising
U009339,2025-06-08,9,6855.92,206,1,5,5,Loyal
U009340,2025-08-18,1,1726.33,135,1,1,2,Hibernating
U009341,2025-07-29,1,657.38,155,1,1,1,Hibernating
U009342,2025-12-24,6,3839.07,7,5,4,4,Champions
U009343,2025-12-24,4,2497.37,7,5,3,3,Potential Loyalists
U009344,2025-12-22,4,2320.1,9,5,3,3,Potential Loyalists
U009345,2025-09-21,6,4809.2699999999995,101,2,4,5,Loyal
U009346,2025-11-24,4,2350.0099999999998,37,3,3,3,Potential Loyalists
U009347,2025-10-30,7,2636.46,62,3,4,3,Loyal
U009348,2025-12-13,4,2470.65,18,4,3,3,Potential Loyalists
U009349,2025-04-23,2,680.62,252,1,2,1,Hibernating
U009351,2025-12-29,9,11449.94,2,5,5,5,Champions
U009352,2025-09-14,1,458.09,108,2,1,1,Hibernating
U009353,2025-10-07,8,7554.61,85,2,5,5,Loyal
U009354,2025-12-28,4,4705.68,3,5,3,4,Potential Loyalists
U009355,2025-10-15,4,2275.66,77,2,3,3,At Risk
U009356,2025-10-10,1,339.17,82,2,1,1,Hibernating
U009357,2025-10-09,11,5600.16,83,2,5,5,Loyal
U009358,2025-03-05,1,657.51,301,1,1,1,Hibernating
U009359,2025-06-26,2,1134.48,188,1,2,1,Hibernating
U009360,2025-09-07,4,1799.96,115,2,3,2,At Risk
U009361,2025-12-24,9,4830.0,7,5,5,5,Champions
U009362,2025-11-18,4,2081.04,43,3,3,2,Potential Loyalists
U009363,2025-12-29,7,3117.04,2,5,4,3,Champions
U009364,2025-03-14,1,522.22,292,1,1,1,Hibernating
U009365,2025-11-06,3,1477.79,55,3,2,2,Potential Loyalists
U009366,2025-06-11,5,4036.24,203,1,4,4,Loyal
U009367,2025-12-27,10,6451.74,4,5,5,5,Champions
U009368,2025-05-30,1,851.07,215,1,1,1,Hibernating
U009369,2025-12-10,4,1316.63,21,4,3,2,Potential Loyalists
U009370,2025-12-18,5,1759.68,13,5,4,2,Champions
U009371,2025-09-04,2,1046.92,118,2,2,1,Hibernating
U009372,2025-09-20,9,2891.66,102,2,5,3,Loyal
U009373,2025-12-16,10,4077.89,15,5,5,4,Champions
U009374,2025-12-13,2,581.8299999999999,18,4,2,1,New & Promising
U009375,2025-11-27,7,4607.96,34,4,4,4,Champions
U009376,2025-12-25,8,6914.5,6,5,5,5,Champions
U009377,2025-07-22,10,5926.74,162,1,5,5,Loyal
U009378,2025-12-06,10,7624.929999999999,25,4,5,5,Champions
U009379,2025-10-24,3,2126.5499999999997,68,2,2,3,Hibernating
U009380,2025-12-10,1,496.25,21,4,1,1,New & Promising
U009381,2025-11-11,6,2844.9700000000003,50,3,4,3,Loyal
U009382,2025-10-01,3,1208.94,91,2,2,2,Hibernating
U009383,2025-12-15,6,4414.51,16,5,4,4,Champions
U009384,2025-09-10,10,7342.96,112,2,5,5,Loyal
U009385,2025-11-05,10,5077.639999999999,56,3,5,5,Loyal
U009386,2025-12-11,4,2514.07,20,4,3,3,Potential Loyalists
U009387,2025-07-16,2,1258.88,168,1,2,2,Hibernating
U009388,2025-12-12,8,4014.88,19,4,5,4,Champions
U009389,2025-06-16,1,420.07,198,1,1,1,Hibernating
U009390,2025-10-19,5,4222.88,73,2,4,4,Loyal
U009391,2025-09-26,3,3110.8999999999996,96,2,2,3,Hibernating
U009392,2025-11-22,9,4749.62,39,3,5,5,Loyal
U009393,2025-09-25,5,1803.3500000000001,97,2,4,2,Loyal
U009394,2025-09-23,1,1213.38,99,2,1,2,Hibernating
U009395,2025-12-25,4,784.99,6,5,3,1,Potential Loyalists
U009396,2025-08-18,1,633.18,135,1,1,1,Hibernating
U009397,2025-11-26,10,5277.21,35,4,5,5,Champions
U009398,2025-12-13,2,776.93,18,4,2,1,New & Promising
U009399,2025-11-14,2,1120.21,47,3,2,1,Potential Loyalists
U009400,2025-11-11,3,1366.1399999999999,50,3,2,2,Potential Loyalists
U009401,2025-11-21,5,4944.21,40,3,4,5,Loyal
U009402,2025-11-17,3,1741.1,44,3,2,2,Potential Loyalists
U009403,2025-01-19,1,762.0,346,1,1,1,Hibernating
U009404,2025-12-25,14,7965.65,6,5,5,5,Champions
U009405,2025-02-11,2,1763.4,323,1,2,2,Hibernating
U009406,2025-01-05,1,241.36,360,1,1,1,Hibernating
U009407,2025-09-24,7,3196.53,98,2,4,3,Loyal
U009408,2025-09-19,4,2187.21,103,2,3,3,At Risk
U009409,2025-10-02,2,1680.79,90,2,2,2,Hibernating
U009410,2025-03-07,1,280.1,299,1,1,1,Hibernating
U009413,2025-02-27,1,165.32,307,1,1,1,Hibernating
U009414,2025-12-13,1,307.17,18,4,1,1,New & Promising
U009415,2025-11-17,8,4297.59,44,3,5,4,Loyal
U009416,2025-12-08,3,1750.52,23,4,2,2,New & Promising
U009417,2025-12-12,4,3875.21,19,4,3,4,Potential Loyalists
U009418,2025-12-26,11,8675.22,5,5,5,5,Champions
U009419,2025-12-03,4,3541.16,28,4,3,4,Potential Loyalists
U009420,2025-11-01,7,8027.36,60,3,4,5,Loyal
U009421,2025-09-13,3,951.09,109,2,2,1,Hibernating
U009422,2025-12-24,3,1657.58,7,5,2,2,New & Promising
U009423,2025-12-11,6,3595.91,20,4,4,4,Champions
U009424,2025-12-07,10,6837.2699999999995,24,4,5,5,Champions
U009425,2025-11-21,4,2608.44,40,3,3,3,Potential Loyalists
U009426,2025-12-25,4,1650.23,6,5,3,2,Potential Loyalists
U009427,2025-11-22,9,5991.52,39,3,5,5,Loyal
U009428,2025-08-24,4,2471.26,129,1,3,3,At Risk
U009429,2025-07-10,3,1033.82,174,1,2,1,Hibernating
U009430,2025-08-15,6,5094.12,138,1,4,5,Loyal
U009431,2025-12-08,6,6007.3099999999995,23,4,4,5,Champions
U009432,2025-12-13,5,2457.91,18,4,4,3,Champions
U009433,2025-03-16,1,645.94,290,1,1,1,Hibernating
U009435,2025-12-13,7,3032.47,18,4,4,3,Champions
U009437,2025-05-03,2,1320.12,242,1,2,2,Hibernating
U009438,2025-12-03,8,6705.44,28,4,5,5,Champions
U009439,2025-06-27,1,589.22,187,1,1,1,Hibernating
U009440,2025-09-10,6,6598.900000000001,112,2,4,5,Loyal
U009441,2025-12-22,7,4348.39,9,5,4,4,Champions
U009442,2025-11-06,6,3462.04,55,3,4,4,Loyal
U009443,2025-10-11,3,3275.27,81,2,2,4,Hibernating
U009444,2025-12-19,5,2199.6,12,5,4,3,Champions
U009445,2025-11-11,9,4180.95,50,3,5,4,Loyal
U009446,2025-06-17,2,1055.57,197,1,2,1,Hibernating
U009447,2025-12-12,11,6213.37,19,4,5,5,Champions
U009448,2025-12-28,7,6273.09,3,5,4,5,Champions
U009449,2025-08-23,3,3770.0200000000004,130,1,2,4,Hibernating
U009450,2025-10-20,2,772.14,72,2,2,1,Hibernating
U009452,2025-12-27,3,1740.0,4,5,2,2,New & Promising
U009453,2025-05-04,1,190.91,241,1,1,1,Hibernating
U009454,2025-10-23,4,5350.950000000001,69,2,3,5,At Risk
U009455,2025-07-18,3,2555.04,166,1,2,3,Hibernating
U009456,2025-11-29,4,2610.9,32,4,3,3,Potential Loyalists
U009457,2025-09-09,2,2343.46,113,2,2,3,Hibernating
U009458,2025-12-24,3,1085.69,7,5,2,1,New & Promising
U009459,2025-10-31,4,2465.42,61,3,3,3,Potential Loyalists
U009460,2025-10-07,3,1382.03,85,2,2,2,Hibernating
U009461,2025-10-06,5,2587.23,86,2,4,3,Loyal
U009462,2025-12-08,4,2410.3,23,4,3,3,Potential Loyalists
U009463,2025-10-23,3,2433.4,69,2,2,3,Hibernating
U009464,2025-09-16,1,584.17,106,2,1,1,Hibernating
U009465,2025-06-22,4,2352.59,192,1,3,3,At Risk
U009466,2025-11-10,9,7067.849999999999,51,3,5,5,Loyal
U009467,2025-10-18,6,2931.88,74,2,4,3,Loyal
U009468,2025-12-16,15,6835.82,15,5,5,5,Champions
U009469,2025-09-24,5,2385.56,98,2,4,3,Loyal
U009470,2025-10-02,5,2692.34,90,2,4,3,Loyal
U009471,2025-11-23,4,2054.31,38,3,3,2,Potential Loyalists
U009472,2025-12-29,7,4638.5599999999995,2,5,4,4,Champions
U009473,2025-07-16,2,1122.76,168,1,2,1,Hibernating
U009474,2025-10-18,4,1730.52,74,2,3,2,At Risk
U009475,2025-12-13,10,7400.81,18,4,5,5,Champions
U009476,2025-08-26,4,1952.26,127,2,3,2,At Risk
U009477,2025-11-12,4,2584.67,49,3,3,3,Potential Loyalists
U009478,2025-12-11,8,5780.95,20,4,5,5,Champions
U009479,2025-11-28,5,3321.21,33,4,4,4,Champions
U009480,2025-09-23,7,5224.05,99,2,4,5,Loyal
U009481,2025-10-11,3,1534.69,81,2,2,2,Hibernating
U009482,2025-04-06,1,564.4,269,1,1,1,Hibernating
U009484,2025-12-27,5,2455.5299999999997,4,5,4,3,Champions
U009486,2025-12-22,4,2014.93,9,5,3,2,Potential Loyalists
U009487,2025-05-15,3,2856.84,230,1,2,3,Hibernating
U009488,2025-11-13,1,350.75,48,3,1,1,Potential Loyalists
U009489,2025-10-17,3,1550.37,75,2,2,2,Hibernating
U009490,2025-12-13,2,1269.51,18,4,2,2,New & Promising
U009491,2025-11-17,8,3068.69,44,3,5,3,Loyal
U009492,2025-09-06,3,963.95,116,2,2,1,Hibernating
U009493,2025-11-16,1,1592.35,45,3,1,2,Potential Loyalists
U009494,2025-10-27,10,3525.18,65,3,5,4,Loyal
U009496,2025-07-11,2,800.25,173,1,2,1,Hibernating
U009497,2025-11-21,7,2617.82,40,3,4,3,Loyal
U009498,2025-08-09,2,1402.96,144,1,2,2,Hibernating
U009499,2025-12-18,5,3211.83,13,5,4,4,Champions
U009500,2025-09-25,8,3434.66,97,2,5,4,Loyal
U009501,2025-12-20,2,1291.17,11,5,2,2,New & Promising
U009502,2025-10-14,3,1635.78,78,2,2,2,Hibernating
U009503,2025-10-08,1,1637.17,84,2,1,2,Hibernating
U009504,2025-09-29,3,3097.53,93,2,2,3,Hibernating
U009505,2025-12-28,8,6763.14,3,5,5,5,Champions
U009506,2025-12-28,5,2402.9300000000003,3,5,4,3,Champions
U009507,2025-12-23,11,5836.56,8,5,5,5,Champions
U009509,2025-12-28,6,2574.17,3,5,4,3,Champions
U009510,2025-11-22,7,3310.35,39,3,4,4,Loyal
U009511,2025-11-22,3,1067.42,39,3,2,1,Potential Loyalists
U009512,2025-09-13,1,900.1,109,2,1,1,Hibernating
U009513,2025-12-11,8,4116.47,20,4,5,4,Champions
U009514,2025-09-04,2,922.5699999999999,118,2,2,1,Hibernating
U009516,2025-11-28,3,1774.95,33,4,2,2,New & Promising
U009517,2025-11-28,5,3051.42,33,4,4,3,Champions
U009518,2025-12-16,3,1203.83,15,5,2,2,New & Promising
U009519,2025-12-20,4,1254.39,11,5,3,2,Potential Loyalists
U009520,2025-10-07,4,3945.92,85,2,3,4,At Risk
U009521,2025-08-27,6,3179.5099999999998,126,2,4,3,Loyal
U009522,2025-12-02,3,2853.28,29,4,2,3,New & Promising
U009523,2025-07-20,2,743.04,164,1,2,1,Hibernating
U009524,2025-11-05,6,3002.86,56,3,4,3,Loyal
U009525,2025-10-09,3,4587.97,83,2,2,4,Hibernating
U009526,2025-04-30,2,949.01,245,1,2,1,Hibernating
U009527,2025-11-02,8,3220.37,59,3,5,4,Loyal
U009528,2025-08-14,2,1628.19,139,1,2,2,Hibernating
U009529,2025-12-02,7,5087.02,29,4,4,5,Champions
U009530,2025-10-26,5,1996.85,66,3,4,2,Loyal
U009531,2025-11-23,9,6844.68,38,3,5,5,Loyal
U009532,2025-11-14,2,1580.78,47,3,2,2,Potential Loyalists
U009533,2025-10-19,7,4988.91,73,2,4,5,Loyal
U009534,2025-12-27,3,2940.58,4,5,2,3,New & Promising
U009535,2025-12-16,5,3260.0,15,5,4,4,Champions
U009536,2025-07-05,5,4125.33,179,1,4,4,Loyal
U009537,2025-11-27,10,5363.71,34,4,5,5,Champions
U009538,2025-08-13,2,3398.2200000000003,140,1,2,4,Hibernating
U009539,2025-06-17,2,1517.97,197,1,2,2,Hibernating
U009540,2025-12-18,2,537.47,13,5,2,1,New & Promising
U009541,2025-11-30,2,502.0,31,4,2,1,New & Promising
U009542,2025-11-25,6,3851.3399999999997,36,4,4,4,Champions
U009543,2025-11-26,8,4483.71,35,4,5,4,Champions
U009544,2025-10-22,1,1150.78,70,2,1,1,Hibernating
U009545,2025-10-26,2,1609.2,66,3,2,2,Potential Loyalists
U009546,2025-12-13,1,1217.02,18,4,1,2,New & Promising
U009547,2025-11-18,2,1340.72,43,3,2,2,Potential Loyalists
U009548,2025-10-29,6,3805.67,63,3,4,4,Loyal
U009549,2025-06-21,3,2078.77,193,1,2,2,Hibernating
U009550,2025-10-24,4,1779.19,68,2,3,2,At Risk
U009551,2025-11-03,3,2238.0699999999997,58,3,2,3,Potential Loyalists
U009552,2025-10-12,4,1215.23,80,2,3,2,At Risk
U009553,2025-09-27,5,3567.33,95,2,4,4,Loyal
U009554,2025-11-18,5,2875.62,43,3,4,3,Loyal
U009555,2025-11-20,1,276.7,41,3,1,1,Potential Loyalists
U009556,2025-08-26,4,2295.87,127,2,3,3,At Risk
U009557,2025-11-26,4,1436.54,35,4,3,2,Potential Loyalists
U009558,2025-01-26,1,484.52,339,1,1,1,Hibernating
U009560,2025-11-17,7,6656.23,44,3,4,5,Loyal
U009562,2025-12-04,13,6936.59,27,4,5,5,Champions
U009563,2025-06-18,1,530.92,196,1,1,1,Hibernating
U009564,2025-12-09,6,3629.33,22,4,4,4,Champions
U009565,2025-01-27,1,679.17,338,1,1,1,Hibernating
U009567,2025-10-01,2,605.5699999999999,91,2,2,1,Hibernating
U009568,2025-09-15,10,7017.65,107,2,5,5,Loyal
U009569,2025-12-15,3,2687.52,16,5,2,3,New & Promising
U009570,2025-11-20,3,1833.6299999999999,41,3,2,2,Potential Loyalists
U009571,2025-11-10,2,1255.19,51,3,2,2,Potential Loyalists
U009572,2025-08-17,2,646.13,136,1,2,1,Hibernating
U009573,2025-05-06,2,746.46,239,1,2,1,Hibernating
U009574,2025-10-22,3,1202.96,70,2,2,2,Hibernating
U009575,2025-11-10,5,5205.63,51,3,4,5,Loyal
U009576,2025-12-11,4,4331.59,20,4,3,4,Potential Loyalists
U009577,2025-09-12,7,4328.04,110,2,4,4,Loyal
U009578,2025-12-22,6,3147.81,9,5,4,3,Champions
U009579,2025-12-01,13,7309.23,30,4,5,5,Champions
U009580,2025-09-26,3,1616.93,96,2,2,2,Hibernating
U009581,2025-08-01,1,204.87,152,1,1,1,Hibernating
U009582,2025-12-03,5,1971.19,28,4,4,2,Champions
U009583,2025-08-06,2,1210.6599999999999,147,1,2,2,Hibernating
U009584,2025-10-15,4,3426.6,77,2,3,4,At Risk
U009585,2025-12-11,7,5956.22,20,4,4,5,Champions
U009586,2025-07-25,8,5907.1,159,1,5,5,Loyal
U009587,2025-12-30,6,2195.81,1,5,4,3,Champions
U009588,2025-12-22,7,3648.64,9,5,4,4,Champions
U009589,2025-09-29,2,496.47,93,2,2,1,Hibernating
U009590,2025-09-12,4,2325.73,110,2,3,3,At Risk
U009591,2025-06-12,4,3200.2400000000002,202,1,3,4,At Risk
U009592,2025-10-25,2,1056.86,67,2,2,1,Hibernating
U009593,2025-09-30,12,8724.69,92,2,5,5,Loyal
U009594,2025-04-16,3,1015.9200000000001,259,1,2,1,Hibernating
U009595,2025-12-31,7,4199.3099999999995,0,5,4,4,Champions
U009596,2025-11-27,6,4423.6,34,4,4,4,Champions
U009597,2025-12-04,4,2086.6800000000003,27,4,3,2,Potential Loyalists
U009598,2025-10-08,6,4047.67,84,2,4,4,Loyal
U009599,2025-11-04,11,5549.5599999999995,57,3,5,5,Loyal
U009601,2025-01-14,1,491.51,351,1,1,1,Hibernating
U009602,2025-11-18,7,2765.58,43,3,4,3,Loyal
U009603,2025-06-17,2,1166.07,197,1,2,1,Hibernating
U009604,2025-10-02,3,5333.43,90,2,2,5,Hibernating
U009605,2025-11-01,6,3255.65,60,3,4,4,Loyal
U009606,2025-12-13,3,2353.67,18,4,2,3,New & Promising
U009607,2025-10-11,3,2045.4,81,2,2,2,Hibernating
U009608,2025-12-03,5,4379.7699999999995,28,4,4,4,Champions
U009609,2025-11-17,3,2159.13,44,3,2,3,Potential Loyalists
U009610,2025-09-28,6,3914.06,94,2,4,4,Loyal
U009611,2025-12-13,2,458.5,18,4,2,1,New & Promising
U009612,2025-12-07,4,3816.88,24,4,3,4,Potential Loyalists
U009613,2025-11-23,3,1215.93,38,3,2,2,Potential Loyalists
U009614,2025-11-25,4,1768.98,36,4,3,2,Potential Loyalists
U009615,2025-12-12,7,3931.0299999999997,19,4,4,4,Champions
U009616,2025-06-22,2,2175.69,192,1,2,3,Hibernating
U009617,2025-12-23,8,4306.5199999999995,8,5,5,4,Champions
U009618,2025-12-14,3,1592.4299999999998,17,5,2,2,New & Promising
U009619,2025-12-27,11,5778.63,4,5,5,5,Champions
U009620,2025-03-11,1,534.27,295,1,1,1,Hibernating
U009621,2025-12-17,2,2003.15,14,5,2,2,New & Promising
U009623,2025-10-17,4,1929.4699999999998,75,2,3,2,At Risk
U009624,2025-09-24,6,2895.31,98,2,4,3,Loyal
U009625,2025-12-13,2,1083.52,18,4,2,1,New & Promising
U009626,2025-06-08,3,1531.3700000000001,206,1,2,2,Hibernating
U009627,2025-08-01,2,615.87,152,1,2,1,Hibernating
U009628,2025-06-21,6,5565.25,193,1,4,5,Loyal
U009630,2025-09-02,2,686.53,120,2,2,1,Hibernating
U009631,2025-02-24,2,687.39,310,1,2,1,Hibernating
U009632,2025-11-17,9,4210.83,44,3,5,4,Loyal
U009633,2025-11-05,2,476.53,56,3,2,1,Potential Loyalists
U009636,2025-11-24,5,3826.69,37,3,4,4,Loyal
U009637,2025-08-22,6,3387.16,131,1,4,4,Loyal
U009638,2025-07-23,4,1117.5,161,1,3,1,At Risk
U009639,2025-11-21,2,541.01,40,3,2,1,Potential Loyalists
U009640,2025-12-06,4,1972.08,25,4,3,2,Potential Loyalists
U009641,2025-06-22,4,1883.99,192,1,3,2,At Risk
U009642,2025-11-26,2,1466.1,35,4,2,2,New & Promising
U009643,2025-12-29,7,3623.7000000000003,2,5,4,4,Champions
U009644,2025-11-12,11,6820.67,49,3,5,5,Loyal
U009645,2025-12-25,5,2816.0,6,5,4,3,Champions
U009646,2025-10-04,1,461.59,88,2,1,1,Hibernating
U009647,2025-12-31,3,2015.2099999999998,0,5,2,2,New & Promising
U009648,2025-09-21,4,2106.04,101,2,3,2,At Risk
U009649,2025-12-02,10,6864.31,29,4,5,5,Champions
U009650,2025-10-16,5,2661.45,76,2,4,3,Loyal
U009651,2025-10-24,3,2079.06,68,2,2,2,Hibernating
U009652,2025-12-19,7,4251.91,12,5,4,4,Champions
U009654,2025-12-22,6,2811.39,9,5,4,3,Champions
U009655,2025-09-15,4,2016.66,107,2,3,2,At Risk
U009656,2025-12-06,6,3317.14,25,4,4,4,Champions
U009657,2025-11-10,4,3450.63,51,3,3,4,Potential Loyalists
U009659,2025-03-19,2,5742.59,287,1,2,5,Hibernating
U009660,2025-09-23,2,1021.0799999999999,99,2,2,1,Hibernating
U009661,2025-11-27,6,5066.32,34,4,4,5,Champions
U009662,2025-12-24,7,3467.42,7,5,4,4,Champions
U009663,2025-12-08,10,3953.31,23,4,5,4,Champions
U009665,2025-11-22,4,2381.24,39,3,3,3,Potential Loyalists
U009666,2025-12-19,9,4019.63,12,5,5,4,Champions
U009667,2025-06-11,2,692.38,203,1,2,1,Hibernating
U009668,2025-11-05,4,3108.8399999999997,56,3,3,3,Potential Loyalists
U009669,2025-05-31,1,767.04,214,1,1,1,Hibernating
U009670,2025-11-19,7,3326.09,42,3,4,4,Loyal
U009671,2025-07-25,5,1870.4899999999998,159,1,4,2,Loyal
U009672,2025-12-20,3,1086.25,11,5,2,1,New & Promising
U009673,2025-11-13,2,1068.73,48,3,2,1,Potential Loyalists
U009674,2025-12-12,6,4505.35,19,4,4,4,Champions
U009675,2025-12-04,1,112.9,27,4,1,1,New & Promising
U009676,2025-10-31,4,2167.23,61,3,3,3,Potential Loyalists
U009678,2025-11-23,3,1600.12,38,3,2,2,Potential Loyalists
U009679,2025-12-16,2,598.13,15,5,2,1,New & Promising
U009680,2025-04-08,2,1388.8600000000001,267,1,2,2,Hibernating
U009681,2025-05-31,2,1076.02,214,1,2,1,Hibernating
U009682,2025-08-06,6,3183.68,147,1,4,3,Loyal
U009683,2025-08-24,5,2072.21,129,1,4,2,Loyal
U009685,2025-01-15,1,1219.16,350,1,1,2,Hibernating
U009686,2025-12-11,7,4553.4,20,4,4,4,Champions
U009687,2025-10-28,4,2718.64,64,3,3,3,Potential Loyalists
U009688,2025-12-28,5,1745.57,3,5,4,2,Champions
U009690,2025-12-13,4,3483.14,18,4,3,4,Potential Loyalists
U009691,2025-11-19,6,5663.95,42,3,4,5,Loyal
U009692,2025-05-05,1,1066.38,240,1,1,1,Hibernating
U009693,2025-05-31,5,2624.43,214,1,4,3,Loyal
U009694,2025-09-07,3,1771.5,115,2,2,2,Hibernating
U009696,2025-07-19,4,1444.27,165,1,3,2,At Risk
U009697,2025-10-20,10,6625.28,72,2,5,5,Loyal
U009698,2025-12-31,5,2035.31,0,5,4,2,Champions
U009699,2025-10-20,4,3456.0099999999998,72,2,3,4,At Risk
U009700,2025-11-17,8,3982.21,44,3,5,4,Loyal
U009701,2025-04-07,1,1289.86,268,1,1,2,Hibernating
U009702,2025-12-13,5,3335.94,18,4,4,4,Champions
U009703,2025-10-05,4,1164.65,87,2,3,1,At Risk
U009704,2025-12-01,2,1053.5900000000001,30,4,2,1,New & Promising
U009705,2025-12-12,6,3342.33,19,4,4,4,Champions
U009706,2025-02-10,1,231.36,324,1,1,1,Hibernating
U009707,2025-11-13,3,2253.5299999999997,48,3,2,3,Potential Loyalists
U009708,2025-12-12,5,3393.86,19,4,4,4,Champions
U009709,2025-11-09,3,1229.02,52,3,2,2,Potential Loyalists
U009710,2025-08-22,3,1051.32,131,1,2,1,Hibernating
U009711,2025-10-23,2,998.8,69,2,2,1,Hibernating
U009712,2025-11-25,2,1285.22,36,4,2,2,New & Promising
U009713,2025-12-12,9,4049.87,19,4,5,4,Champions
U009714,2025-12-15,8,7388.84,16,5,5,5,Champions
U009715,2025-12-03,7,3599.28,28,4,4,4,Champions
U009716,2025-08-07,2,1342.23,146,1,2,2,Hibernating
U009717,2025-06-19,3,1082.13,195,1,2,1,Hibernating
U009718,2025-09-25,6,7588.44,97,2,4,5,Loyal
U009719,2025-12-10,4,2772.54,21,4,3,3,Potential Loyalists
U009720,2025-12-07,6,3222.83,24,4,4,4,Champions
U009721,2025-09-07,6,3556.52,115,2,4,4,Loyal
U009722,2025-06-30,5,4003.83,184,1,4,4,Loyal
U009723,2025-12-01,7,3737.2,30,4,4,4,Champions
U009724,2025-11-01,3,1530.77,60,3,2,2,Potential Loyalists
U009725,2025-10-25,4,1453.59,67,2,3,2,At Risk
U009726,2025-06-07,2,1675.87,207,1,2,2,Hibernating
U009727,2025-09-10,7,3619.8,112,2,4,4,Loyal
U009728,2025-12-11,4,2457.44,20,4,3,3,Potential Loyalists
U009729,2025-03-09,1,244.73,297,1,1,1,Hibernating
U009730,2025-12-04,4,2483.13,27,4,3,3,Potential Loyalists
U009731,2025-12-08,11,7793.58,23,4,5,5,Champions
U009732,2025-12-20,12,6239.97,11,5,5,5,Champions
U009733,2025-05-18,2,1169.78,227,1,2,1,Hibernating
U009734,2025-07-13,3,2669.29,171,1,2,3,Hibernating
U009735,2025-12-04,4,2632.77,27,4,3,3,Potential Loyalists
U009736,2025-12-26,6,3342.0,5,5,4,4,Champions
U009737,2025-06-27,2,685.53,187,1,2,1,Hibernating
U009738,2025-08-20,8,3956.9700000000003,133,1,5,4,Loyal
U009739,2025-11-25,4,2692.96,36,4,3,3,Potential Loyalists
U009740,2025-11-29,4,2027.74,32,4,3,2,Potential Loyalists
U009741,2025-12-28,6,3972.38,3,5,4,4,Champions
U009742,2025-10-20,6,2319.94,72,2,4,3,Loyal
U009743,2025-12-25,7,2645.95,6,5,4,3,Champions
U009744,2025-10-04,7,3892.07,88,2,4,4,Loyal
U009745,2025-09-05,12,5456.36,117,2,5,5,Loyal
U009746,2025-12-13,5,4424.71,18,4,4,4,Champions
U009747,2025-10-25,5,2567.38,67,2,4,3,Loyal
U009748,2025-12-21,1,588.76,10,5,1,1,New & Promising
U009749,2025-09-20,4,1449.96,102,2,3,2,At Risk
U009750,2025-11-26,2,1935.9099999999999,35,4,2,2,New & Promising
U009751,2025-12-14,6,5432.75,17,5,4,5,Champions
U009752,2025-12-17,6,4716.57,14,5,4,4,Champions
U009754,2025-10-19,1,334.7,73,2,1,1,Hibernating
U009755,2025-12-30,9,8163.620000000001,1,5,5,5,Champions
U009756,2025-07-30,3,3731.96,154,1,2,4,Hibernating
U009757,2025-12-24,5,2294.33,7,5,4,3,Champions
U009758,2025-12-27,5,2246.36,4,5,4,3,Champions
U009759,2025-06-22,4,2181.75,192,1,3,3,At Risk
U009760,2025-10-27,2,779.8299999999999,65,3,2,1,Potential Loyalists
U009761,2025-11-22,4,2046.06,39,3,3,2,Potential Loyalists
U009762,2025-12-03,3,2384.48,28,4,2,3,New & Promising
U009763,2025-11-27,6,2634.77,34,4,4,3,Champions
U009764,2025-08-10,2,2207.12,143,1,2,3,Hibernating
U009765,2025-12-05,4,2015.57,26,4,3,2,Potential Loyalists
U009766,2025-12-19,3,1962.94,12,5,2,2,New & Promising
U009767,2025-08-03,5,2594.4700000000003,150,1,4,3,Loyal
U009768,2025-11-21,7,2580.9,40,3,4,3,Loyal
U009770,2025-09-05,1,734.71,117,2,1,1,Hibernating
U009771,2025-01-16,1,657.98,349,1,1,1,Hibernating
U009772,2025-11-10,6,6302.210000000001,51,3,4,5,Loyal
U009773,2025-11-25,10,11075.89,36,4,5,5,Champions
U009774,2025-11-28,4,2622.79,33,4,3,3,Potential Loyalists
U009775,2025-11-18,5,3578.2500000000005,43,3,4,4,Loyal
U009776,2025-12-14,7,4855.12,17,5,4,5,Champions
U009777,2025-12-30,9,4808.07,1,5,5,5,Champions
U009778,2025-12-17,8,7494.3,14,5,5,5,Champions
U009779,2025-11-03,7,6438.24,58,3,4,5,Loyal
U009780,2025-12-22,8,2779.4700000000003,9,5,5,3,Champions
U009781,2025-11-27,1,701.49,34,4,1,1,New & Promising
U009782,2025-12-26,3,2750.08,5,5,2,3,New & Promising
U009783,2025-11-08,3,1295.3799999999999,53,3,2,2,Potential Loyalists
U009784,2025-12-08,9,5380.57,23,4,5,5,Champions
U009785,2025-11-19,6,3566.76,42,3,4,4,Loyal
U009786,2025-07-23,3,1798.65,161,1,2,2,Hibernating
U009787,2025-11-01,3,2154.43,60,3,2,3,Potential Loyalists
U009788,2025-11-11,11,8433.19,50,3,5,5,Loyal
U009789,2025-09-16,6,2671.1899999999996,106,2,4,3,Loyal
U009790,2025-10-18,4,3263.26,74,2,3,4,At Risk
U009791,2025-08-19,2,1523.06,134,1,2,2,Hibernating
U009793,2025-11-24,6,2818.79,37,3,4,3,Loyal
U009796,2025-01-30,1,472.7,335,1,1,1,Hibernating
U009797,2025-12-09,7,4233.53,22,4,4,4,Champions
U009798,2025-09-19,10,6769.469999999999,103,2,5,5,Loyal
U009799,2025-12-30,3,2666.76,1,5,2,3,New & Promising
U009800,2025-04-05,3,609.21,270,1,2,1,Hibernating
U009801,2025-08-20,5,2509.9,133,1,4,3,Loyal
U009802,2025-12-11,7,4295.66,20,4,4,4,Champions
U009803,2025-09-12,2,1825.94,110,2,2,2,Hibernating
U009804,2025-11-22,8,4804.67,39,3,5,5,Loyal
U009805,2025-11-15,5,2494.99,46,3,4,3,Loyal
U009806,2025-11-23,8,5396.12,38,3,5,5,Loyal
U009807,2025-12-17,5,2378.6099999999997,14,5,4,3,Champions
U009808,2025-09-25,1,1148.62,97,2,1,1,Hibernating
U009809,2025-12-30,4,2944.75,1,5,3,3,Potential Loyalists
U009810,2025-04-09,1,852.7,266,1,1,1,Hibernating
U009811,2025-09-27,3,2093.01,95,2,2,2,Hibernating
U009812,2025-12-21,9,7505.21,10,5,5,5,Champions
U009813,2025-07-14,3,3593.31,170,1,2,4,Hibernating
U009814,2025-12-17,13,8593.66,14,5,5,5,Champions
U009815,2025-11-10,3,1554.19,51,3,2,2,Potential Loyalists
U009817,2025-04-01,2,2617.42,274,1,2,3,Hibernating
U009818,2025-11-16,6,3310.14,45,3,4,4,Loyal
U009819,2025-10-02,4,3560.73,90,2,3,4,At Risk
U009821,2025-11-12,7,2105.25,49,3,5,2,Loyal
U009822,2025-12-09,6,3625.25,22,4,4,4,Champions
U009823,2025-12-12,3,2070.61,19,4,2,2,New & Promising
U009824,2025-10-11,3,1200.7800000000002,81,2,2,2,Hibernating
U009825,2025-10-24,6,3719.25,68,2,4,4,Loyal
U009826,2025-11-25,3,919.9100000000001,36,4,2,1,New & Promising
U009827,2025-12-18,13,8197.94,13,5,5,5,Champions
U009828,2025-12-18,4,2408.61,13,5,3,3,Potential Loyalists
U009829,2025-11-26,3,2140.59,35,4,2,3,New & Promising
U009830,2025-08-07,3,1978.0100000000002,146,1,2,2,Hibernating
U009832,2025-06-21,3,917.69,193,1,2,1,Hibernating
U009833,2025-11-15,6,1955.08,46,3,4,2,Loyal
U009834,2025-12-08,8,5310.81,23,4,5,5,Champions
U009835,2025-12-30,9,6660.5199999999995,1,5,5,5,Champions
U009836,2025-12-31,12,7511.12,0,5,5,5,Champions
U009837,2025-12-10,3,1688.84,21,4,2,2,New & Promising
U009838,2025-12-06,4,3688.64,25,4,3,4,Potential Loyalists
U009839,2025-11-21,6,6420.12,40,3,4,5,Loyal
U009841,2025-07-28,2,2783.96,156,1,2,3,Hibernating
U009843,2025-01-29,1,498.4,336,1,1,1,Hibernating
U009844,2025-12-02,9,8856.5,29,4,5,5,Champions
U009845,2025-11-17,6,2061.3,44,3,4,2,Loyal
U009846,2025-12-12,4,1070.38,19,4,3,1,Potential Loyalists
U009847,2025-12-27,7,3892.4500000000003,4,5,5,4,Champions
U009848,2025-12-01,2,2472.77,30,4,2,3,New & Promising
U009849,2025-10-14,4,1807.18,78,2,3,2,At Risk
U009850,2025-12-24,11,6334.89,7,5,5,5,Champions
U009851,2025-08-15,1,400.53,138,1,1,1,Hibernating
U009852,2025-12-11,2,1498.94,20,4,2,2,New & Promising
U009853,2025-08-13,1,631.03,140,1,1,1,Hibernating
U009854,2025-08-16,1,322.63,137,1,1,1,Hibernating
U009855,2025-07-24,1,483.41,160,1,1,1,Hibernating
U009856,2025-05-24,1,495.82,221,1,1,1,Hibernating
U009857,2025-02-16,1,256.86,318,1,1,1,Hibernating
U009858,2025-12-12,3,1012.11,19,4,2,1,New & Promising
U009859,2025-07-11,1,849.21,173,1,1,1,Hibernating
U009860,2025-08-08,2,1457.52,145,1,2,2,Hibernating
U009861,2025-10-07,2,1320.12,85,2,2,2,Hibernating
U009862,2025-11-30,5,4543.83,31,4,4,4,Champions
U009863,2025-10-11,6,4931.96,81,2,4,5,Loyal
U009864,2025-12-11,3,1601.67,20,4,2,2,New & Promising
U009865,2025-11-02,3,2208.1,59,3,2,3,Potential Loyalists
U009866,2025-12-30,5,2907.84,1,5,4,3,Champions
U009867,2025-11-14,7,3262.73,47,3,5,4,Loyal
U009868,2025-06-18,2,992.0,196,1,2,1,Hibernating
U009869,2025-12-11,3,899.4300000000001,20,4,2,1,New & Promising
U009870,2025-11-10,3,1042.75,51,3,2,1,Potential Loyalists
U009871,2025-09-17,1,679.19,105,2,1,1,Hibernating
U009872,2025-12-27,5,1920.38,4,5,4,2,Champions
U009873,2025-12-13,10,7172.52,18,4,5,5,Champions
U009874,2025-08-13,1,1100.73,140,1,1,1,Hibernating
U009875,2025-09-16,7,4006.68,106,2,5,4,Loyal
U009876,2025-11-15,1,471.2,46,3,1,1,Potential Loyalists
U009877,2025-11-27,9,4572.87,34,4,5,4,Champions
U009878,2025-11-07,4,2137.84,54,3,3,3,Potential Loyalists
U009879,2025-12-30,14,9685.13,1,5,5,5,Champions
U009880,2025-12-15,3,970.15,16,5,2,1,New & Promising
U009881,2025-08-04,4,2375.4300000000003,149,1,3,3,At Risk
U009882,2025-11-23,8,4371.93,38,3,5,4,Loyal
U009883,2025-11-22,4,5149.15,39,3,3,5,Potential Loyalists
U009885,2025-10-01,6,3332.59,91,2,4,4,Loyal
U009886,2025-10-01,2,973.16,91,2,2,1,Hibernating
U009887,2025-11-09,3,1279.79,52,3,2,2,Potential Loyalists
U009888,2025-12-22,5,2005.5400000000002,9,5,4,2,Champions
U009889,2025-11-11,12,7221.2,50,3,5,5,Loyal
U009891,2025-10-25,1,472.38,67,2,1,1,Hibernating
U009892,2025-11-28,8,3081.42,33,4,5,3,Champions
U009893,2025-12-11,6,6158.469999999999,20,4,4,5,Champions
U009894,2025-12-07,14,6995.4,24,4,5,5,Champions
U009895,2025-10-25,4,2309.06,67,2,3,3,At Risk
U009896,2025-10-13,4,2630.47,79,2,3,3,At Risk
U009897,2025-10-10,2,592.53,82,2,2,1,Hibernating
U009898,2025-03-08,1,324.38,298,1,1,1,Hibernating
U009899,2025-07-30,1,402.0,154,1,1,1,Hibernating
U009900,2025-10-31,10,4762.87,61,3,5,5,Loyal
U009901,2025-07-01,2,1198.42,183,1,2,2,Hibernating
U009902,2025-12-13,2,1565.54,18,4,2,2,New & Promising
U009903,2025-11-02,4,1931.55,59,3,3,2,Potential Loyalists
U009904,2025-12-22,1,398.5,9,5,1,1,New & Promising
U009905,2025-10-17,1,183.28,75,2,1,1,Hibernating
U009906,2025-12-07,10,7669.139999999999,24,4,5,5,Champions
U009907,2025-11-08,4,3369.17,53,3,3,4,Potential Loyalists
U009908,2025-09-10,2,1609.72,112,2,2,2,Hibernating
U009909,2025-10-22,2,666.51,70,2,2,1,Hibernating
U009910,2025-12-19,6,4641.92,12,5,4,4,Champions
U009911,2025-12-08,5,2675.34,23,4,4,3,Champions
U009912,2025-11-15,6,4378.7,46,3,4,4,Loyal
U009913,2025-10-16,3,1831.6399999999999,76,2,2,2,Hibernating
U009914,2025-09-09,2,1894.6399999999999,113,2,2,2,Hibernating
U009915,2025-12-29,9,7544.929999999999,2,5,5,5,Champions
U009916,2025-09-23,4,1495.73,99,2,3,2,At Risk
U009917,2025-04-27,1,331.99,248,1,1,1,Hibernating
U009918,2025-11-04,11,6881.53,57,3,5,5,Loyal
U009919,2025-10-31,8,3971.08,61,3,5,4,Loyal
U009920,2025-12-09,7,4038.35,22,4,5,4,Champions
U009921,2025-08-30,6,3557.45,123,2,4,4,Loyal
U009922,2025-05-23,2,1251.96,222,1,2,2,Hibernating
U009923,2025-11-23,2,1239.94,38,3,2,2,Potential Loyalists
U009924,2025-08-01,3,2972.83,152,1,2,3,Hibernating
U009925,2025-12-11,2,522.19,20,4,2,1,New & Promising
U009926,2025-11-12,7,3323.43,49,3,5,4,Loyal
U009927,2025-10-27,9,4621.97,65,3,5,4,Loyal
U009928,2025-11-10,2,576.71,51,3,2,1,Potential Loyalists
U009929,2025-12-16,2,2589.0299999999997,15,5,2,3,New & Promising
U009930,2025-11-07,6,2429.53,54,3,4,3,Loyal
U009931,2025-07-12,1,322.43,172,1,1,1,Hibernating
U009932,2025-08-25,2,857.5799999999999,128,2,2,1,Hibernating
U009933,2025-09-24,3,1581.95,98,2,2,2,Hibernating
U009934,2025-12-16,11,7838.929999999999,15,5,5,5,Champions
U009935,2025-06-11,5,2257.95,203,1,4,3,Loyal
U009936,2025-10-07,3,1007.04,85,2,2,1,Hibernating
U009937,2025-12-27,7,6091.43,4,5,5,5,Champions
U009938,2025-11-22,7,3007.39,39,3,5,3,Loyal
U009939,2025-06-07,2,1070.03,207,1,2,1,Hibernating
U009940,2025-06-22,2,1480.14,192,1,2,2,Hibernating
U009941,2025-09-21,2,1124.24,101,2,2,1,Hibernating
U009942,2025-12-07,7,6080.2699999999995,24,4,5,5,Champions
U009943,2025-12-31,12,12426.51,0,5,5,5,Champions
U009944,2025-04-16,2,1125.82,259,1,2,1,Hibernating
U009945,2025-10-19,2,925.45,73,2,2,1,Hibernating
U009946,2025-12-27,5,3345.07,4,5,4,4,Champions
U009947,2025-10-04,7,6434.33,88,2,5,5,Loyal
U009948,2025-06-14,4,4324.94,200,1,3,4,At Risk
U009950,2025-09-10,4,1926.87,112,2,3,2,At Risk
U009952,2025-10-27,5,4060.73,65,3,4,4,Loyal
U009953,2025-05-02,6,3346.77,243,1,4,4,Loyal
U009955,2025-12-27,11,3915.2200000000003,4,5,5,4,Champions
U009956,2025-12-13,6,6634.150000000001,18,4,4,5,Champions
U009957,2025-09-22,4,4409.46,100,2,3,4,At Risk
U009958,2025-12-10,8,8559.15,21,4,5,5,Champions
U009959,2025-05-17,4,2739.19,228,1,3,3,At Risk
U009960,2025-12-11,7,6883.23,20,4,5,5,Champions
U009961,2025-12-10,7,4212.139999999999,21,4,5,4,Champions
U009962,2025-12-21,11,6186.48,10,5,5,5,Champions
U009963,2025-10-09,2,1163.42,83,2,2,1,Hibernating
U009964,2025-10-30,4,1710.59,62,3,3,2,Potential Loyalists
U009965,2025-11-18,10,5439.34,43,3,5,5,Loyal
U009966,2025-12-03,5,2790.93,28,4,4,3,Champions
U009967,2025-12-09,13,8945.81,22,4,5,5,Champions
U009969,2025-09-07,8,11065.61,115,2,5,5,Loyal
U009970,2025-12-29,7,4032.2799999999997,2,5,5,4,Champions
U009971,2025-11-13,9,4606.68,48,3,5,4,Loyal
U009972,2025-11-16,4,3012.31,45,3,3,3,Potential Loyalists
U009973,2025-08-29,3,2527.06,124,2,2,3,Hibernating
U009974,2025-07-06,5,5159.66,178,1,4,5,Loyal
U009975,2025-10-02,2,2907.67,90,2,2,3,Hibernating
U009976,2025-10-04,5,4101.2,88,2,4,4,Loyal
U009977,2025-05-20,1,1481.17,225,1,1,2,Hibernating
U009978,2025-04-25,1,633.0,250,1,1,1,Hibernating
U009979,2025-09-11,2,789.48,111,2,2,1,Hibernating
U009980,2025-10-14,6,5546.94,78,2,4,5,Loyal
U009981,2025-10-26,7,3480.34,66,3,5,4,Loyal
U009982,2025-11-12,8,4551.650000000001,49,3,5,4,Loyal
U009983,2025-10-03,5,2830.85,89,2,4,3,Loyal
U009984,2025-10-22,5,3130.81,70,2,4,3,Loyal
U009985,2025-12-31,7,3554.62,0,5,5,4,Champions
U009986,2025-11-21,7,3255.36,40,3,5,4,Loyal
U009987,2025-09-25,5,3527.23,97,2,4,4,Loyal
U009988,2025-07-18,1,1853.33,166,1,1,2,Hibernating
U009989,2025-11-21,4,1913.1,40,3,3,2,Potential Loyalists
U009990,2025-12-01,3,898.1600000000001,30,4,2,1,New & Promising
U009991,2025-12-12,11,8477.75,19,4,5,5,Champions
U009992,2025-11-15,5,3662.11,46,3,4,4,Loyal
U009993,2025-11-05,10,4618.18,56,3,5,4,Loyal
U009994,2025-08-17,2,1161.54,136,1,2,1,Hibernating
U009995,2025-11-07,5,3258.83,54,3,4,4,Loyal
U009996,2025-08-31,2,3243.3100000000004,122,2,2,4,Hibernating
U009997,2025-09-13,3,1597.05,109,2,2,2,Hibernating
U009998,2025-11-26,10,5073.79,35,4,5,5,Champions
U009999,2025-08-23,4,1673.44,130,1,3,2,At Risk
U010001,2025-12-02,4,2181.3199999999997,29,4,3,3,Potential Loyalists
U010002,2025-12-04,5,1644.73,27,4,4,2,Champions
U010003,2025-10-21,3,943.21,71,2,2,1,Hibernating
U010004,2025-07-09,2,1766.74,175,1,2,2,Hibernating
U010005,2025-10-28,4,1985.8600000000001,64,3,3,2,Potential Loyalists
U010006,2025-10-25,3,2217.94,67,2,2,3,Hibernating
U010007,2025-11-24,11,7302.09,37,3,5,5,Loyal
U010008,2025-10-09,6,3280.1,83,2,4,4,Loyal
U010009,2025-11-10,5,5280.07,51,3,4,5,Loyal
U010010,2025-12-13,11,5270.5599999999995,18,4,5,5,Champions
U010011,2025-10-25,4,4868.639999999999,67,2,3,5,At Risk
U010012,2025-11-01,9,4946.62,60,3,5,5,Loyal
U010015,2025-04-09,1,288.43,266,1,1,1,Hibernating
U010016,2025-10-09,5,3087.52,83,2,4,3,Loyal
U010017,2025-11-12,3,2495.5,49,3,2,3,Potential Loyalists
U010018,2025-11-17,4,3115.1499999999996,44,3,3,3,Potential Loyalists
U010021,2025-11-13,3,649.76,48,3,2,1,Potential Loyalists
U010022,2025-03-08,1,1482.07,298,1,1,2,Hibernating
U010023,2025-11-07,2,1398.4499999999998,54,3,2,2,Potential Loyalists
U010024,2025-02-27,3,2032.7900000000002,307,1,2,2,Hibernating
U010025,2025-06-22,1,635.02,192,1,1,1,Hibernating
U010026,2025-09-26,1,1221.66,96,2,1,2,Hibernating
U010027,2025-11-28,5,2169.6,33,4,4,3,Champions
U010028,2025-07-20,1,339.11,164,1,1,1,Hibernating
U010029,2025-10-05,4,1403.15,87,2,3,2,At Risk
U010031,2025-12-21,9,5504.52,10,5,5,5,Champions
U010032,2025-11-07,4,2281.3,54,3,3,3,Potential Loyalists
U010033,2025-10-30,2,718.24,62,3,2,1,Potential Loyalists
U010034,2025-08-17,6,2239.08,136,1,4,3,Loyal
U010035,2025-08-17,7,5493.99,136,1,5,5,Loyal
U010036,2025-11-25,10,5111.68,36,4,5,5,Champions
U010037,2025-07-16,2,3093.69,168,1,2,3,Hibernating
U010038,2025-12-25,2,702.3299999999999,6,5,2,1,New & Promising
U010039,2025-08-05,9,5250.17,148,1,5,5,Loyal
U010040,2025-11-12,1,507.51,49,3,1,1,Potential Loyalists
U010041,2025-11-10,9,3660.3,51,3,5,4,Loyal
U010042,2025-09-19,3,1229.15,103,2,2,2,Hibernating
U010043,2025-12-11,12,8700.67,20,4,5,5,Champions
U010044,2025-09-03,2,2093.96,119,2,2,2,Hibernating
U010045,2025-11-19,6,2551.83,42,3,4,3,Loyal
U010046,2025-09-06,3,2224.81,116,2,2,3,Hibernating
U010047,2025-12-04,5,2585.75,27,4,4,3,Champions
U010048,2025-12-20,2,605.54,11,5,2,1,New & Promising
U010049,2025-12-12,2,931.38,19,4,2,1,New & Promising
U010050,2025-12-23,6,4438.89,8,5,4,4,Champions
U010051,2025-09-29,10,5918.5599999999995,93,2,5,5,Loyal
U010052,2025-12-23,2,1023.9300000000001,8,5,2,1,New & Promising
U010053,2025-09-02,4,4673.95,120,2,3,4,At Risk
U010054,2025-12-06,4,2406.92,25,4,3,3,Potential Loyalists
U010055,2025-07-07,4,2897.4,177,1,3,3,At Risk
U010056,2025-12-15,5,2807.8199999999997,16,5,4,3,Champions
U010057,2025-07-10,2,2505.68,174,1,2,3,Hibernating
U010058,2025-05-02,1,296.56,243,1,1,1,Hibernating
U010059,2025-06-06,1,125.44,208,1,1,1,Hibernating
U010060,2025-11-13,6,3019.63,48,3,4,3,Loyal
U010061,2025-12-07,3,1949.52,24,4,2,2,New & Promising
U010062,2025-11-15,5,2514.2799999999997,46,3,4,3,Loyal
U010063,2025-10-17,6,5205.56,75,2,4,5,Loyal
U010064,2025-04-14,1,279.42,261,1,1,1,Hibernating
U010065,2025-10-16,11,7499.07,76,2,5,5,Loyal
U010066,2025-07-28,3,1975.5,156,1,2,2,Hibernating
U010067,2025-12-05,4,1960.31,26,4,3,2,Potential Loyalists
U010068,2025-12-05,7,5782.0,26,4,5,5,Champions
U010069,2025-07-13,1,563.21,171,1,1,1,Hibernating
U010070,2025-10-12,2,854.74,80,2,2,1,Hibernating
U010071,2025-04-01,1,191.87,274,1,1,1,Hibernating
U010072,2025-06-03,3,1697.44,211,1,2,2,Hibernating
U010073,2025-11-15,5,3552.6499999999996,46,3,4,4,Loyal
U010074,2025-08-25,3,1191.84,128,2,2,2,Hibernating
U010075,2025-12-12,12,6659.48,19,4,5,5,Champions
U010076,2025-07-24,3,2008.83,160,1,2,2,Hibernating
U010077,2025-02-06,1,407.85,328,1,1,1,Hibernating
U010078,2025-10-28,7,2701.68,64,3,5,3,Loyal
U010079,2025-10-08,3,1571.08,84,2,2,2,Hibernating
U010080,2025-08-23,2,1292.73,130,1,2,2,Hibernating
U010082,2025-11-16,3,1360.42,45,3,2,2,Potential Loyalists
U010083,2025-08-29,2,2764.5299999999997,124,2,2,3,Hibernating
U010084,2025-10-12,12,7293.78,80,2,5,5,Loyal
U010085,2025-12-23,11,6661.93,8,5,5,5,Champions
U010086,2025-08-25,3,1252.62,128,2,2,2,Hibernating
U010087,2025-11-05,2,1874.87,56,3,2,2,Potential Loyalists
U010088,2025-12-04,4,2051.6,27,4,3,2,Potential Loyalists
U010089,2025-10-29,8,4389.59,63,3,5,4,Loyal
U010090,2025-10-31,3,1434.8600000000001,61,3,2,2,Potential Loyalists
U010091,2025-11-06,3,1350.55,55,3,2,2,Potential Loyalists
U010092,2025-12-29,8,5269.49,2,5,5,5,Champions
U010093,2025-11-13,6,5751.03,48,3,4,5,Loyal
U010094,2025-12-27,10,7637.43,4,5,5,5,Champions
U010095,2025-12-05,1,256.83,26,4,1,1,New & Promising
U010096,2025-12-08,5,2324.42,23,4,4,3,Champions
U010097,2025-11-23,9,4254.9400000000005,38,3,5,4,Loyal
U010098,2025-12-21,2,1598.6799999999998,10,5,2,2,New & Promising
U010099,2025-12-05,4,2093.11,26,4,3,2,Potential Loyalists
U010101,2025-12-03,4,2173.63,28,4,3,3,Potential Loyalists
U010102,2025-11-11,6,4610.21,50,3,4,4,Loyal
U010103,2025-11-14,3,997.78,47,3,2,1,Potential Loyalists
U010105,2025-05-20,1,516.34,225,1,1,1,Hibernating
U010106,2025-10-10,2,3829.6400000000003,82,2,2,4,Hibernating
U010107,2025-09-24,3,2926.84,98,2,2,3,Hibernating
U010108,2025-12-03,12,8287.09,28,4,5,5,Champions
U010109,2025-12-13,6,6830.63,18,4,4,5,Champions
U010110,2025-12-15,5,4892.650000000001,16,5,4,5,Champions
U010111,2025-12-20,8,3962.83,11,5,5,4,Champions
U010112,2025-12-06,11,7711.58,25,4,5,5,Champions
U010113,2025-06-09,3,2429.88,205,1,2,3,Hibernating
U010115,2025-06-16,1,427.59,198,1,1,1,Hibernating
U010116,2025-12-28,6,4221.679999999999,3,5,4,4,Champions
U010117,2025-11-07,4,1922.14,54,3,3,2,Potential Loyalists
U010118,2025-12-08,4,1826.6200000000001,23,4,3,2,Potential Loyalists
U010119,2025-12-12,9,5783.5199999999995,19,4,5,5,Champions
U010120,2025-04-26,3,1909.1,249,1,2,2,Hibernating
U010122,2025-10-07,4,1451.75,85,2,3,2,At Risk
U010123,2025-03-21,2,715.88,285,1,2,1,Hibernating
U010124,2025-12-30,8,4186.03,1,5,5,4,Champions
U010125,2025-09-04,3,1042.8600000000001,118,2,2,1,Hibernating
U010127,2025-12-14,8,5578.18,17,5,5,5,Champions
U010128,2025-12-20,7,5234.47,11,5,5,5,Champions
U010129,2025-08-05,4,3492.51,148,1,3,4,At Risk
U010130,2025-11-28,3,2671.8,33,4,2,3,New & Promising
U010131,2025-11-27,8,4450.04,34,4,5,4,Champions
U010132,2025-11-04,4,4574.45,57,3,3,4,Potential Loyalists
U010133,2025-12-19,8,3823.8799999999997,12,5,5,4,Champions
U010134,2025-06-23,1,558.17,191,1,1,1,Hibernating
U010135,2025-06-17,2,2635.3199999999997,197,1,2,3,Hibernating
U010136,2025-09-08,5,2777.77,114,2,4,3,Loyal
U010137,2025-09-15,2,1215.6399999999999,107,2,2,2,Hibernating
U010138,2025-11-11,7,3211.71,50,3,5,4,Loyal
U010139,2025-11-12,3,1637.19,49,3,2,2,Potential Loyalists
U010141,2025-12-09,12,8998.71,22,4,5,5,Champions
U010142,2025-05-04,2,915.02,241,1,2,1,Hibernating
U010143,2025-12-13,5,4314.33,18,4,4,4,Champions
U010144,2025-10-27,16,10636.83,65,3,5,5,Loyal
U010145,2025-12-28,7,4151.04,3,5,5,4,Champions
U010146,2025-06-16,2,989.8900000000001,198,1,2,1,Hibernating
U010147,2025-10-11,5,5307.0,81,2,4,5,Loyal
U010148,2025-12-31,4,3911.01,0,5,3,4,Potential Loyalists
U010149,2025-11-03,3,2667.07,58,3,2,3,Potential Loyalists
U010150,2025-11-14,10,3713.96,47,3,5,4,Loyal
U010151,2025-03-20,2,1275.61,286,1,2,2,Hibernating
U010152,2025-09-26,1,1085.06,96,2,1,1,Hibernating
U010153,2025-05-31,2,860.87,214,1,2,1,Hibernating
U010154,2025-09-12,4,2989.9,110,2,3,3,At Risk
U010155,2025-12-11,7,2578.37,20,4,5,3,Champions
U010156,2025-12-15,3,2558.86,16,5,2,3,New & Promising
U010157,2025-09-02,5,1776.6,120,2,4,2,Loyal
U010158,2025-11-04,4,2587.98,57,3,3,3,Potential Loyalists
U010159,2025-06-08,2,1026.32,206,1,2,1,Hibernating
U010160,2025-12-01,9,6205.99,30,4,5,5,Champions
U010161,2025-11-02,1,537.58,59,3,1,1,Potential Loyalists
U010162,2025-12-07,2,1026.22,24,4,2,1,New & Promising
U010163,2025-04-03,2,1090.63,272,1,2,1,Hibernating
U010165,2025-07-15,4,1622.6499999999999,169,1,3,2,At Risk
U010166,2025-12-13,2,916.21,18,4,2,1,New & Promising
U010167,2025-10-08,3,3773.31,84,2,2,4,Hibernating
U010168,2025-12-20,9,4208.84,11,5,5,4,Champions
U010169,2025-12-17,11,10885.34,14,5,5,5,Champions
U010170,2025-12-08,6,3507.82,23,4,4,4,Champions
U010171,2025-11-29,2,1031.45,32,4,2,1,New & Promising
U010172,2025-12-14,10,6148.219999999999,17,5,5,5,Champions
U010173,2025-11-09,2,844.1800000000001,52,3,2,1,Potential Loyalists
U010174,2025-12-20,4,2186.0,11,5,3,3,Potential Loyalists
U010175,2025-07-24,7,3935.05,160,1,5,4,Loyal
U010176,2025-11-06,7,4586.04,55,3,5,4,Loyal
U010177,2025-09-25,4,3092.4,97,2,3,3,At Risk
U010178,2025-12-26,6,3366.33,5,5,4,4,Champions
U010179,2025-12-13,4,2604.33,18,4,3,3,Potential Loyalists
U010180,2025-09-23,5,1599.9,99,2,4,2,Loyal
U010181,2025-12-11,6,5555.450000000001,20,4,4,5,Champions
U010182,2025-11-24,5,2217.4,37,3,4,3,Loyal
U010183,2025-11-10,6,3105.73,51,3,4,3,Loyal
U010184,2025-12-13,5,2078.75,18,4,4,2,Champions
U010185,2025-07-04,3,2749.19,180,1,2,3,Hibernating
U010186,2025-12-24,10,10247.16,7,5,5,5,Champions
U010187,2025-02-02,2,1079.0,332,1,2,1,Hibernating
U010188,2025-10-03,8,5711.8099999999995,89,2,5,5,Loyal
U010189,2025-11-10,10,4014.02,51,3,5,4,Loyal
U010190,2025-02-21,2,778.8,313,1,2,1,Hibernating
U010191,2025-11-15,2,1310.29,46,3,2,2,Potential Loyalists
U010192,2025-11-08,6,2197.87,53,3,4,3,Loyal
U010193,2025-09-21,2,689.02,101,2,2,1,Hibernating
U010194,2025-12-20,6,2481.71,11,5,4,3,Champions
U010195,2025-12-14,3,983.6600000000001,17,5,2,1,New & Promising
U010196,2025-12-20,14,8074.200000000001,11,5,5,5,Champions
U010197,2025-06-26,1,1078.15,188,1,1,1,Hibernating
U010198,2025-11-05,4,2317.7,56,3,3,3,Potential Loyalists
U010199,2025-09-14,6,2967.8199999999997,108,2,4,3,Loyal
U010200,2025-08-14,2,1143.99,139,1,2,1,Hibernating
U010201,2025-06-07,3,2294.27,207,1,2,3,Hibernating
U010202,2025-10-05,3,2804.91,87,2,2,3,Hibernating
U010203,2025-09-20,11,7145.12,102,2,5,5,Loyal
U010204,2025-12-30,4,3090.9,1,5,3,3,Potential Loyalists
U010205,2025-12-27,11,7611.57,4,5,5,5,Champions
U010206,2025-07-26,4,2448.33,158,1,3,3,At Risk
U010207,2025-05-26,3,949.88,219,1,2,1,Hibernating
U010208,2025-12-11,8,4653.03,20,4,5,4,Champions
U010209,2025-06-24,2,1216.69,190,1,2,2,Hibernating
U010210,2025-11-12,9,7898.33,49,3,5,5,Loyal
U010211,2025-12-23,8,3247.81,8,5,5,4,Champions
U010213,2025-12-20,3,2512.71,11,5,2,3,New & Promising
U010214,2025-10-08,8,6164.55,84,2,5,5,Loyal
U010215,2025-09-28,4,1589.97,94,2,3,2,At Risk
U010216,2025-11-07,5,4666.96,54,3,4,4,Loyal
U010217,2025-09-17,3,1152.99,105,2,2,1,Hibernating
U010219,2025-08-29,3,2546.94,124,2,2,3,Hibernating
U010220,2025-12-25,6,5557.09,6,5,4,5,Champions
U010221,2025-05-28,2,840.03,217,1,2,1,Hibernating
U010222,2025-08-07,3,1572.69,146,1,2,2,Hibernating
U010223,2025-12-13,5,2676.01,18,4,4,3,Champions
U010224,2025-05-19,1,718.35,226,1,1,1,Hibernating
U010225,2025-11-14,9,7051.38,47,3,5,5,Loyal
U010226,2025-06-23,4,1896.26,191,1,3,2,At Risk
U010227,2025-12-19,5,4042.1400000000003,12,5,4,4,Champions
U010228,2025-03-20,1,447.36,286,1,1,1,Hibernating
U010229,2025-05-31,3,1418.33,214,1,2,2,Hibernating
U010230,2025-12-07,10,5324.25,24,4,5,5,Champions
U010231,2025-07-16,1,846.22,168,1,1,1,Hibernating
U010232,2025-12-13,3,1899.94,18,4,2,2,New & Promising
U010233,2025-11-10,8,4142.38,51,3,5,4,Loyal
U010234,2025-10-04,4,1356.45,88,2,3,2,At Risk
U010235,2025-10-12,3,3459.53,80,2,2,4,Hibernating
U010237,2025-11-12,3,4400.65,49,3,2,4,Potential Loyalists
U010238,2025-09-30,4,1376.76,92,2,3,2,At Risk
U010239,2025-06-29,4,2202.71,185,1,3,3,At Risk
U010240,2025-12-20,8,3545.87,11,5,5,4,Champions
U010241,2025-08-14,3,1667.8400000000001,139,1,2,2,Hibernating
U010242,2025-12-13,6,4086.51,18,4,4,4,Champions
U010243,2025-12-20,5,3226.73,11,5,4,4,Champions
U010244,2025-09-09,4,1413.83,113,2,3,2,At Risk
U010245,2025-12-21,4,2060.49,10,5,3,2,Potential Loyalists
U010246,2025-12-24,13,7200.72,7,5,5,5,Champions
U010247,2025-09-22,1,726.38,100,2,1,1,Hibernating
U010248,2025-12-15,5,1369.75,16,5,4,2,Champions
U010249,2025-05-29,2,1466.76,216,1,2,2,Hibernating
U010250,2025-08-22,4,1661.16,131,1,3,2,At Risk
U010251,2025-09-03,7,3057.8,119,2,5,3,Loyal
U010252,2025-09-30,7,2345.6800000000003,92,2,5,3,Loyal
U010253,2025-10-27,5,1676.94,65,3,4,2,Loyal
U010254,2025-05-09,3,2191.18,236,1,2,3,Hibernating
U010255,2025-06-02,3,1166.04,212,1,2,1,Hibernating
U010256,2025-09-18,4,2376.5,104,2,3,3,At Risk
U010257,2025-10-23,6,3129.77,69,2,4,3,Loyal
U010258,2025-11-06,6,4929.04,55,3,4,5,Loyal
U010259,2025-12-29,11,5736.28,2,5,5,5,Champions
U010260,2025-08-08,5,2412.59,145,1,4,3,Loyal
U010261,2025-12-12,11,5673.93,19,4,5,5,Champions
U010262,2025-10-31,5,2224.42,61,3,4,3,Loyal
U010263,2025-08-07,5,2691.7200000000003,146,1,4,3,Loyal
U010264,2025-01-04,1,201.99,361,1,1,1,Hibernating
U010265,2025-09-22,6,4392.34,100,2,4,4,Loyal
U010266,2025-08-08,2,1078.02,145,1,2,1,Hibernating
U010267,2025-12-13,3,1963.27,18,4,2,2,New & Promising
U010268,2025-12-06,6,3259.96,25,4,4,4,Champions
U010269,2025-09-25,5,2824.56,97,2,4,3,Loyal
U010270,2025-11-11,7,3706.6400000000003,50,3,5,4,Loyal
U010272,2025-12-06,9,4227.23,25,4,5,4,Champions
U010273,2025-12-28,4,1895.45,3,5,3,2,Potential Loyalists
U010274,2025-08-08,3,1263.01,145,1,2,2,Hibernating
U010275,2025-12-02,6,3031.14,29,4,4,3,Champions
U010276,2025-10-25,1,478.47,67,2,1,1,Hibernating
U010277,2025-11-20,3,2410.0,41,3,2,3,Potential Loyalists
U010278,2025-10-28,3,2098.63,64,3,2,2,Potential Loyalists
U010279,2025-08-17,4,2756.2599999999998,136,1,3,3,At Risk
U010280,2025-04-19,2,830.1199999999999,256,1,2,1,Hibernating
U010281,2025-10-08,10,6634.13,84,2,5,5,Loyal
U010282,2025-12-01,5,3582.37,30,4,4,4,Champions
U010283,2025-10-10,4,1378.5500000000002,82,2,3,2,At Risk
U010284,2025-11-11,2,1507.71,50,3,2,2,Potential Loyalists
U010285,2025-12-30,6,4224.76,1,5,4,4,Champions
U010286,2025-11-29,10,5801.89,32,4,5,5,Champions
U010287,2025-11-30,5,2910.7,31,4,4,3,Champions
U010288,2025-12-26,11,6148.81,5,5,5,5,Champions
U010289,2025-09-10,6,6735.200000000001,112,2,4,5,Loyal
U010290,2025-11-26,6,4196.6900000000005,35,4,4,4,Champions
U010291,2025-10-16,7,6895.6,76,2,5,5,Loyal
U010292,2025-08-01,2,540.12,152,1,2,1,Hibernating
U010293,2025-05-19,3,3054.38,226,1,2,3,Hibernating
U010294,2025-10-19,5,2339.64,73,2,4,3,Loyal
U010295,2025-12-11,6,3862.1400000000003,20,4,4,4,Champions
U010296,2025-08-30,3,2379.83,123,2,2,3,Hibernating
U010297,2025-10-07,3,1358.76,85,2,2,2,Hibernating
U010298,2025-10-01,2,855.3100000000001,91,2,2,1,Hibernating
U010299,2025-12-13,2,692.8299999999999,18,4,2,1,New & Promising
U010300,2025-11-26,5,2098.29,35,4,4,2,Champions
U010301,2025-01-04,1,429.71,361,1,1,1,Hibernating
U010302,2025-10-17,3,1241.4,75,2,2,2,Hibernating
U010303,2025-12-17,7,5623.48,14,5,5,5,Champions
U010304,2025-12-27,13,8802.36,4,5,5,5,Champions
U010306,2025-12-12,3,1153.8000000000002,19,4,2,1,New & Promising
U010307,2025-03-23,2,936.44,283,1,2,1,Hibernating
U010308,2025-12-21,4,1371.0,10,5,3,2,Potential Loyalists
U010309,2025-11-17,2,1891.8600000000001,44,3,2,2,Potential Loyalists
U010310,2025-11-09,4,1954.3200000000002,52,3,3,2,Potential Loyalists
U010311,2025-11-30,5,2684.48,31,4,4,3,Champions
U010313,2025-10-26,3,5004.9400000000005,66,3,2,5,Potential Loyalists
U010314,2025-12-27,3,1282.38,4,5,2,2,New & Promising
U010316,2025-09-30,3,1510.92,92,2,2,2,Hibernating
U010317,2025-12-03,9,4819.87,28,4,5,5,Champions
U010318,2025-12-12,10,6361.43,19,4,5,5,Champions
U010319,2025-09-05,2,2554.51,117,2,2,3,Hibernating
U010320,2025-10-12,7,3939.81,80,2,5,4,Loyal
U010321,2025-10-08,3,3621.62,84,2,2,4,Hibernating
U010322,2025-12-25,9,4584.2,6,5,5,4,Champions
U010323,2025-12-06,6,6742.82,25,4,4,5,Champions
U010324,2025-09-09,5,3735.33,113,2,4,4,Loyal
U010325,2025-11-20,8,3465.62,41,3,5,4,Loyal
U010326,2025-11-09,5,2385.5,52,3,4,3,Loyal
U010327,2025-11-29,3,1425.38,32,4,2,2,New & Promising
U010328,2025-10-08,4,1956.1699999999998,84,2,3,2,At Risk
U010329,2025-11-19,6,1675.55,42,3,4,2,Loyal
U010330,2025-11-09,6,4591.7699999999995,52,3,4,4,Loyal
U010331,2025-07-19,3,2142.02,165,1,2,3,Hibernating
U010332,2025-10-17,2,2513.6800000000003,75,2,2,3,Hibernating
U010333,2025-04-22,2,647.5,253,1,2,1,Hibernating
U010334,2025-12-02,4,5534.299999999999,29,4,3,5,Potential Loyalists
U010335,2025-12-31,9,4546.43,0,5,5,4,Champions
U010336,2025-11-18,1,696.93,43,3,1,1,Potential Loyalists
U010337,2025-10-19,3,1113.2,73,2,2,1,Hibernating
U010338,2025-11-27,5,2524.27,34,4,4,3,Champions
U010339,2025-11-24,5,1912.62,37,3,4,2,Loyal
U010340,2025-08-07,3,2558.39,146,1,2,3,Hibernating
U010341,2025-11-26,4,2434.31,35,4,3,3,Potential Loyalists
U010342,2025-12-27,7,2507.59,4,5,5,3,Champions
U010344,2025-12-02,4,1628.65,29,4,3,2,Potential Loyalists
U010345,2025-10-17,2,1373.41,75,2,2,2,Hibernating
U010346,2025-12-28,9,6793.03,3,5,5,5,Champions
U010347,2025-11-02,7,6253.969999999999,59,3,5,5,Loyal
U010348,2025-12-17,8,6042.219999999999,14,5,5,5,Champions
U010349,2025-04-05,1,250.96,270,1,1,1,Hibernating
U010350,2025-07-05,4,1628.37,179,1,3,2,At Risk
U010352,2025-12-18,5,2534.9300000000003,13,5,4,3,Champions
U010353,2025-03-14,3,883.51,292,1,2,1,Hibernating
U010354,2025-04-11,1,277.23,264,1,1,1,Hibernating
U010355,2025-11-15,5,3179.61,46,3,4,3,Loyal
U010356,2025-08-10,4,1539.05,143,1,3,2,At Risk
U010357,2025-10-21,5,2158.91,71,2,4,3,Loyal
U010358,2025-08-23,3,3908.99,130,1,2,4,Hibernating
U010359,2025-11-16,4,2768.95,45,3,3,3,Potential Loyalists
U010361,2025-01-13,1,689.19,352,1,1,1,Hibernating
U010362,2025-07-20,4,2491.84,164,1,3,3,At Risk
U010363,2025-12-31,10,8022.219999999999,0,5,5,5,Champions
U010365,2025-09-02,3,2540.51,120,2,2,3,Hibernating
U010367,2025-12-26,6,3095.39,5,5,4,3,Champions
U010368,2025-09-29,5,2817.4,93,2,4,3,Loyal
U010369,2025-06-22,1,1085.03,192,1,1,1,Hibernating
U010370,2025-12-16,7,2620.7999999999997,15,5,5,3,Champions
U010371,2025-11-25,3,1797.13,36,4,2,2,New & Promising
U010372,2025-08-19,1,1286.5,134,1,1,2,Hibernating
U010373,2025-11-05,6,3521.13,56,3,4,4,Loyal
U010374,2025-09-06,1,560.98,116,2,1,1,Hibernating
U010375,2025-11-13,4,2063.14,48,3,3,2,Potential Loyalists
U010376,2025-12-18,7,3815.41,13,5,5,4,Champions
U010377,2025-08-29,3,3410.79,124,2,2,4,Hibernating
U010378,2025-11-28,4,2177.2200000000003,33,4,3,3,Potential Loyalists
U010379,2025-10-27,7,7587.07,65,3,5,5,Loyal
U010380,2025-12-19,4,2922.31,12,5,3,3,Potential Loyalists
U010381,2025-12-30,4,2612.84,1,5,3,3,Potential Loyalists
U010382,2025-11-20,6,4837.6900000000005,41,3,4,5,Loyal
U010383,2025-12-27,4,2135.96,4,5,3,3,Potential Loyalists
U010384,2025-12-13,2,524.74,18,4,2,1,New & Promising
U010385,2025-07-05,1,548.57,179,1,1,1,Hibernating
U010386,2025-11-10,10,6890.56,51,3,5,5,Loyal
U010387,2025-11-15,6,3939.71,46,3,4,4,Loyal
U010388,2025-11-11,3,2559.21,50,3,2,3,Potential Loyalists
U010389,2025-10-04,3,1327.8600000000001,88,2,2,2,Hibernating
U010390,2025-05-15,3,2428.66,230,1,2,3,Hibernating
U010391,2025-12-12,5,3232.1800000000003,19,4,4,4,Champions
U010392,2025-07-25,4,2175.7,159,1,3,3,At Risk
U010393,2025-09-26,4,2550.9300000000003,96,2,3,3,At Risk
U010394,2025-10-17,4,1869.18,75,2,3,2,At Risk
U010395,2025-12-23,7,3793.23,8,5,5,4,Champions
U010396,2025-07-16,7,6188.49,168,1,5,5,Loyal
U010397,2025-09-14,2,1296.69,108,2,2,2,Hibernating
U010398,2025-09-25,1,1378.45,97,2,1,2,Hibernating
U010399,2025-12-11,8,5199.75,20,4,5,5,Champions
U010400,2025-10-24,3,3586.93,68,2,2,4,Hibernating
U010401,2025-05-18,6,3829.9300000000003,227,1,4,4,Loyal
U010402,2025-07-20,2,1155.59,164,1,2,1,Hibernating
U010403,2025-11-21,10,6234.77,40,3,5,5,Loyal
U010405,2025-12-08,5,2606.21,23,4,4,3,Champions
U010406,2025-12-11,4,3505.43,20,4,3,4,Potential Loyalists
U010407,2025-07-19,4,3642.39,165,1,3,4,At Risk
U010408,2025-12-07,10,9525.650000000001,24,4,5,5,Champions
U010409,2025-12-10,6,6409.38,21,4,4,5,Champions
U010411,2025-12-30,7,3430.55,1,5,5,4,Champions
U010412,2025-05-29,1,122.42,216,1,1,1,Hibernating
U010413,2025-04-21,2,3407.51,254,1,2,4,Hibernating
U010414,2025-07-01,4,2152.59,183,1,3,3,At Risk
U010415,2025-11-07,6,2865.3399999999997,54,3,4,3,Loyal
U010416,2025-12-12,1,482.7,19,4,1,1,New & Promising
U010417,2025-11-20,6,4038.02,41,3,4,4,Loyal
U010418,2025-11-23,2,503.22,38,3,2,1,Potential Loyalists
U010419,2025-10-02,4,3863.34,90,2,3,4,At Risk
U010420,2025-12-18,3,2058.4700000000003,13,5,2,2,New & Promising
U010421,2025-11-06,4,2308.3500000000004,55,3,3,3,Potential Loyalists
U010423,2025-06-03,4,3701.7000000000003,211,1,3,4,At Risk
U010424,2025-10-11,2,1868.31,81,2,2,2,Hibernating
U010425,2025-11-16,2,1154.42,45,3,2,1,Potential Loyalists
U010426,2025-12-16,8,7065.33,15,5,5,5,Champions
U010427,2025-11-30,6,3917.2799999999997,31,4,4,4,Champions
U010428,2025-12-12,5,1804.1499999999999,19,4,4,2,Champions
U010429,2025-08-01,7,3426.65,152,1,5,4,Loyal
U010430,2025-11-29,8,6503.860000000001,32,4,5,5,Champions
U010431,2025-11-10,6,3155.98,51,3,4,3,Loyal
U010432,2025-11-28,11,7303.82,33,4,5,5,Champions
U010433,2025-01-02,1,312.81,363,1,1,1,Hibernating
U010434,2025-10-04,5,3467.02,88,2,4,4,Loyal
U010435,2025-05-03,2,1144.94,242,1,2,1,Hibernating
U010436,2025-12-23,2,1288.33,8,5,2,2,New & Promising
U010437,2025-12-22,4,4133.05,9,5,3,4,Potential Loyalists
U010438,2025-10-29,3,1272.6100000000001,63,3,2,2,Potential Loyalists
U010440,2025-10-29,4,1673.69,63,3,3,2,Potential Loyalists
U010441,2025-10-02,7,3015.46,90,2,5,3,Loyal
U010442,2025-12-10,4,3184.2200000000003,21,4,3,3,Potential Loyalists
U010443,2025-12-30,5,3237.89,1,5,4,4,Champions
U010444,2025-11-28,4,1048.05,33,4,3,1,Potential Loyalists
U010445,2025-11-21,4,2236.98,40,3,3,3,Potential Loyalists
U010446,2025-06-27,1,637.0,187,1,1,1,Hibernating
U010447,2025-12-14,8,4017.02,17,5,5,4,Champions
U010448,2025-10-27,4,1882.02,65,3,3,2,Potential Loyalists
U010449,2025-11-29,3,985.47,32,4,2,1,New & Promising
U010450,2025-08-25,2,1314.2399999999998,128,2,2,2,Hibernating
U010451,2025-05-17,2,1878.01,228,1,2,2,Hibernating
U010452,2025-04-28,3,767.47,247,1,2,1,Hibernating
U010453,2025-05-02,3,3458.8599999999997,243,1,2,4,Hibernating
U010454,2025-10-03,3,2549.96,89,2,2,3,Hibernating
U010455,2025-11-14,4,3043.4900000000002,47,3,3,3,Potential Loyalists
U010456,2025-11-01,2,1945.2399999999998,60,3,2,2,Potential Loyalists
U010457,2025-09-29,4,2979.37,93,2,3,3,At Risk
U010458,2025-11-02,6,3620.96,59,3,4,4,Loyal
U010459,2025-09-08,3,1777.8000000000002,114,2,2,2,Hibernating
U010460,2025-12-27,5,2619.37,4,5,4,3,Champions
U010461,2025-11-10,3,1646.05,51,3,2,2,Potential Loyalists
U010463,2025-07-02,5,2682.4700000000003,182,1,4,3,Loyal
U010464,2025-11-06,4,1146.19,55,3,3,1,Potential Loyalists
U010465,2025-11-24,9,7877.97,37,3,5,5,Loyal
U010466,2025-11-10,4,2029.1599999999999,51,3,3,2,Potential Loyalists
U010467,2025-09-12,6,3978.24,110,2,4,4,Loyal
U010468,2025-10-30,9,5839.87,62,3,5,5,Loyal
U010469,2025-05-20,4,2587.56,225,1,3,3,At Risk
U010470,2025-12-19,11,5243.42,12,5,5,5,Champions
U010471,2025-10-15,3,1493.35,77,2,2,2,Hibernating
U010472,2025-12-15,7,3396.66,16,5,5,4,Champions
U010473,2025-07-14,2,1169.75,170,1,2,1,Hibernating
U010474,2025-12-11,4,1878.47,20,4,3,2,Potential Loyalists
U010475,2025-01-03,1,604.52,362,1,1,1,Hibernating
U010476,2025-11-15,8,4108.72,46,3,5,4,Loyal
U010477,2025-06-03,3,1521.4,211,1,2,2,Hibernating
U010478,2025-09-05,2,799.19,117,2,2,1,Hibernating
U010479,2025-08-28,2,732.72,125,2,2,1,Hibernating
U010480,2025-10-28,3,2125.92,64,3,2,3,Potential Loyalists
U010481,2025-05-07,3,2057.3199999999997,238,1,2,2,Hibernating
U010482,2025-12-30,2,925.13,1,5,2,1,New & Promising
U010483,2025-11-27,5,2633.31,34,4,4,3,Champions
U010484,2025-10-23,4,2576.67,69,2,3,3,At Risk
U010485,2025-12-17,8,4021.08,14,5,5,4,Champions
U010486,2025-12-12,13,8907.35,19,4,5,5,Champions
U010487,2025-06-27,4,3222.3199999999997,187,1,3,4,At Risk
U010488,2025-10-19,2,686.6,73,2,2,1,Hibernating
U010489,2025-10-14,3,1214.82,78,2,2,2,Hibernating
U010490,2025-10-24,2,594.55,68,2,2,1,Hibernating
U010491,2025-12-17,8,2772.92,14,5,5,3,Champions
U010492,2025-10-03,10,5873.2699999999995,89,2,5,5,Loyal
U010493,2025-12-06,7,3177.44,25,4,5,3,Champions
U010494,2025-12-28,6,6704.54,3,5,4,5,Champions
U010495,2025-11-10,9,5022.75,51,3,5,5,Loyal
U010496,2025-11-19,3,1515.81,42,3,2,2,Potential Loyalists
U010497,2025-12-25,8,5724.1,6,5,5,5,Champions
U010498,2025-12-17,9,7184.12,14,5,5,5,Champions
U010499,2025-11-20,10,3797.83,41,3,5,4,Loyal
U010500,2025-12-06,7,3013.4,25,4,5,3,Champions
U010501,2025-12-28,6,6213.28,3,5,4,5,Champions
U010502,2025-12-24,3,2207.95,7,5,2,3,New & Promising
U010503,2025-04-22,3,1141.1200000000001,253,1,2,1,Hibernating
U010504,2025-05-11,4,2616.15,234,1,3,3,At Risk
U010505,2025-10-12,4,2383.2,80,2,3,3,At Risk
U010506,2025-12-24,5,4101.43,7,5,4,4,Champions
U010507,2025-03-24,2,2580.55,282,1,2,3,Hibernating
U010508,2025-12-11,6,6914.02,20,4,4,5,Champions
U010509,2025-04-16,1,847.13,259,1,1,1,Hibernating
U010510,2025-02-28,2,1044.18,306,1,2,1,Hibernating
U010511,2025-12-25,5,2595.35,6,5,4,3,Champions
U010512,2025-05-08,3,2470.61,237,1,2,3,Hibernating
U010513,2025-12-26,9,3404.66,5,5,5,4,Champions
U010514,2025-12-29,13,11170.310000000001,2,5,5,5,Champions
U010515,2025-05-18,3,1679.08,227,1,2,2,Hibernating
U010516,2025-09-25,5,2523.7200000000003,97,2,4,3,Loyal
U010517,2025-10-17,6,3818.91,75,2,4,4,Loyal
U010518,2025-11-05,4,2376.45,56,3,3,3,Potential Loyalists
U010519,2025-12-13,1,530.01,18,4,1,1,New & Promising
U010520,2025-08-04,2,434.94,149,1,2,1,Hibernating
U010521,2025-09-27,4,4975.76,95,2,3,5,At Risk
U010522,2025-10-07,2,2336.2,85,2,2,3,Hibernating
U010523,2025-12-13,2,1092.6599999999999,18,4,2,1,New & Promising
U010524,2025-05-07,2,3262.73,238,1,2,4,Hibernating
U010525,2025-12-24,8,5541.07,7,5,5,5,Champions
U010526,2025-07-28,1,387.57,156,1,1,1,Hibernating
U010527,2025-11-04,4,4934.82,57,3,3,5,Potential Loyalists
U010528,2025-09-19,3,1321.66,103,2,2,2,Hibernating
U010529,2025-10-25,4,3270.79,67,2,3,4,At Risk
U010530,2025-04-11,4,3835.1400000000003,264,1,3,4,At Risk
U010531,2025-11-07,3,3886.67,54,3,2,4,Potential Loyalists
U010532,2025-11-03,3,834.2,58,3,2,1,Potential Loyalists
U010533,2025-12-23,4,1814.9099999999999,8,5,3,2,Potential Loyalists
U010534,2025-11-23,16,8237.65,38,3,5,5,Loyal
U010535,2025-12-30,8,4151.66,1,5,5,4,Champions
U010536,2025-12-31,5,5303.57,0,5,4,5,Champions
U010537,2025-08-06,4,2325.3,147,1,3,3,At Risk
U010538,2025-08-03,5,3401.92,150,1,4,4,Loyal
U010539,2025-07-16,1,520.54,168,1,1,1,Hibernating
U010540,2025-05-07,1,382.4,238,1,1,1,Hibernating
U010541,2025-08-28,4,4541.63,125,2,3,4,At Risk
U010542,2025-08-30,3,2343.77,123,2,2,3,Hibernating
U010543,2025-12-16,6,3827.52,15,5,4,4,Champions
U010544,2025-07-18,1,1147.79,166,1,1,1,Hibernating
U010545,2025-11-08,4,1144.35,53,3,3,1,Potential Loyalists
U010546,2025-12-07,9,6410.349999999999,24,4,5,5,Champions
U010547,2025-08-02,4,1360.64,151,1,3,2,At Risk
U010548,2025-12-07,7,3480.69,24,4,5,4,Champions
U010549,2025-12-09,3,3515.8799999999997,22,4,2,4,New & Promising
U010550,2025-12-27,4,1413.8899999999999,4,5,3,2,Potential Loyalists
U010551,2025-12-15,3,926.9,16,5,2,1,New & Promising
U010552,2025-11-09,1,374.74,52,3,1,1,Potential Loyalists
U010553,2025-04-21,2,1200.21,254,1,2,2,Hibernating
U010554,2025-11-12,6,3828.76,49,3,4,4,Loyal
U010555,2025-10-25,8,3315.79,67,2,5,4,Loyal
U010556,2025-09-01,4,2043.8600000000001,121,2,3,2,At Risk
U010557,2025-06-15,3,2471.55,199,1,2,3,Hibernating
U010558,2025-12-05,6,3963.7400000000002,26,4,4,4,Champions
U010559,2025-09-11,12,5663.23,111,2,5,5,Loyal
U010560,2025-12-11,6,3830.19,20,4,4,4,Champions
U010561,2025-11-21,6,2929.71,40,3,4,3,Loyal
U010562,2025-11-23,9,5860.62,38,3,5,5,Loyal
U010563,2025-07-25,1,432.62,159,1,1,1,Hibernating
U010564,2025-12-16,10,5225.75,15,5,5,5,Champions
U010565,2025-12-11,7,3758.08,20,4,5,4,Champions
U010566,2025-11-25,1,513.44,36,4,1,1,New & Promising
U010567,2025-11-30,12,9150.86,31,4,5,5,Champions
U010568,2025-11-13,3,2423.82,48,3,2,3,Potential Loyalists
U010569,2025-11-14,6,5223.97,47,3,4,5,Loyal
U010570,2025-11-25,5,5069.75,36,4,4,5,Champions
U010571,2025-12-31,4,2372.97,0,5,3,3,Potential Loyalists
U010572,2025-07-26,1,147.61,158,1,1,1,Hibernating
U010573,2025-01-04,1,225.0,361,1,1,1,Hibernating
U010574,2025-10-01,4,1927.5500000000002,91,2,3,2,At Risk
U010575,2025-12-17,2,2506.09,14,5,2,3,New & Promising
U010576,2025-12-11,6,3705.93,20,4,4,4,Champions
U010577,2025-12-21,8,4183.97,10,5,5,4,Champions
U010578,2025-12-21,5,3209.01,10,5,4,4,Champions
U010579,2025-12-14,8,5556.13,17,5,5,5,Champions
U010580,2025-10-25,6,4756.150000000001,67,2,4,5,Loyal
U010581,2025-12-11,4,1667.24,20,4,3,2,Potential Loyalists
U010582,2025-11-16,7,4964.1900000000005,45,3,5,5,Loyal
U010583,2025-12-27,4,3055.46,4,5,3,3,Potential Loyalists
U010584,2025-12-06,4,1951.04,25,4,3,2,Potential Loyalists
U010585,2025-12-05,5,3594.87,26,4,4,4,Champions
U010586,2025-09-23,3,1403.13,99,2,2,2,Hibernating
U010589,2025-11-26,7,4318.280000000001,35,4,5,4,Champions
U010590,2025-12-25,2,972.04,6,5,2,1,New & Promising
U010591,2025-12-15,4,3558.3900000000003,16,5,3,4,Potential Loyalists
U010592,2025-11-06,4,1694.4699999999998,55,3,3,2,Potential Loyalists
U010593,2025-11-30,4,2776.84,31,4,3,3,Potential Loyalists
U010594,2025-12-28,10,7788.530000000001,3,5,5,5,Champions
U010595,2025-08-03,3,1160.63,150,1,2,1,Hibernating
U010596,2025-09-18,6,3721.2799999999997,104,2,4,4,Loyal
U010597,2025-12-28,7,6030.48,3,5,5,5,Champions
U010598,2025-11-18,3,1144.74,43,3,2,1,Potential Loyalists
U010599,2025-12-22,7,4500.24,9,5,5,4,Champions
U010600,2025-12-15,3,1329.0900000000001,16,5,2,2,New & Promising
U010601,2025-06-30,5,2153.71,184,1,4,3,Loyal
U010602,2025-11-15,7,4673.07,46,3,5,4,Loyal
U010603,2025-11-01,2,1350.94,60,3,2,2,Potential Loyalists
U010604,2025-11-04,9,4645.78,57,3,5,4,Loyal
U010605,2025-12-18,8,5865.56,13,5,5,5,Champions
U010606,2025-07-17,1,713.75,167,1,1,1,Hibernating
U010607,2025-07-27,3,1176.24,157,1,2,1,Hibernating
U010608,2025-09-09,5,2996.6,113,2,4,3,Loyal
U010609,2025-10-07,2,1087.83,85,2,2,1,Hibernating
U010610,2025-12-05,3,1288.37,26,4,2,2,New & Promising
U010611,2025-02-13,1,406.23,321,1,1,1,Hibernating
U010612,2025-11-10,2,1254.77,51,3,2,2,Potential Loyalists
U010613,2025-01-27,2,1017.6700000000001,338,1,2,1,Hibernating
U010614,2025-12-28,6,3066.09,3,5,4,3,Champions
U010615,2025-10-15,10,5915.6900000000005,77,2,5,5,Loyal
U010616,2025-12-07,3,882.8599999999999,24,4,2,1,New & Promising
U010617,2025-12-29,6,3033.93,2,5,4,3,Champions
U010618,2025-11-14,7,3857.9799999999996,47,3,5,4,Loyal
U010619,2025-09-14,7,2505.89,108,2,5,3,Loyal
U010620,2025-08-24,3,1689.0500000000002,129,1,2,2,Hibernating
U010621,2025-03-25,2,1557.02,281,1,2,2,Hibernating
U010622,2025-12-19,7,4591.1,12,5,5,4,Champions
U010623,2025-08-15,1,1421.22,138,1,1,2,Hibernating
U010624,2025-09-27,3,1572.9499999999998,95,2,2,2,Hibernating
U010625,2025-12-07,7,4863.51,24,4,5,5,Champions
U010626,2025-11-11,8,5040.76,50,3,5,5,Loyal
U010627,2025-11-27,6,3362.93,34,4,4,4,Champions
U010628,2025-12-09,5,2675.24,22,4,4,3,Champions
U010629,2025-10-27,2,918.3,65,3,2,1,Potential Loyalists
U010630,2025-11-01,7,3737.23,60,3,5,4,Loyal
U010631,2025-11-10,4,2071.04,51,3,3,2,Potential Loyalists
U010632,2025-08-21,2,1025.58,132,1,2,1,Hibernating
U010633,2025-10-03,8,5452.38,89,2,5,5,Loyal
U010634,2025-05-15,1,109.71,230,1,1,1,Hibernating
U010635,2025-10-30,2,2508.44,62,3,2,3,Potential Loyalists
U010636,2025-12-12,17,13056.08,19,4,5,5,Champions
U010637,2025-11-23,6,4383.9400000000005,38,3,4,4,Loyal
U010638,2025-12-10,7,5186.200000000001,21,4,5,5,Champions
U010639,2025-08-05,1,779.82,148,1,1,1,Hibernating
U010640,2025-10-15,7,2960.53,77,2,5,3,Loyal
U010641,2025-11-12,12,7825.23,49,3,5,5,Loyal
U010642,2025-12-21,8,5444.74,10,5,5,5,Champions
U010643,2025-09-14,3,2359.08,108,2,2,3,Hibernating
U010644,2025-11-11,6,5056.120000000001,50,3,4,5,Loyal
U010645,2025-05-04,3,2231.92,241,1,2,3,Hibernating
U010646,2025-11-12,3,1327.07,49,3,2,2,Potential Loyalists
U010647,2025-11-08,9,4666.44,53,3,5,4,Loyal
U010648,2025-12-12,11,8008.13,19,4,5,5,Champions
U010650,2025-12-26,5,5133.02,5,5,4,5,Champions
U010651,2025-12-01,4,1647.47,30,4,3,2,Potential Loyalists
U010652,2025-11-22,6,3591.35,39,3,4,4,Loyal
U010653,2025-12-13,3,1594.9,18,4,2,2,New & Promising
U010654,2025-10-11,4,2637.66,81,2,3,3,At Risk
U010655,2025-09-17,4,2581.21,105,2,3,3,At Risk
U010656,2025-11-28,6,3876.91,33,4,4,4,Champions
U010657,2025-11-10,4,934.55,51,3,3,1,Potential Loyalists
U010658,2025-11-11,4,3091.3900000000003,50,3,3,3,Potential Loyalists
U010659,2025-05-16,2,1147.45,229,1,2,1,Hibernating
U010660,2025-04-10,1,218.89,265,1,1,1,Hibernating
U010661,2025-12-27,7,5735.41,4,5,5,5,Champions
U010662,2025-11-04,5,1344.92,57,3,4,2,Loyal
U010663,2025-12-12,7,2586.92,19,4,5,3,Champions
U010664,2025-12-12,1,744.16,19,4,1,1,New & Promising
U010665,2025-12-12,5,2343.1800000000003,19,4,4,3,Champions
U010666,2025-10-18,2,602.62,74,2,2,1,Hibernating
U010667,2025-11-03,1,821.62,58,3,1,1,Potential Loyalists
U010668,2025-12-11,10,5119.08,20,4,5,5,Champions
U010669,2025-08-21,5,3489.7400000000002,132,1,4,4,Loyal
U010670,2025-12-15,4,2175.41,16,5,3,3,Potential Loyalists
U010671,2025-10-18,7,3338.37,74,2,5,4,Loyal
U010672,2025-09-02,3,1476.6799999999998,120,2,2,2,Hibernating
U010673,2025-12-28,3,1795.13,3,5,2,2,New & Promising
U010674,2025-12-20,9,4919.17,11,5,5,5,Champions
U010675,2025-12-11,8,4013.02,20,4,5,4,Champions
U010676,2025-07-15,4,2159.31,169,1,3,3,At Risk
U010677,2025-11-21,2,841.33,40,3,2,1,Potential Loyalists
U010678,2025-07-03,2,2748.1400000000003,181,1,2,3,Hibernating
U010679,2025-06-25,1,337.13,189,1,1,1,Hibernating
U010680,2025-12-22,1,2388.92,9,5,1,3,New & Promising
U010681,2025-12-15,6,2265.38,16,5,4,3,Champions
U010682,2025-12-14,5,2715.04,17,5,4,3,Champions
U010683,2025-09-16,2,1123.74,106,2,2,1,Hibernating
U010684,2025-01-12,1,383.63,353,1,1,1,Hibernating
U010685,2025-11-24,5,3124.74,37,3,4,3,Loyal
U010686,2025-05-08,1,145.4,237,1,1,1,Hibernating
U010688,2025-12-27,8,6341.61,4,5,5,5,Champions
U010689,2025-12-21,4,3336.31,10,5,3,4,Potential Loyalists
U010690,2025-12-23,4,1528.4299999999998,8,5,3,2,Potential Loyalists
U010691,2025-11-12,4,1745.32,49,3,3,2,Potential Loyalists
U010692,2025-06-27,4,2004.22,187,1,3,2,At Risk
U010693,2025-04-28,3,2816.37,247,1,2,3,Hibernating
U010694,2025-11-12,4,2920.47,49,3,3,3,Potential Loyalists
U010695,2025-11-24,9,4971.92,37,3,5,5,Loyal
U010696,2025-12-04,6,3526.7799999999997,27,4,4,4,Champions
U010697,2025-06-10,1,774.91,204,1,1,1,Hibernating
U010698,2025-12-12,6,4637.030000000001,19,4,4,4,Champions
U010699,2025-05-04,4,5307.17,241,1,3,5,At Risk
U010700,2025-08-13,3,3325.06,140,1,2,4,Hibernating
U010701,2025-11-14,1,623.89,47,3,1,1,Potential Loyalists
U010702,2025-11-03,3,1176.09,58,3,2,1,Potential Loyalists
U010703,2025-12-23,5,4831.96,8,5,4,5,Champions
U010704,2025-11-15,6,3242.27,46,3,4,4,Loyal
U010705,2025-12-25,10,5216.63,6,5,5,5,Champions
U010706,2025-11-27,7,4764.45,34,4,5,5,Champions
U010707,2025-11-09,5,3038.0,52,3,4,3,Loyal
U010708,2025-06-18,1,656.36,196,1,1,1,Hibernating
U010709,2025-10-11,9,4842.43,81,2,5,5,Loyal
U010710,2025-05-25,2,481.98,220,1,2,1,Hibernating
U010711,2025-08-15,3,3449.75,138,1,2,4,Hibernating
U010712,2025-10-16,5,3214.9,76,2,4,4,Loyal
U010713,2025-09-22,6,4444.87,100,2,4,4,Loyal
U010714,2025-10-24,7,6149.0599999999995,68,2,5,5,Loyal
U010715,2025-12-13,8,4578.77,18,4,5,4,Champions
U010716,2025-05-20,1,585.18,225,1,1,1,Hibernating
U010717,2025-11-25,11,7190.4,36,4,5,5,Champions
U010718,2025-12-11,3,1615.48,20,4,2,2,New & Promising
U010719,2025-07-10,2,1626.12,174,1,2,2,Hibernating
U010720,2025-12-18,7,5211.52,13,5,5,5,Champions
U010721,2025-12-16,11,8725.79,15,5,5,5,Champions
U010722,2025-11-08,8,5842.72,53,3,5,5,Loyal
U010723,2025-12-22,7,5748.16,9,5,5,5,Champions
U010724,2025-10-28,2,945.26,64,3,2,1,Potential Loyalists
U010725,2025-07-26,2,2481.76,158,1,2,3,Hibernating
U010726,2025-12-03,4,1969.4,28,4,3,2,Potential Loyalists
U010727,2025-12-02,2,1598.97,29,4,2,2,New & Promising
U010728,2025-12-02,14,11760.42,29,4,5,5,Champions
U010729,2025-11-20,11,5181.6900000000005,41,3,5,5,Loyal
U010730,2025-07-04,3,1712.23,180,1,2,2,Hibernating
U010731,2025-11-04,2,2011.02,57,3,2,2,Potential Loyalists
U010732,2025-11-29,8,4112.7699999999995,32,4,5,4,Champions
U010733,2025-12-04,5,2098.13,27,4,4,2,Champions
U010734,2025-12-21,12,9372.65,10,5,5,5,Champions
U010735,2025-11-20,2,1187.96,41,3,2,1,Potential Loyalists
U010736,2025-11-19,7,3280.59,42,3,5,4,Loyal
U010737,2025-05-20,4,3577.93,225,1,3,4,At Risk
U010740,2025-11-09,6,3535.5299999999997,52,3,4,4,Loyal
U010741,2025-12-02,2,592.98,29,4,2,1,New & Promising
U010742,2025-11-26,7,5076.64,35,4,5,5,Champions
U010743,2025-07-10,1,528.76,174,1,1,1,Hibernating
U010744,2025-11-11,6,3045.23,50,3,4,3,Loyal
U010745,2025-11-07,2,1620.6599999999999,54,3,2,2,Potential Loyalists
U010746,2025-12-28,7,3707.96,3,5,5,4,Champions
U010747,2025-12-11,11,5818.14,20,4,5,5,Champions
U010748,2025-10-04,3,2345.59,88,2,2,3,Hibernating
U010749,2025-11-30,11,7528.49,31,4,5,5,Champions
U010750,2025-05-30,3,1762.0900000000001,215,1,2,2,Hibernating
U010751,2025-05-16,4,2904.4700000000003,229,1,3,3,At Risk
U010752,2025-07-10,2,1163.31,174,1,2,1,Hibernating
U010753,2025-12-27,3,1861.04,4,5,2,2,New & Promising
U010754,2025-09-13,6,2522.48,109,2,4,3,Loyal
U010755,2025-10-07,5,2541.94,85,2,4,3,Loyal
U010756,2025-11-21,5,1822.3,40,3,4,2,Loyal
U010757,2025-11-25,5,4537.62,36,4,4,4,Champions
U010758,2025-10-19,4,2346.2,73,2,3,3,At Risk
U010759,2025-12-06,3,920.77,25,4,2,1,New & Promising
U010760,2025-12-09,13,7404.52,22,4,5,5,Champions
U010761,2025-10-27,5,3019.97,65,3,4,3,Loyal
U010762,2025-07-10,4,2292.38,174,1,3,3,At Risk
U010763,2025-11-01,3,1933.6599999999999,60,3,2,2,Potential Loyalists
U010764,2025-11-15,11,6779.01,46,3,5,5,Loyal
U010765,2025-10-16,4,2909.54,76,2,3,3,At Risk
U010766,2025-02-15,1,494.76,319,1,1,1,Hibernating
U010767,2025-09-12,2,877.3699999999999,110,2,2,1,Hibernating
U010768,2025-12-30,15,6620.0599999999995,1,5,5,5,Champions
U010769,2025-06-22,2,839.4100000000001,192,1,2,1,Hibernating
U010770,2025-12-19,6,5133.43,12,5,4,5,Champions
U010771,2025-09-10,7,5894.7,112,2,5,5,Loyal
U010772,2025-11-25,3,941.2,36,4,2,1,New & Promising
U010773,2025-11-17,3,1008.6700000000001,44,3,2,1,Potential Loyalists
U010774,2025-10-22,11,9457.689999999999,70,2,5,5,Loyal
U010775,2025-11-13,3,1503.05,48,3,2,2,Potential Loyalists
U010776,2025-12-28,4,3003.19,3,5,3,3,Potential Loyalists
U010777,2025-11-27,5,3577.45,34,4,4,4,Champions
U010778,2025-12-07,4,3269.73,24,4,3,4,Potential Loyalists
U010779,2025-10-13,2,690.89,79,2,2,1,Hibernating
U010780,2025-08-10,1,900.65,143,1,1,1,Hibernating
U010781,2025-06-15,1,1609.58,199,1,1,2,Hibernating
U010782,2025-11-01,5,2448.19,60,3,4,3,Loyal
U010784,2025-12-19,6,2582.56,12,5,4,3,Champions
U010785,2025-11-15,6,2506.08,46,3,4,3,Loyal
U010786,2025-08-27,5,2324.54,126,2,4,3,Loyal
U010787,2025-12-19,2,1049.32,12,5,2,1,New & Promising
U010788,2025-12-27,8,6558.34,4,5,5,5,Champions
U010789,2025-09-27,2,782.28,95,2,2,1,Hibernating
U010790,2025-10-05,1,279.52,87,2,1,1,Hibernating
U010791,2025-12-08,2,1670.7,23,4,2,2,New & Promising
U010792,2025-12-20,7,5305.25,11,5,5,5,Champions
U010793,2025-09-14,3,1839.19,108,2,2,2,Hibernating
U010794,2025-02-21,1,742.5,313,1,1,1,Hibernating
U010795,2025-12-01,7,3992.4900000000002,30,4,5,4,Champions
U010796,2025-03-21,1,516.81,285,1,1,1,Hibernating
U010797,2025-12-14,12,10670.95,17,5,5,5,Champions
U010798,2025-12-02,3,817.6700000000001,29,4,2,1,New & Promising
U010799,2025-10-06,6,2492.53,86,2,4,3,Loyal
U010800,2025-09-03,3,1567.67,119,2,2,2,Hibernating
U010801,2025-12-12,4,4774.23,19,4,3,5,Potential Loyalists
U010802,2025-11-22,4,3068.17,39,3,3,3,Potential Loyalists
U010803,2025-12-11,7,4412.43,20,4,5,4,Champions
U010804,2025-12-20,5,2787.8399999999997,11,5,4,3,Champions
U010805,2025-06-26,2,841.99,188,1,2,1,Hibernating
U010806,2025-07-24,1,427.02,160,1,1,1,Hibernating
U010807,2025-09-03,4,3629.47,119,2,3,4,At Risk
U010808,2025-09-23,5,4250.98,99,2,4,4,Loyal
U010809,2025-11-11,8,5591.76,50,3,5,5,Loyal
U010810,2025-09-05,5,3429.3,117,2,4,4,Loyal
U010811,2025-10-09,5,3552.52,83,2,4,4,Loyal
U010812,2025-12-25,6,2021.3100000000002,6,5,4,2,Champions
U010813,2025-09-21,9,6456.88,101,2,5,5,Loyal
U010814,2025-04-03,1,703.88,272,1,1,1,Hibernating
U010815,2025-09-04,1,421.16,118,2,1,1,Hibernating
U010816,2025-12-04,7,7180.63,27,4,5,5,Champions
U010817,2025-11-08,2,761.3199999999999,53,3,2,1,Potential Loyalists
U010818,2025-12-23,4,3716.8199999999997,8,5,3,4,Potential Loyalists
U010819,2025-11-11,3,1274.68,50,3,2,2,Potential Loyalists
U010820,2025-12-12,1,193.71,19,4,1,1,New & Promising
U010821,2025-12-18,5,3048.45,13,5,4,3,Champions
U010822,2025-03-20,1,424.3,286,1,1,1,Hibernating
U010823,2025-10-03,4,1877.49,89,2,3,2,At Risk
U010824,2025-07-28,4,2398.1,156,1,3,3,At Risk
U010825,2025-11-24,6,5426.38,37,3,4,5,Loyal
U010826,2025-08-28,1,546.06,125,2,1,1,Hibernating
U010827,2025-11-05,6,4392.63,56,3,4,4,Loyal
U010828,2025-12-15,2,1612.77,16,5,2,2,New & Promising
U010830,2025-12-21,7,2547.62,10,5,5,3,Champions
U010831,2025-10-18,6,3265.7700000000004,74,2,4,4,Loyal
U010832,2025-06-10,3,2121.42,204,1,2,3,Hibernating
U010833,2025-12-13,6,2600.02,18,4,4,3,Champions
U010834,2025-12-23,7,4855.25,8,5,5,5,Champions
U010835,2025-05-14,1,352.85,231,1,1,1,Hibernating
U010836,2025-11-02,6,4224.06,59,3,4,4,Loyal
U010837,2025-11-23,10,4629.5599999999995,38,3,5,4,Loyal
U010838,2025-12-26,1,434.0,5,5,1,1,New & Promising
U010839,2025-12-19,5,3562.61,12,5,4,4,Champions
U010840,2025-07-29,4,1713.43,155,1,3,2,At Risk
U010841,2025-11-28,6,5511.65,33,4,4,5,Champions
U010842,2025-12-24,2,687.9,7,5,2,1,New & Promising
U010843,2025-12-22,6,6957.610000000001,9,5,4,5,Champions
U010844,2025-09-29,3,1117.0700000000002,93,2,2,1,Hibernating
U010845,2025-11-02,2,1058.37,59,3,2,1,Potential Loyalists
U010846,2025-06-19,2,675.28,195,1,2,1,Hibernating
U010847,2025-09-20,5,2002.31,102,2,4,2,Loyal
U010848,2025-10-12,4,2155.86,80,2,3,3,At Risk
U010849,2025-08-09,2,867.2,144,1,2,1,Hibernating
U010850,2025-11-08,5,3377.03,53,3,4,4,Loyal
U010851,2025-03-30,1,220.71,276,1,1,1,Hibernating
U010852,2025-12-14,5,6254.59,17,5,4,5,Champions
U010853,2025-11-08,1,357.62,53,3,1,1,Potential Loyalists
U010854,2025-12-11,8,4222.67,20,4,5,4,Champions
U010855,2025-09-28,5,2335.83,94,2,4,3,Loyal
U010856,2025-12-04,11,4843.72,27,4,5,5,Champions
U010857,2025-06-14,2,2348.46,200,1,2,3,Hibernating
U010858,2025-10-31,10,7389.18,61,3,5,5,Loyal
U010859,2025-07-17,1,292.0,167,1,1,1,Hibernating
U010860,2025-09-20,3,775.71,102,2,2,1,Hibernating
U010861,2025-08-09,1,300.38,144,1,1,1,Hibernating
U010863,2025-10-31,4,3694.49,61,3,3,4,Potential Loyalists
U010864,2025-06-08,1,366.63,206,1,1,1,Hibernating
U010865,2025-10-06,15,11440.68,86,2,5,5,Loyal
U010866,2025-11-29,2,1151.54,32,4,2,1,New & Promising
U010867,2025-09-30,2,1841.3600000000001,92,2,2,2,Hibernating
U010868,2025-06-10,2,2425.02,204,1,2,3,Hibernating
U010869,2025-12-31,15,7237.38,0,5,5,5,Champions
U010870,2025-12-09,3,2222.79,22,4,2,3,New & Promising
U010871,2025-10-29,3,1532.4,63,3,2,2,Potential Loyalists
U010872,2025-11-11,2,1468.5600000000002,50,3,2,2,Potential Loyalists
U010873,2025-11-17,11,6153.04,44,3,5,5,Loyal
U010874,2025-08-21,2,1479.92,132,1,2,2,Hibernating
U010875,2025-11-30,7,4145.83,31,4,5,4,Champions
U010876,2025-11-17,2,1062.0,44,3,2,1,Potential Loyalists
U010877,2025-07-09,4,1362.97,175,1,3,2,At Risk
U010878,2025-12-08,10,3840.71,23,4,5,4,Champions
U010879,2025-10-19,13,8926.99,73,2,5,5,Loyal
U010881,2025-10-31,11,13582.41,61,3,5,5,Loyal
U010882,2025-12-02,6,3553.75,29,4,4,4,Champions
U010883,2025-12-27,13,10270.02,4,5,5,5,Champions
U010884,2025-04-09,1,195.4,266,1,1,1,Hibernating
U010885,2025-10-18,4,5551.4,74,2,3,5,At Risk
U010886,2025-12-30,2,1526.75,1,5,2,2,New & Promising
U010887,2025-11-12,5,3380.63,49,3,4,4,Loyal
U010888,2025-10-30,5,2465.0,62,3,4,3,Loyal
U010889,2025-07-26,2,1428.59,158,1,2,2,Hibernating
U010890,2025-09-29,7,3525.63,93,2,5,4,Loyal
U010891,2025-12-14,2,998.3700000000001,17,5,2,1,New & Promising
U010892,2025-05-02,3,3728.71,243,1,2,4,Hibernating
U010894,2025-12-06,11,6963.88,25,4,5,5,Champions
U010895,2025-11-15,5,2193.54,46,3,4,3,Loyal
U010896,2025-09-09,6,5226.29,113,2,4,5,Loyal
U010897,2025-07-31,4,1572.08,153,1,3,2,At Risk
U010898,2025-05-19,1,272.0,226,1,1,1,Hibernating
U010899,2025-12-30,7,4059.95,1,5,5,4,Champions
U010900,2025-12-30,9,4282.43,1,5,5,4,Champions
U010901,2025-10-23,7,5026.27,69,2,5,5,Loyal
U010902,2025-10-15,5,2658.29,77,2,4,3,Loyal
U010903,2025-10-14,3,1412.03,78,2,2,2,Hibernating
U010904,2025-12-24,3,1084.98,7,5,2,1,New & Promising
U010905,2025-10-03,9,4982.25,89,2,5,5,Loyal
U010906,2025-12-28,4,1412.27,3,5,3,2,Potential Loyalists
U010907,2025-08-30,3,903.61,123,2,2,1,Hibernating
U010909,2025-12-30,9,7612.59,1,5,5,5,Champions
U010910,2025-07-07,2,2501.91,177,1,2,3,Hibernating
U010911,2025-11-19,8,2886.98,42,3,5,3,Loyal
U010912,2025-10-01,2,807.9000000000001,91,2,2,1,Hibernating
U010913,2025-10-11,2,2137.39,81,2,2,3,Hibernating
U010914,2025-09-26,2,839.98,96,2,2,1,Hibernating
U010915,2025-05-30,2,1363.6,215,1,2,2,Hibernating
U010917,2025-05-20,1,873.89,225,1,1,1,Hibernating
U010918,2025-10-30,7,7000.7,62,3,5,5,Loyal
U010920,2025-12-21,1,640.26,10,5,1,1,New & Promising
U010921,2025-12-19,10,6481.88,12,5,5,5,Champions
U010922,2025-10-10,5,2018.1200000000001,82,2,4,2,Loyal
U010923,2025-07-30,7,3051.3199999999997,154,1,5,3,Loyal
U010924,2025-12-15,4,1585.81,16,5,3,2,Potential Loyalists
U010925,2025-12-25,10,6235.74,6,5,5,5,Champions
U010926,2025-09-29,7,3885.51,93,2,5,4,Loyal
U010927,2025-12-17,8,3433.8599999999997,14,5,5,4,Champions
U010928,2025-12-19,9,5230.69,12,5,5,5,Champions
U010929,2025-12-02,4,4791.99,29,4,3,5,Potential Loyalists
U010930,2025-09-29,4,1739.9299999999998,93,2,3,2,At Risk
U010931,2025-12-02,5,3258.83,29,4,4,4,Champions
U010932,2025-10-16,1,631.12,76,2,1,1,Hibernating
U010933,2025-11-06,13,8759.25,55,3,5,5,Loyal
U010934,2025-08-23,6,4706.3,130,1,4,4,Loyal
U010935,2025-06-20,7,3781.67,194,1,5,4,Loyal
U010936,2025-12-15,3,641.73,16,5,2,1,New & Promising
U010937,2025-12-10,4,2469.9300000000003,21,4,3,3,Potential Loyalists
U010938,2025-10-18,1,1104.71,74,2,1,1,Hibernating
U010939,2025-09-14,4,3139.9300000000003,108,2,3,3,At Risk
U010940,2025-12-26,4,2963.8599999999997,5,5,3,3,Potential Loyalists
U010941,2025-05-04,2,951.12,241,1,2,1,Hibernating
U010942,2025-12-13,3,2466.43,18,4,2,3,New & Promising
U010943,2025-11-10,4,4755.21,51,3,3,5,Potential Loyalists
U010944,2025-11-29,8,4154.72,32,4,5,4,Champions
U010945,2025-09-29,3,2983.05,93,2,2,3,Hibernating
U010946,2025-09-07,8,3283.83,115,2,5,4,Loyal
U010947,2025-12-11,3,1607.77,20,4,2,2,New & Promising
U010948,2025-09-29,2,2236.26,93,2,2,3,Hibernating
U010949,2025-07-26,1,670.29,158,1,1,1,Hibernating
U010950,2025-07-03,6,4438.93,181,1,4,4,Loyal
U010951,2025-07-19,3,1235.56,165,1,2,2,Hibernating
U010952,2025-12-23,10,6602.46,8,5,5,5,Champions
U010953,2025-08-25,3,1232.65,128,1,2,2,Hibernating
U010955,2025-02-16,1,222.36,318,1,1,1,Hibernating
U010956,2025-12-15,5,3510.27,16,5,4,4,Champions
U010958,2025-12-28,5,2889.33,3,5,4,3,Champions
U010959,2025-12-17,2,821.3199999999999,14,5,2,1,New & Promising
U010960,2025-11-27,3,1776.5,34,4,2,2,New & Promising
U010961,2025-11-18,4,4158.07,43,3,3,4,Potential Loyalists
U010962,2025-07-05,4,952.36,179,1,3,1,At Risk
U010963,2025-12-25,7,5306.29,6,5,5,5,Champions
U010964,2025-11-13,2,1770.35,48,3,2,2,Potential Loyalists
U010965,2025-11-01,2,1231.27,60,3,2,2,Potential Loyalists
U010966,2025-10-07,4,2451.03,85,2,3,3,At Risk
U010967,2025-08-12,1,498.43,141,1,1,1,Hibernating
U010968,2025-10-09,11,5546.68,83,2,5,5,Loyal
U010969,2025-11-23,5,2425.09,38,3,4,3,Loyal
U010970,2025-06-03,1,217.14,211,1,1,1,Hibernating
U010971,2025-09-08,2,1409.77,114,2,2,2,Hibernating
U010972,2025-12-16,2,616.1800000000001,15,5,2,1,New & Promising
U010973,2025-12-07,8,3799.48,24,4,5,4,Champions
U010975,2025-10-17,2,1437.0300000000002,75,2,2,2,Hibernating
U010976,2025-10-28,8,4245.17,64,3,5,4,Loyal
U010977,2025-10-31,4,2988.04,61,3,3,3,Potential Loyalists
U010978,2025-10-10,4,5266.91,82,2,3,5,At Risk
U010980,2025-10-07,3,1539.8,85,2,2,2,Hibernating
U010981,2025-11-03,8,6015.99,58,3,5,5,Loyal
U010982,2025-12-19,9,3843.0,12,5,5,4,Champions
U010983,2025-10-09,3,2483.95,83,2,2,3,Hibernating
U010984,2025-05-25,3,1476.84,220,1,2,2,Hibernating
U010985,2025-08-21,2,759.95,132,1,2,1,Hibernating
U010986,2025-12-17,5,1713.34,14,5,4,2,Champions
U010987,2025-10-09,6,3462.84,83,2,4,4,Loyal
U010988,2025-03-20,1,493.47,286,1,1,1,Hibernating
U010990,2025-10-18,5,2782.85,74,2,4,3,Loyal
U010991,2025-11-11,2,1300.1399999999999,50,3,2,2,Potential Loyalists
U010992,2025-10-12,5,4382.85,80,2,4,4,Loyal
U010993,2025-12-13,8,4560.41,18,4,5,4,Champions
U010995,2025-12-18,8,7867.360000000001,13,5,5,5,Champions
U010996,2025-10-01,3,1987.6599999999999,91,2,2,2,Hibernating
U010997,2025-09-25,8,7682.68,97,2,5,5,Loyal
U010998,2025-12-31,1,374.53,0,5,1,1,New & Promising
U010999,2025-12-13,9,4294.71,18,4,5,4,Champions
U011000,2025-11-29,4,3054.6299999999997,32,4,3,3,Potential Loyalists
U011001,2025-08-18,2,623.76,135,1,2,1,Hibernating
U011002,2025-12-13,5,2732.84,18,4,4,3,Champions
U011003,2025-11-09,9,6272.62,52,3,5,5,Loyal
U011004,2025-12-23,4,2255.66,8,5,3,3,Potential Loyalists
U011005,2025-12-29,10,5000.64,2,5,5,5,Champions
U011006,2025-12-20,3,2312.38,11,5,2,3,New & Promising
U011007,2025-12-28,10,8528.9,3,5,5,5,Champions
U011008,2025-11-09,6,2642.08,52,3,4,3,Loyal
U011009,2025-06-03,3,3702.66,211,1,2,4,Hibernating
U011010,2025-09-03,1,537.02,119,2,1,1,Hibernating
U011011,2025-07-13,2,1170.54,171,1,2,1,Hibernating
U011012,2025-12-05,14,8129.62,26,4,5,5,Champions
U011013,2025-11-10,7,3205.7,51,3,5,4,Loyal
U011014,2025-12-06,6,2152.52,25,4,4,3,Champions
U011015,2025-12-22,3,2765.68,9,5,2,3,New & Promising
U011016,2025-10-17,7,2797.67,75,2,5,3,Loyal
U011017,2025-11-07,4,4097.54,54,3,3,4,Potential Loyalists
U011018,2025-11-02,3,1914.65,59,3,2,2,Potential Loyalists
U011019,2025-10-18,6,3511.29,74,2,4,4,Loyal
U011020,2025-03-12,1,579.94,294,1,1,1,Hibernating
U011021,2025-11-18,9,7755.44,43,3,5,5,Loyal
U011022,2025-11-10,9,6473.07,51,3,5,5,Loyal
U011023,2025-07-10,3,2343.36,174,1,2,3,Hibernating
U011024,2025-11-10,9,4821.15,51,3,5,5,Loyal
U011025,2025-11-04,9,6077.4800000000005,57,3,5,5,Loyal
U011026,2025-11-11,12,7157.820000000001,50,3,5,5,Loyal
U011027,2025-10-14,5,2051.93,78,2,4,2,Loyal
U011029,2025-10-29,7,3552.63,63,3,5,4,Loyal
U011030,2025-11-19,6,1835.56,42,3,4,2,Loyal
U011031,2025-10-07,1,283.55,85,2,1,1,Hibernating
U011032,2025-12-02,3,1510.37,29,4,2,2,New & Promising
U011033,2025-10-26,7,4699.05,66,3,5,4,Loyal
U011034,2025-10-09,3,696.5,83,2,2,1,Hibernating
U011035,2025-11-07,3,1927.58,54,3,2,2,Potential Loyalists
U011036,2025-08-13,5,4283.86,140,1,4,4,Loyal
U011037,2025-12-09,5,4716.54,22,4,4,4,Champions
U011038,2025-06-15,7,3741.26,199,1,5,4,Loyal
U011039,2025-12-20,9,8349.369999999999,11,5,5,5,Champions
U011040,2025-11-10,13,9409.08,51,3,5,5,Loyal
U011041,2025-06-14,2,636.6400000000001,200,1,2,1,Hibernating
U011042,2025-12-02,3,1849.9,29,4,2,2,New & Promising
U011043,2025-12-12,3,1765.93,19,4,2,2,New & Promising
U011044,2025-10-26,5,5744.86,66,3,4,5,Loyal
U011045,2025-12-24,4,2136.19,7,5,3,3,Potential Loyalists
U011046,2025-09-24,6,4738.4,98,2,4,5,Loyal
U011047,2025-08-15,6,2139.1,138,1,4,3,Loyal
U011048,2025-09-21,6,2886.65,101,2,4,3,Loyal
U011050,2025-07-29,2,863.01,155,1,2,1,Hibernating
U011051,2025-12-29,3,1872.49,2,5,2,2,New & Promising
U011052,2025-04-04,5,3428.02,271,1,4,4,Loyal
U011053,2025-10-19,3,1780.6999999999998,73,2,2,2,Hibernating
U011054,2025-03-25,2,1444.35,281,1,2,2,Hibernating
U011055,2025-12-12,8,3602.3399999999997,19,4,5,4,Champions
U011057,2025-08-26,2,1423.6000000000001,127,2,2,2,Hibernating
U011058,2025-12-14,7,5302.05,17,5,5,5,Champions
U011059,2025-12-25,10,6359.17,6,5,5,5,Champions
U011060,2025-11-25,4,2195.3,36,4,3,3,Potential Loyalists
U011061,2025-10-29,7,3229.98,63,3,5,4,Loyal
U011062,2025-12-11,8,5170.56,20,4,5,5,Champions
U011063,2025-11-30,5,2505.7400000000002,31,4,4,3,Champions
U011064,2025-03-17,1,721.07,289,1,1,1,Hibernating
U011065,2025-12-27,6,1877.8899999999999,4,5,4,2,Champions
U011066,2025-08-01,3,2610.56,152,1,2,3,Hibernating
U011067,2025-12-03,5,3226.3100000000004,28,4,4,4,Champions
U011068,2025-11-27,3,3251.62,34,4,2,4,New & Promising
U011069,2025-11-10,4,1387.75,51,3,3,2,Potential Loyalists
U011070,2025-08-20,4,2249.59,133,1,3,3,At Risk
U011071,2025-07-27,6,3192.67,157,1,4,3,Loyal
U011072,2025-11-22,10,7690.54,39,3,5,5,Loyal
U011073,2025-12-12,10,5736.18,19,4,5,5,Champions
U011074,2025-11-20,3,1554.1100000000001,41,3,2,2,Potential Loyalists
U011075,2025-12-11,5,3455.03,20,4,4,4,Champions
U011076,2025-12-16,10,6646.28,15,5,5,5,Champions
U011077,2025-11-11,4,1243.9,50,3,3,2,Potential Loyalists
U011078,2025-12-24,3,1775.3799999999999,7,5,2,2,New & Promising
U011079,2025-08-31,3,1211.27,122,2,2,2,Hibernating
U011080,2025-08-07,6,3124.2599999999998,146,1,4,3,Loyal
U011081,2025-10-16,4,3113.63,76,2,3,3,At Risk
U011082,2025-12-11,14,6169.71,20,4,5,5,Champions
U011083,2025-08-16,5,1390.24,137,1,4,2,Loyal
U011084,2025-10-12,3,2462.04,80,2,2,3,Hibernating
U011085,2025-12-13,6,3799.9700000000003,18,4,4,4,Champions
U011086,2025-11-29,8,3613.1000000000004,32,4,5,4,Champions
U011087,2025-12-12,4,1735.22,19,4,3,2,Potential Loyalists
U011089,2025-06-04,1,228.96,210,1,1,1,Hibernating
U011090,2025-05-04,1,658.28,241,1,1,1,Hibernating
U011091,2025-10-22,3,1240.23,70,2,2,2,Hibernating
U011092,2025-11-01,6,3436.45,60,3,4,4,Loyal
U011093,2025-08-21,2,1499.28,132,1,2,2,Hibernating
U011094,2025-04-09,2,1562.24,266,1,2,2,Hibernating
U011095,2025-11-03,3,2544.69,58,3,2,3,Potential Loyalists
U011096,2025-12-28,2,666.79,3,5,2,1,New & Promising
U011097,2025-04-17,4,3869.5299999999997,258,1,3,4,At Risk
U011098,2025-12-22,7,3564.2599999999998,9,5,5,4,Champions
U011099,2025-12-08,8,5971.23,23,4,5,5,Champions
U011100,2025-10-15,4,3888.26,77,2,3,4,At Risk
U011101,2025-05-13,2,1188.24,232,1,2,1,Hibernating
U011102,2025-12-13,3,1731.03,18,4,2,2,New & Promising
U011103,2025-06-05,3,777.29,209,1,2,1,Hibernating
U011104,2025-01-16,1,974.18,349,1,1,1,Hibernating
U011105,2025-09-12,7,6921.5,110,2,5,5,Loyal
U011106,2025-12-01,5,3295.81,30,4,4,4,Champions
U011107,2025-10-29,5,3378.26,63,3,4,4,Loyal
U011108,2025-10-26,3,917.28,66,3,2,1,Potential Loyalists
U011109,2025-07-26,6,5244.64,158,1,4,5,Loyal
U011110,2025-11-08,2,545.3,53,3,2,1,Potential Loyalists
U011111,2025-11-16,3,2054.76,45,3,2,2,Potential Loyalists
U011112,2025-10-21,2,1004.33,71,2,2,1,Hibernating
U011113,2025-05-01,1,364.55,244,1,1,1,Hibernating
U011114,2025-12-16,6,3185.45,15,5,4,3,Champions
U011115,2025-04-22,3,1748.8400000000001,253,1,2,2,Hibernating
U011116,2025-05-11,3,1113.3400000000001,234,1,2,1,Hibernating
U011117,2025-12-06,8,4438.33,25,4,5,4,Champions
U011118,2025-11-25,5,3542.21,36,4,4,4,Champions
U011119,2025-10-18,8,7516.65,74,2,5,5,Loyal
U011120,2025-11-24,5,4493.34,37,3,4,4,Loyal
U011121,2025-11-30,10,6770.77,31,4,5,5,Champions
U011122,2025-11-11,5,1990.0900000000001,50,3,4,2,Loyal
U011123,2025-11-16,1,608.21,45,3,1,1,Potential Loyalists
U011124,2025-10-24,1,195.73,68,2,1,1,Hibernating
U011125,2025-10-08,3,1822.3000000000002,84,2,2,2,Hibernating
U011126,2025-10-18,5,3034.85,74,2,4,3,Loyal
U011127,2025-12-20,7,3541.65,11,5,5,4,Champions
U011128,2025-10-21,4,2142.55,71,2,3,3,At Risk
U011129,2025-09-15,3,3361.3900000000003,107,2,2,4,Hibernating
U011130,2025-12-08,2,883.26,23,4,2,1,New & Promising
U011131,2025-12-17,4,2268.16,14,5,3,3,Potential Loyalists
U011132,2025-04-09,2,1589.75,266,1,2,2,Hibernating
U011133,2025-08-21,3,989.53,132,1,2,1,Hibernating
U011134,2025-06-15,1,534.76,199,1,1,1,Hibernating
U011135,2025-12-20,5,2164.13,11,5,4,3,Champions
U011136,2025-08-31,2,1072.75,122,2,2,1,Hibernating
U011137,2025-12-10,5,2557.73,21,4,4,3,Champions
U011138,2025-10-30,7,3824.67,62,3,5,4,Loyal
U011139,2025-12-13,8,6589.02,18,4,5,5,Champions
U011140,2025-05-09,2,1100.26,236,1,2,1,Hibernating
U011141,2025-12-08,3,871.05,23,4,2,1,New & Promising
U011142,2025-06-06,5,5062.66,208,1,4,5,Loyal
U011143,2025-01-13,1,409.16,352,1,1,1,Hibernating
U011144,2025-08-24,3,1675.85,129,1,2,2,Hibernating
U011145,2025-12-07,14,8795.77,24,4,5,5,Champions
U011146,2025-08-30,4,1113.3,123,2,3,1,At Risk
U011147,2025-09-05,2,2323.53,117,2,2,3,Hibernating
U011148,2025-11-05,3,1334.15,56,3,2,2,Potential Loyalists
U011149,2025-08-30,3,1464.51,123,2,2,2,Hibernating
U011150,2025-11-20,6,5246.1900000000005,41,3,4,5,Loyal
U011151,2025-07-23,1,1190.96,161,1,1,1,Hibernating
U011153,2025-10-08,3,1200.88,84,2,2,2,Hibernating
U011154,2025-11-09,2,903.78,52,3,2,1,Potential Loyalists
U011155,2025-03-05,1,239.16,301,1,1,1,Hibernating
U011156,2025-11-28,1,335.74,33,4,1,1,New & Promising
U011157,2025-08-17,1,156.04,136,1,1,1,Hibernating
U011158,2025-12-03,8,2870.87,28,4,5,3,Champions
U011159,2025-11-06,7,6733.98,55,3,5,5,Loyal
U011160,2025-11-17,5,2471.82,44,3,4,3,Loyal
U011161,2025-12-01,6,2541.1,30,4,4,3,Champions
U011162,2025-11-15,13,9583.57,46,3,5,5,Loyal
U011163,2025-10-29,5,2586.26,63,3,4,3,Loyal
U011164,2025-10-10,5,2193.97,82,2,4,3,Loyal
U011165,2025-10-26,2,896.4300000000001,66,3,2,1,Potential Loyalists
U011166,2025-12-05,9,5084.59,26,4,5,5,Champions
U011167,2025-11-04,4,1252.83,57,3,3,2,Potential Loyalists
U011168,2025-05-27,3,1822.62,218,1,2,2,Hibernating
U011169,2025-12-31,3,1861.45,0,5,2,2,New & Promising
U011170,2025-12-13,4,3270.3,18,4,3,4,Potential Loyalists
U011171,2025-12-26,3,1746.88,5,5,2,2,New & Promising
U011172,2025-11-23,11,7200.46,38,3,5,5,Loyal
U011173,2025-04-30,3,1331.3999999999999,245,1,2,2,Hibernating
U011174,2025-03-11,1,429.43,295,1,1,1,Hibernating
U011175,2025-04-11,2,564.74,264,1,2,1,Hibernating
U011176,2025-10-06,5,2126.8900000000003,86,2,4,3,Loyal
U011177,2025-12-15,3,2118.5,16,5,2,2,New & Promising
U011178,2025-12-13,2,477.34000000000003,18,4,2,1,New & Promising
U011179,2025-07-22,4,2912.37,162,1,3,3,At Risk
U011180,2025-03-26,2,1208.24,280,1,2,2,Hibernating
U011181,2025-12-06,3,2602.67,25,4,2,3,New & Promising
U011182,2025-12-19,4,3730.4,12,5,3,4,Potential Loyalists
U011183,2025-12-27,5,3046.42,4,5,4,3,Champions
U011184,2025-12-13,3,1081.8500000000001,18,4,2,1,New & Promising
U011185,2025-12-25,6,4192.66,6,5,4,4,Champions
U011186,2025-11-29,11,5926.43,32,4,5,5,Champions
U011187,2025-09-23,4,2199.92,99,2,3,3,At Risk
U011188,2025-11-12,5,3363.12,49,3,4,4,Loyal
U011189,2025-12-30,5,3946.4799999999996,1,5,4,4,Champions
U011190,2025-11-11,8,6030.4800000000005,50,3,5,5,Loyal
U011191,2025-09-20,2,1630.91,102,2,2,2,Hibernating
U011192,2025-11-16,6,3414.29,45,3,4,4,Loyal
U011193,2025-11-12,2,843.5699999999999,49,3,2,1,Potential Loyalists
U011194,2025-11-13,5,1917.07,48,3,4,2,Loyal
U011195,2025-12-28,9,4966.52,3,5,5,5,Champions
U011196,2025-10-13,2,1053.62,79,2,2,1,Hibernating
U011197,2025-05-01,2,1279.3200000000002,244,1,2,2,Hibernating
U011198,2025-12-11,9,4805.36,20,4,5,5,Champions
U011199,2025-11-09,8,4773.389999999999,52,3,5,5,Loyal
U011200,2025-11-15,6,3875.0600000000004,46,3,4,4,Loyal
U011201,2025-11-12,4,2348.23,49,3,3,3,Potential Loyalists
U011202,2025-05-20,1,457.38,225,1,1,1,Hibernating
U011203,2025-12-20,3,942.66,11,5,2,1,New & Promising
U011204,2025-02-17,1,169.54,317,1,1,1,Hibernating
U011205,2025-04-10,4,2231.1,265,1,3,3,At Risk
U011206,2025-12-07,3,1801.4,24,4,2,2,New & Promising
U011208,2025-11-12,7,3741.26,49,3,5,4,Loyal
U011209,2025-07-20,1,175.08,164,1,1,1,Hibernating
U011210,2025-10-28,4,2957.36,64,3,3,3,Potential Loyalists
U011211,2025-06-02,2,1012.6899999999999,212,1,2,1,Hibernating
U011212,2025-11-17,6,2949.18,44,3,4,3,Loyal
U011213,2025-12-06,6,2237.7200000000003,25,4,4,3,Champions
U011214,2025-12-30,3,2312.56,1,5,2,3,New & Promising
U011215,2025-11-24,4,1258.6399999999999,37,3,3,2,Potential Loyalists
U011216,2025-10-03,8,4792.5199999999995,89,2,5,5,Loyal
U011218,2025-12-14,5,1828.29,17,5,4,2,Champions
U011219,2025-12-13,5,3355.32,18,4,4,4,Champions
U011220,2025-12-06,12,5117.45,25,4,5,5,Champions
U011221,2025-11-30,6,3420.59,31,4,4,4,Champions
U011222,2025-09-19,4,3611.6099999999997,103,2,3,4,At Risk
U011223,2025-12-27,7,3036.79,4,5,5,3,Champions
U011225,2025-06-27,3,1405.28,187,1,2,2,Hibernating
U011226,2025-12-24,10,5778.76,7,5,5,5,Champions
U011227,2025-09-09,4,2913.16,113,2,3,3,At Risk
U011228,2025-09-04,3,1331.05,118,2,2,2,Hibernating
U011229,2025-11-21,3,2161.3500000000004,40,3,2,3,Potential Loyalists
U011230,2025-11-26,6,2705.2799999999997,35,4,4,3,Champions
U011231,2025-12-21,14,7000.76,10,5,5,5,Champions
U011232,2025-12-10,12,5894.37,21,4,5,5,Champions
U011233,2025-06-05,4,1650.62,209,1,3,2,At Risk
U011234,2025-11-28,7,3757.3999999999996,33,4,5,4,Champions
U011235,2025-12-31,11,8676.619999999999,0,5,5,5,Champions
U011236,2025-12-31,4,1827.67,0,5,3,2,Potential Loyalists
U011237,2025-09-27,3,1533.8,95,2,2,2,Hibernating
U011238,2025-07-19,1,411.04,165,1,1,1,Hibernating
U011239,2025-12-28,9,6442.360000000001,3,5,5,5,Champions
U011240,2025-12-18,6,4690.1,13,5,4,4,Champions
U011241,2025-12-21,1,485.0,10,5,1,1,New & Promising
U011242,2025-10-20,9,4633.69,72,2,5,4,Loyal
U011243,2025-11-13,7,3725.1400000000003,48,3,5,4,Loyal
U011244,2025-10-28,9,10406.33,64,3,5,5,Loyal
U011245,2025-12-02,11,12805.64,29,4,5,5,Champions
U011246,2025-11-12,5,1967.03,49,3,4,2,Loyal
U011247,2025-12-20,8,3966.04,11,5,5,4,Champions
U011248,2025-12-02,6,3473.56,29,4,4,4,Champions
U011249,2025-11-12,4,2377.8,49,3,3,3,Potential Loyalists
U011250,2025-07-31,3,1005.4,153,1,2,1,Hibernating
U011251,2025-12-17,15,9689.34,14,5,5,5,Champions
U011252,2025-06-25,4,2215.85,189,1,3,3,At Risk
U011253,2025-08-09,5,3717.8599999999997,144,1,4,4,Loyal
U011254,2025-07-14,6,5173.75,170,1,4,5,Loyal
U011255,2025-08-23,3,1358.8400000000001,130,1,2,2,Hibernating
U011256,2025-11-12,2,1457.2,49,3,2,2,Potential Loyalists
U011257,2025-01-31,1,652.89,334,1,1,1,Hibernating
U011258,2025-09-03,4,2356.8199999999997,119,2,3,3,At Risk
U011259,2025-12-13,6,3170.63,18,4,4,3,Champions
U011260,2025-12-17,5,2753.14,14,5,4,3,Champions
U011261,2025-12-01,5,3694.4,30,4,4,4,Champions
U011262,2025-12-22,7,3749.04,9,5,5,4,Champions
U011263,2025-09-30,2,1536.03,92,2,2,2,Hibernating
U011264,2025-08-22,3,2352.16,131,1,2,3,Hibernating
U011265,2025-10-12,1,377.0,80,2,1,1,Hibernating
U011266,2025-12-13,12,7839.4,18,4,5,5,Champions
U011267,2025-11-21,8,3738.82,40,3,5,4,Loyal
U011268,2025-10-07,5,1804.81,85,2,4,2,Loyal
U011269,2025-02-13,1,340.79,321,1,1,1,Hibernating
U011270,2025-12-23,8,7711.35,8,5,5,5,Champions
U011271,2025-10-12,6,3139.07,80,2,4,3,Loyal
U011272,2025-12-18,4,3277.81,13,5,3,4,Potential Loyalists
U011273,2025-12-11,6,8764.1,20,4,4,5,Champions
U011274,2025-12-06,6,2207.58,25,4,4,3,Champions
U011275,2025-11-17,1,383.54,44,3,1,1,Potential Loyalists
U011276,2025-01-03,1,508.21,362,1,1,1,Hibernating
U011277,2025-11-09,3,940.75,52,3,2,1,Potential Loyalists
U011278,2025-08-22,7,3506.0,131,1,5,4,Loyal
U011279,2025-12-19,5,2113.44,12,5,4,2,Champions
U011280,2025-08-04,4,2004.8899999999999,149,1,3,2,At Risk
U011281,2025-10-28,5,2195.9,64,3,4,3,Loyal
U011282,2025-04-14,2,4245.76,261,1,2,4,Hibernating
U011283,2025-12-30,8,4051.94,1,5,5,4,Champions
U011284,2025-10-31,4,2836.96,61,3,3,3,Potential Loyalists
U011285,2025-09-30,2,2019.8300000000002,92,2,2,2,Hibernating
U011286,2025-10-16,9,4402.42,76,2,5,4,Loyal
U011287,2025-08-29,9,9113.12,124,2,5,5,Loyal
U011288,2025-12-09,7,4176.14,22,4,5,4,Champions
U011289,2025-10-19,12,7296.969999999999,73,2,5,5,Loyal
U011290,2025-12-10,5,3205.89,21,4,4,4,Champions
U011291,2025-08-27,5,3077.46,126,2,4,3,Loyal
U011292,2025-10-26,14,9140.79,66,3,5,5,Loyal
U011293,2025-11-20,7,3335.7400000000002,41,3,5,4,Loyal
U011294,2025-12-13,6,2595.2,18,4,4,3,Champions
U011296,2025-10-21,2,1206.1399999999999,71,2,2,2,Hibernating
U011297,2025-10-28,2,419.02,64,3,2,1,Potential Loyalists
U011298,2025-10-31,2,1163.15,61,3,2,1,Potential Loyalists
U011299,2025-10-22,2,3766.94,70,2,2,4,Hibernating
U011300,2025-07-30,2,1510.75,154,1,2,2,Hibernating
U011302,2025-03-04,1,478.9,302,1,1,1,Hibernating
U011303,2025-12-12,3,1622.2,19,4,2,2,New & Promising
U011304,2025-10-20,14,7265.11,72,2,5,5,Loyal
U011305,2025-12-27,6,4258.4,4,5,4,4,Champions
U011306,2025-10-27,5,3069.28,65,3,4,3,Loyal
U011307,2025-09-28,3,1393.3400000000001,94,2,2,2,Hibernating
U011308,2025-11-03,7,5232.05,58,3,5,5,Loyal
U011309,2025-11-02,1,381.22,59,3,1,1,Potential Loyalists
U011310,2025-12-26,10,10373.04,5,5,5,5,Champions
U011311,2025-06-22,4,2775.02,192,1,3,3,At Risk
U011312,2025-12-11,3,1404.71,20,4,2,2,New & Promising
U011313,2025-12-14,9,3493.56,17,5,5,4,Champions
U011314,2025-08-09,1,552.62,144,1,1,1,Hibernating
U011315,2025-12-28,13,9055.02,3,5,5,5,Champions
U011316,2025-11-15,8,6875.95,46,3,5,5,Loyal
U011317,2025-09-20,3,1865.71,102,2,2,2,Hibernating
U011318,2025-12-17,5,3388.4,14,5,4,4,Champions
U011319,2025-09-06,4,3600.89,116,2,3,4,At Risk
U011320,2025-09-12,1,1301.98,110,2,1,2,Hibernating
U011321,2025-12-17,5,4058.9399999999996,14,5,4,4,Champions
U011322,2025-09-09,1,397.41,113,2,1,1,Hibernating
U011323,2025-12-28,9,4225.37,3,5,5,4,Champions
U011324,2025-06-17,2,563.19,197,1,2,1,Hibernating
U011325,2025-12-31,6,2879.79,0,5,4,3,Champions
U011327,2025-09-08,3,1445.51,114,2,2,2,Hibernating
U011328,2025-09-27,6,2954.02,95,2,4,3,Loyal
U011329,2025-10-01,1,1021.95,91,2,1,1,Hibernating
U011330,2025-09-19,7,3289.9,103,2,5,4,Loyal
U011331,2025-11-17,7,3186.98,44,3,5,3,Loyal
U011332,2025-11-19,9,5260.74,42,3,5,5,Loyal
U011333,2025-09-13,3,1715.3200000000002,109,2,2,2,Hibernating
U011334,2025-12-04,6,8311.18,27,4,4,5,Champions
U011335,2025-03-24,1,265.49,282,1,1,1,Hibernating
U011336,2025-09-23,2,2547.5699999999997,99,2,2,3,Hibernating
U011337,2025-08-02,1,1102.62,151,1,1,1,Hibernating
U011338,2025-11-17,10,10948.89,44,3,5,5,Loyal
U011339,2025-12-30,7,6027.06,1,5,5,5,Champions
U011340,2025-12-23,2,1346.77,8,5,2,2,New & Promising
U011341,2025-09-08,1,770.19,114,2,1,1,Hibernating
U011343,2025-11-09,3,2760.36,52,3,2,3,Potential Loyalists
U011344,2025-11-12,4,1815.12,49,3,3,2,Potential Loyalists
U011345,2025-08-31,2,951.39,122,2,2,1,Hibernating
U011346,2025-10-27,7,5052.6,65,3,5,5,Loyal
U011347,2025-12-26,6,3780.49,5,5,4,4,Champions
U011348,2025-12-23,4,1630.87,8,5,3,2,Potential Loyalists
U011349,2025-11-01,3,2478.57,60,3,2,3,Potential Loyalists
U011350,2025-12-13,15,8226.42,18,4,5,5,Champions
U011351,2025-03-25,3,1635.94,281,1,2,2,Hibernating
U011352,2025-10-23,7,4677.73,69,2,5,4,Loyal
U011353,2025-11-10,9,6475.93,51,3,5,5,Loyal
U011354,2025-08-14,4,3433.49,139,1,3,4,At Risk
U011355,2025-12-14,5,4861.19,17,5,4,5,Champions
U011356,2025-03-28,1,576.82,278,1,1,1,Hibernating
U011357,2025-01-18,1,883.01,347,1,1,1,Hibernating
U011358,2025-09-18,5,4221.46,104,2,4,4,Loyal
U011359,2025-12-24,8,3683.16,7,5,5,4,Champions
U011360,2025-08-09,6,5130.1900000000005,144,1,4,5,Loyal
U011361,2025-02-14,1,529.84,320,1,1,1,Hibernating
U011362,2025-09-18,4,2549.41,104,2,3,3,At Risk
U011363,2025-11-29,11,8383.9,32,4,5,5,Champions
U011364,2025-12-22,10,5896.13,9,5,5,5,Champions
U011365,2025-12-21,8,5177.530000000001,10,5,5,5,Champions
U011366,2025-12-11,4,2518.34,20,4,3,3,Potential Loyalists
U011367,2025-12-21,3,2740.9399999999996,10,5,2,3,New & Promising
U011368,2025-12-30,5,3428.54,1,5,4,4,Champions
U011369,2025-12-11,6,5124.92,20,4,4,5,Champions
U011370,2025-11-11,3,1174.16,50,3,2,1,Potential Loyalists
U011371,2025-09-08,2,762.5,114,2,2,1,Hibernating
U011372,2025-12-27,8,2120.2,4,5,5,3,Champions
U011373,2025-10-03,8,6810.96,89,2,5,5,Loyal
U011374,2025-08-03,5,5147.429999999999,150,1,4,5,Loyal
U011376,2025-12-15,2,861.99,16,5,2,1,New & Promising
U011377,2025-11-16,9,7987.35,45,3,5,5,Loyal
U011378,2025-10-12,2,654.5799999999999,80,2,2,1,Hibernating
U011379,2025-11-12,4,2345.9,49,3,3,3,Potential Loyalists
U011380,2025-11-22,4,4552.299999999999,39,3,3,4,Potential Loyalists
U011381,2025-11-30,9,6114.34,31,4,5,5,Champions
U011382,2025-11-29,4,3133.99,32,4,3,3,Potential Loyalists
U011383,2025-10-28,7,3086.19,64,3,5,3,Loyal
U011384,2025-10-18,4,2082.35,74,2,3,2,At Risk
U011385,2025-12-16,8,4483.95,15,5,5,4,Champions
U011386,2025-12-26,1,236.38,5,5,1,1,New & Promising
U011387,2025-11-23,4,1308.99,38,3,3,2,Potential Loyalists
U011388,2025-11-10,6,4062.2200000000003,51,3,4,4,Loyal
U011389,2025-01-25,1,744.89,340,1,1,1,Hibernating
U011390,2025-12-13,4,1776.5,18,4,3,2,Potential Loyalists
U011391,2025-11-10,6,3794.61,51,3,4,4,Loyal
U011392,2025-11-15,1,461.96,46,3,1,1,Potential Loyalists
U011393,2025-12-18,10,5594.94,13,5,5,5,Champions
U011394,2025-12-24,7,3881.47,7,5,5,4,Champions
U011395,2025-09-12,1,940.21,110,2,1,1,Hibernating
U011396,2025-11-01,9,6975.38,60,3,5,5,Loyal
U011397,2025-12-31,10,6298.37,0,5,5,5,Champions
U011398,2025-10-02,4,5004.05,90,2,3,5,At Risk
U011399,2025-11-05,4,1712.26,56,3,3,2,Potential Loyalists
U011400,2025-04-20,3,1175.71,255,1,2,1,Hibernating
U011401,2025-12-22,7,6189.89,9,5,5,5,Champions
U011402,2025-07-14,3,2903.73,170,1,2,3,Hibernating
U011403,2025-12-14,7,4196.4,17,5,5,4,Champions
U011404,2025-09-20,4,2322.9300000000003,102,2,3,3,At Risk
U011405,2025-09-26,5,4065.9700000000003,96,2,4,4,Loyal
U011406,2025-05-21,5,3490.44,224,1,4,4,Loyal
U011407,2025-11-11,6,2611.24,50,3,4,3,Loyal
U011408,2025-12-29,2,1486.24,2,5,2,2,New & Promising
U011409,2025-12-02,9,7634.15,29,4,5,5,Champions
U011410,2025-12-27,6,2908.99,4,5,4,3,Champions
U011411,2025-10-27,4,1879.7,65,3,3,2,Potential Loyalists
U011412,2025-10-01,6,2947.73,91,2,4,3,Loyal
U011413,2025-10-01,6,4192.11,91,2,4,4,Loyal
U011414,2025-09-10,6,3509.54,112,2,4,4,Loyal
U011415,2025-09-08,6,2371.0699999999997,114,2,4,3,Loyal
U011416,2025-11-01,5,3977.84,60,3,4,4,Loyal
U011417,2025-12-11,4,2551.14,20,4,3,3,Potential Loyalists
U011418,2025-08-22,2,811.62,131,1,2,1,Hibernating
U011419,2025-12-27,6,3064.17,4,5,4,3,Champions
U011420,2025-09-26,5,4016.41,96,2,4,4,Loyal
U011421,2025-11-22,4,1799.9099999999999,39,3,3,2,Potential Loyalists
U011422,2025-06-03,1,370.86,211,1,1,1,Hibernating
U011423,2025-12-19,12,5899.26,12,5,5,5,Champions
U011424,2025-08-07,1,373.77,146,1,1,1,Hibernating
U011425,2025-11-13,9,7735.1,48,3,5,5,Loyal
U011426,2025-11-12,4,2519.6,49,3,3,3,Potential Loyalists
U011427,2025-12-28,11,10102.89,3,5,5,5,Champions
U011428,2025-02-28,2,1048.21,306,1,2,1,Hibernating
U011429,2025-12-26,7,3235.79,5,5,5,4,Champions
U011430,2025-08-30,7,2732.37,123,2,5,3,Loyal
U011431,2025-10-17,3,1559.4299999999998,75,2,2,2,Hibernating
U011432,2025-12-23,4,1594.94,8,5,3,2,Potential Loyalists
U011433,2025-12-08,8,3935.58,23,4,5,4,Champions
U011434,2025-06-19,4,2065.12,195,1,3,2,At Risk
U011435,2025-09-09,6,3377.93,113,2,4,4,Loyal
U011436,2025-07-14,3,2331.7,170,1,2,3,Hibernating
U011437,2025-12-09,8,5596.1,22,4,5,5,Champions
U011438,2025-05-30,2,1070.71,215,1,2,1,Hibernating
U011439,2025-10-26,5,2643.16,66,3,4,3,Loyal
U011440,2025-10-19,7,5263.72,73,2,5,5,Loyal
U011441,2025-10-20,6,2585.93,72,2,4,3,Loyal
U011442,2025-10-15,8,4549.33,77,2,5,4,Loyal
U011443,2025-10-07,7,5391.74,85,2,5,5,Loyal
U011444,2025-11-07,3,1725.4,54,3,2,2,Potential Loyalists
U011445,2025-12-20,7,3781.0699999999997,11,5,5,4,Champions
U011446,2025-09-27,6,3619.0,95,2,4,4,Loyal
U011447,2025-12-29,6,2435.68,2,5,4,3,Champions
U011448,2025-12-01,10,5217.04,30,4,5,5,Champions
U011449,2025-12-03,6,2960.73,28,4,4,3,Champions
U011450,2025-12-03,5,3310.31,28,4,4,4,Champions
U011451,2025-11-26,2,2082.37,35,4,2,2,New & Promising
U011452,2025-12-14,17,10563.31,17,5,5,5,Champions
U011453,2025-12-02,4,1915.31,29,4,3,2,Potential Loyalists
U011455,2025-12-10,7,4828.84,21,4,5,5,Champions
U011456,2025-05-25,1,740.34,220,1,1,1,Hibernating
U011457,2025-07-13,2,1238.8400000000001,171,1,2,2,Hibernating
U011458,2025-11-07,5,5451.35,54,3,4,5,Loyal
U011459,2025-12-11,11,7108.03,20,4,5,5,Champions
U011460,2025-07-14,2,1377.91,170,1,2,2,Hibernating
U011461,2025-09-10,3,983.2099999999999,112,2,2,1,Hibernating
U011462,2025-08-30,4,2856.6099999999997,123,2,3,3,At Risk
U011463,2025-11-26,7,6661.86,35,4,5,5,Champions
U011464,2025-12-13,8,3808.58,18,4,5,4,Champions
U011465,2025-10-23,6,4507.8,69,2,4,4,Loyal
U011466,2025-12-11,8,3612.16,20,4,5,4,Champions
U011467,2025-10-31,2,940.8,61,3,2,1,Potential Loyalists
U011468,2025-10-13,4,3163.13,79,2,3,3,At Risk
U011469,2025-09-10,5,2843.25,112,2,4,3,Loyal
U011470,2025-11-30,6,3097.1499999999996,31,4,4,3,Champions
U011471,2025-11-10,3,825.9300000000001,51,3,2,1,Potential Loyalists
U011472,2025-12-28,10,3950.44,3,5,5,4,Champions
U011473,2025-10-24,7,3178.9300000000003,68,2,5,3,Loyal
U011474,2025-12-11,5,2201.84,20,4,4,3,Champions
U011476,2025-12-20,7,2541.73,11,5,5,3,Champions
U011477,2025-11-28,4,1664.09,33,4,3,2,Potential Loyalists
U011478,2025-03-11,2,1970.46,295,1,2,2,Hibernating
U011479,2025-07-05,6,6870.03,179,1,4,5,Loyal
U011480,2025-12-31,14,10747.08,0,5,5,5,Champions
U011481,2025-08-24,2,1093.92,129,1,2,1,Hibernating
U011482,2025-11-22,2,850.12,39,3,2,1,Potential Loyalists
U011483,2025-11-29,1,567.7,32,4,1,1,New & Promising
U011484,2025-12-02,1,466.93,29,4,1,1,New & Promising
U011485,2025-09-28,4,2850.37,94,2,3,3,At Risk
U011487,2025-06-16,3,2144.71,198,1,2,3,Hibernating
U011488,2025-12-22,5,7482.129999999999,9,5,4,5,Champions
U011489,2025-10-25,2,572.21,67,2,2,1,Hibernating
U011490,2025-11-11,6,2613.45,50,3,4,3,Loyal
U011491,2025-12-20,9,5463.49,11,5,5,5,Champions
U011492,2025-12-03,6,4623.610000000001,28,4,4,4,Champions
U011493,2025-07-19,6,5301.79,165,1,4,5,Loyal
U011494,2025-07-18,4,2336.4,166,1,3,3,At Risk
U011495,2025-04-05,2,566.8199999999999,270,1,2,1,Hibernating
U011496,2025-11-26,4,2455.83,35,4,3,3,Potential Loyalists
U011497,2025-12-15,6,4572.32,16,5,4,4,Champions
U011498,2025-12-21,7,3949.1800000000003,10,5,5,4,Champions
U011499,2025-08-08,3,1764.4099999999999,145,1,2,2,Hibernating
U011500,2025-09-30,5,2661.06,92,2,4,3,Loyal
U011501,2025-12-28,10,5699.36,3,5,5,5,Champions
U011502,2025-04-28,1,2748.76,247,1,1,3,Hibernating
U011503,2025-10-21,5,1786.6399999999999,71,2,4,2,Loyal
U011504,2025-10-17,6,3126.0499999999997,75,2,4,3,Loyal
U011505,2025-03-24,1,1224.45,282,1,1,2,Hibernating
U011506,2025-12-31,7,3899.3099999999995,0,5,5,4,Champions
U011507,2025-12-02,7,3848.6,29,4,5,4,Champions
U011509,2025-11-12,10,5800.95,49,3,5,5,Loyal
U011510,2025-01-17,1,258.83,348,1,1,1,Hibernating
U011511,2025-05-18,2,896.71,227,1,2,1,Hibernating
U011512,2025-04-04,1,157.78,271,1,1,1,Hibernating
U011513,2025-05-25,4,2885.06,220,1,3,3,At Risk
U011514,2025-11-19,7,2967.47,42,3,5,3,Loyal
U011515,2025-09-13,3,1738.93,109,2,2,2,Hibernating
U011516,2025-03-26,1,785.94,280,1,1,1,Hibernating
U011517,2025-09-07,5,2930.45,115,2,4,3,Loyal
U011518,2025-10-24,6,2556.0099999999998,68,2,4,3,Loyal
U011519,2025-12-23,5,1954.67,8,5,4,2,Champions
U011520,2025-10-25,3,2654.33,67,2,2,3,Hibernating
U011521,2025-10-01,2,694.64,91,2,2,1,Hibernating
U011522,2025-11-12,7,4042.57,49,3,5,4,Loyal
U011523,2025-11-12,9,4881.78,49,3,5,5,Loyal
U011524,2025-12-19,15,9209.18,12,5,5,5,Champions
U011525,2025-12-11,6,3644.12,20,4,4,4,Champions
U011526,2025-11-30,6,3752.6,31,4,4,4,Champions
U011527,2025-12-31,2,2630.86,0,5,2,3,New & Promising
U011528,2025-08-18,3,1278.72,135,1,2,2,Hibernating
U011529,2025-10-26,7,5017.73,66,3,5,5,Loyal
U011530,2025-10-31,5,2716.5099999999998,61,3,4,3,Loyal
U011531,2025-11-02,1,1307.25,59,3,1,2,Potential Loyalists
U011533,2025-09-26,10,4735.15,96,2,5,5,Loyal
U011534,2025-11-18,4,3726.02,43,3,3,4,Potential Loyalists
U011536,2025-12-22,6,3482.11,9,5,4,4,Champions
U011537,2025-10-23,5,4040.3100000000004,69,2,4,4,Loyal
U011538,2025-04-02,1,906.69,273,1,1,1,Hibernating
U011539,2025-10-17,1,260.58,75,2,1,1,Hibernating
U011540,2025-10-06,6,3018.01,86,2,4,3,Loyal
U011541,2025-12-19,9,11229.65,12,5,5,5,Champions
U011542,2025-12-11,8,4730.7,20,4,5,4,Champions
U011543,2025-12-12,12,6973.08,19,4,5,5,Champions
U011544,2025-11-11,9,4501.35,50,3,5,4,Loyal
U011546,2025-12-11,6,2396.98,20,4,4,3,Champions
U011547,2025-11-22,11,5422.5599999999995,39,3,5,5,Loyal
U011548,2025-11-10,7,4443.7,51,3,5,4,Loyal
U011549,2025-01-25,2,1352.48,340,1,2,2,Hibernating
U011550,2025-09-25,9,5877.66,97,2,5,5,Loyal
U011551,2025-12-09,5,3273.7799999999997,22,4,4,4,Champions
U011552,2025-12-28,4,1498.74,3,5,3,2,Potential Loyalists
U011553,2025-12-13,10,6287.92,18,4,5,5,Champions
U011555,2025-07-26,3,1161.6399999999999,158,1,2,1,Hibernating
U011556,2025-06-22,3,2060.82,192,1,2,2,Hibernating
U011557,2025-11-12,2,969.46,49,3,2,1,Potential Loyalists
U011558,2025-09-08,1,623.95,114,2,1,1,Hibernating
U011559,2025-01-06,1,2304.69,359,1,1,3,Hibernating
U011560,2025-11-14,7,7325.55,47,3,5,5,Loyal
U011561,2025-04-23,2,978.9100000000001,252,1,2,1,Hibernating
U011562,2025-11-05,7,3993.0,56,3,5,4,Loyal
U011563,2025-10-23,7,4226.39,69,2,5,4,Loyal
U011564,2025-09-15,2,1069.31,107,2,2,1,Hibernating
U011565,2025-11-29,7,4294.37,32,4,5,4,Champions
U011567,2025-11-25,7,3644.05,36,4,5,4,Champions
U011568,2025-12-30,6,4942.46,1,5,4,5,Champions
U011569,2025-03-24,2,1008.59,282,1,2,1,Hibernating
U011570,2025-08-23,3,1478.63,130,1,2,2,Hibernating
U011571,2025-12-28,9,4692.83,3,5,5,4,Champions
U011572,2025-12-05,5,4126.85,26,4,4,4,Champions
U011573,2025-12-18,5,3642.6499999999996,13,5,4,4,Champions
U011574,2025-12-27,2,542.68,4,5,2,1,New & Promising
U011575,2025-09-25,2,598.51,97,2,2,1,Hibernating
U011576,2025-09-06,7,3182.52,116,2,5,3,Loyal
U011577,2025-11-11,3,1706.1399999999999,50,3,2,2,Potential Loyalists
U011578,2025-12-10,5,4173.54,21,4,4,4,Champions
U011579,2025-12-13,8,4061.58,18,4,5,4,Champions
U011580,2025-12-14,10,8054.610000000001,17,5,5,5,Champions
U011581,2025-05-01,5,2652.02,244,1,4,3,Loyal
U011582,2025-10-12,4,2661.4300000000003,80,2,3,3,At Risk
U011584,2025-10-27,6,1529.54,65,3,4,2,Loyal
U011585,2025-11-11,7,3298.74,50,3,5,4,Loyal
U011586,2025-11-28,7,5875.63,33,4,5,5,Champions
U011587,2025-12-15,8,3908.85,16,5,5,4,Champions
U011588,2025-12-19,5,3325.95,12,5,4,4,Champions
U011589,2025-10-22,3,1785.78,70,2,2,2,Hibernating
U011590,2025-09-14,7,7099.83,108,2,5,5,Loyal
U011591,2025-10-24,5,2939.85,68,2,4,3,Loyal
U011592,2025-11-25,6,2763.16,36,4,4,3,Champions
U011593,2025-12-11,5,4787.13,20,4,4,5,Champions
U011594,2025-02-18,2,728.01,316,1,2,1,Hibernating
U011595,2025-12-07,6,4755.39,24,4,4,5,Champions
U011596,2025-02-15,3,1127.4299999999998,319,1,2,1,Hibernating
U011598,2025-09-15,2,1561.1,107,2,2,2,Hibernating
U011599,2025-09-20,1,709.4,102,2,1,1,Hibernating
U011600,2025-12-12,3,1781.8200000000002,19,4,2,2,New & Promising
U011601,2025-12-14,4,2666.19,17,5,3,3,Potential Loyalists
U011602,2025-12-14,8,7143.86,17,5,5,5,Champions
U011603,2025-10-04,5,1974.04,88,2,4,2,Loyal
U011604,2025-08-24,6,3263.3,129,1,4,4,Loyal
U011605,2025-11-13,6,2584.5699999999997,48,3,4,3,Loyal
U011606,2025-12-13,8,6586.400000000001,18,4,5,5,Champions
U011607,2025-10-02,4,2121.68,90,2,3,3,At Risk
U011608,2025-09-08,1,2023.86,114,2,1,2,Hibernating
U011610,2025-12-18,9,6566.5,13,5,5,5,Champions
U011611,2025-11-13,5,3157.89,48,3,4,3,Loyal
U011612,2025-11-11,4,1949.12,50,3,3,2,Potential Loyalists
U011613,2025-07-10,3,1307.83,174,1,2,2,Hibernating
U011614,2025-05-22,1,1234.74,223,1,1,2,Hibernating
U011615,2025-08-25,4,1471.96,128,1,3,2,At Risk
U011616,2025-11-29,2,517.1700000000001,32,4,2,1,New & Promising
U011617,2025-12-29,1,827.23,2,5,1,1,New & Promising
U011618,2025-12-23,8,3847.01,8,5,5,4,Champions
U011619,2025-12-03,6,3281.92,28,4,4,4,Champions
U011620,2025-06-26,2,519.95,188,1,2,1,Hibernating
U011621,2025-10-12,4,1877.97,80,2,3,2,At Risk
U011622,2025-11-12,4,4609.85,49,3,3,4,Potential Loyalists
U011623,2025-12-09,4,3968.62,22,4,3,4,Potential Loyalists
U011624,2025-11-24,6,3445.0,37,3,4,4,Loyal
U011626,2025-12-26,16,10901.79,5,5,5,5,Champions
U011627,2025-12-31,4,2444.18,0,5,3,3,Potential Loyalists
U011628,2025-06-06,3,1715.74,208,1,2,2,Hibernating
U011629,2025-10-19,5,2520.8500000000004,73,2,4,3,Loyal
U011630,2025-03-27,2,1602.93,279,1,2,2,Hibernating
U011631,2025-10-18,6,4027.84,74,2,4,4,Loyal
U011632,2025-12-11,8,2643.0099999999998,20,4,5,3,Champions
U011633,2025-11-12,7,5552.21,49,3,5,5,Loyal
U011634,2025-08-21,4,1611.4,132,1,3,2,At Risk
U011635,2025-12-18,4,2348.61,13,5,3,3,Potential Loyalists
U011636,2025-12-24,8,5899.76,7,5,5,5,Champions
U011637,2025-12-06,2,1255.5,25,4,2,2,New & Promising
U011638,2025-11-20,11,5605.59,41,3,5,5,Loyal
U011639,2025-10-20,2,2285.51,72,2,2,3,Hibernating
U011640,2025-12-29,4,1306.32,2,5,3,2,Potential Loyalists
U011641,2025-10-13,5,4231.08,79,2,4,4,Loyal
U011642,2025-12-19,5,2323.76,12,5,4,3,Champions
U011643,2025-12-13,4,3359.88,18,4,3,4,Potential Loyalists
U011644,2025-11-10,3,1511.56,51,3,2,2,Potential Loyalists
U011645,2025-12-19,5,3074.38,12,5,4,3,Champions
U011647,2025-10-18,1,334.28,74,2,1,1,Hibernating
U011648,2025-09-04,1,171.28,118,2,1,1,Hibernating
U011649,2025-10-20,5,2937.74,72,2,4,3,Loyal
U011650,2025-11-23,7,4249.69,38,3,5,4,Loyal
U011651,2025-12-12,15,11697.29,19,4,5,5,Champions
U011652,2025-12-23,6,3750.19,8,5,4,4,Champions
U011653,2025-12-12,7,3561.85,19,4,5,4,Champions
U011654,2025-08-09,1,524.73,144,1,1,1,Hibernating
U011655,2025-12-31,5,2769.59,0,5,4,3,Champions
U011656,2025-12-15,4,1821.9,16,5,3,2,Potential Loyalists
U011657,2025-11-21,7,4693.1,40,3,5,4,Loyal
U011658,2025-10-07,3,1677.57,85,2,2,2,Hibernating
U011659,2025-09-22,5,3580.63,100,2,4,4,Loyal
U011660,2025-12-30,6,3564.54,1,5,4,4,Champions
U011661,2025-09-21,1,634.48,101,2,1,1,Hibernating
U011662,2025-08-22,1,554.86,131,1,1,1,Hibernating
U011663,2025-10-02,2,1589.71,90,2,2,2,Hibernating
U011664,2025-09-14,3,2184.02,108,2,2,3,Hibernating
U011665,2025-12-27,9,4988.8,4,5,5,5,Champions
U011666,2025-03-31,4,1467.46,275,1,3,2,At Risk
U011667,2025-11-21,4,2254.1,40,3,3,3,Potential Loyalists
U011668,2025-06-22,3,1039.33,192,1,2,1,Hibernating
U011669,2025-08-27,6,4271.51,126,2,4,4,Loyal
U011670,2025-12-28,4,1612.67,3,5,3,2,Potential Loyalists
U011671,2025-12-03,8,4224.38,28,4,5,4,Champions
U011672,2025-12-18,9,5898.71,13,5,5,5,Champions
U011673,2025-10-03,4,4243.17,89,2,3,4,At Risk
U011674,2025-09-14,4,2894.4,108,2,3,3,At Risk
U011676,2025-11-27,7,3867.74,34,4,5,4,Champions
U011677,2025-04-30,4,4673.91,245,1,3,4,At Risk
U011678,2025-12-21,5,2664.12,10,5,4,3,Champions
U011679,2025-06-16,1,690.78,198,1,1,1,Hibernating
U011680,2025-10-31,9,3491.77,61,3,5,4,Loyal
U011681,2025-10-06,5,2117.33,86,2,4,2,Loyal
U011682,2025-06-16,3,1951.81,198,1,2,2,Hibernating
U011683,2025-05-30,2,926.79,215,1,2,1,Hibernating
U011684,2025-10-29,9,4944.78,63,3,5,5,Loyal
U011685,2025-12-14,7,4961.65,17,5,5,5,Champions
U011686,2025-11-01,6,2766.62,60,3,4,3,Loyal
U011687,2025-12-19,1,366.0,12,5,1,1,New & Promising
U011688,2025-11-29,9,4175.34,32,4,5,4,Champions
U011689,2025-10-10,7,6489.67,82,2,5,5,Loyal
U011690,2025-03-21,1,1135.13,285,1,1,1,Hibernating
U011691,2025-11-12,12,8575.82,49,3,5,5,Loyal
U011692,2025-11-14,2,1877.1,47,3,2,2,Potential Loyalists
U011693,2025-09-02,9,7238.8,120,2,5,5,Loyal
U011694,2025-11-02,7,2764.75,59,3,5,3,Loyal
U011695,2025-12-04,3,2676.2599999999998,27,4,2,3,New & Promising
U011696,2025-06-22,1,457.86,192,1,1,1,Hibernating
U011697,2025-10-27,6,2462.49,65,3,4,3,Loyal
U011698,2025-12-27,8,3259.13,4,5,5,4,Champions
U011699,2025-06-14,1,572.95,200,1,1,1,Hibernating
U011700,2025-12-18,2,628.42,13,5,2,1,New & Promising
U011701,2025-12-19,7,4608.72,12,5,5,4,Champions
U011702,2025-09-27,1,580.0,95,2,1,1,Hibernating
U011703,2025-12-16,1,446.17,15,5,1,1,New & Promising
U011704,2025-10-13,5,2010.4499999999998,79,2,4,2,Loyal
U011705,2025-12-05,5,3324.95,26,4,4,4,Champions
U011706,2025-08-15,4,3026.7,138,1,3,3,At Risk
U011707,2025-11-05,4,1811.6200000000001,56,3,3,2,Potential Loyalists
U011708,2025-12-24,8,6261.09,7,5,5,5,Champions
U011709,2025-06-13,1,466.18,201,1,1,1,Hibernating
U011710,2025-06-30,2,1807.54,184,1,2,2,Hibernating
U011711,2025-08-29,3,1607.6999999999998,124,2,2,2,Hibernating
U011712,2025-10-08,4,5286.57,84,2,3,5,At Risk
U011713,2025-08-15,3,4062.96,138,1,2,4,Hibernating
U011715,2025-04-29,1,407.13,246,1,1,1,Hibernating
U011716,2025-06-24,5,3542.5200000000004,190,1,4,4,Loyal
U011717,2025-11-17,4,3067.37,44,3,3,3,Potential Loyalists
U011718,2025-05-01,3,2246.96,244,1,2,3,Hibernating
U011719,2025-12-28,2,1576.0,3,5,2,2,New & Promising
U011720,2025-12-31,5,3207.96,0,5,4,4,Champions
U011721,2025-12-29,7,6216.12,2,5,5,5,Champions
U011723,2025-11-11,8,3874.66,50,3,5,4,Loyal
U011724,2025-08-11,1,458.55,142,1,1,1,Hibernating
U011725,2025-12-21,2,1474.03,10,5,2,2,New & Promising
U011726,2025-12-11,8,3802.7400000000002,20,4,5,4,Champions
U011727,2025-11-01,8,8346.210000000001,60,3,5,5,Loyal
U011728,2025-10-06,9,7035.51,86,2,5,5,Loyal
U011729,2025-12-06,11,4861.05,25,4,5,5,Champions
U011730,2025-12-08,8,4717.57,23,4,5,4,Champions
U011731,2025-12-19,6,3149.13,12,5,4,3,Champions
U011732,2025-09-20,9,8264.369999999999,102,2,5,5,Loyal
U011733,2025-11-12,5,2402.21,49,3,4,3,Loyal
U011734,2025-02-14,1,475.48,320,1,1,1,Hibernating
U011735,2025-12-22,4,2029.79,9,5,3,2,Potential Loyalists
U011736,2025-09-09,5,2545.27,113,2,4,3,Loyal
U011737,2025-03-05,1,916.68,301,1,1,1,Hibernating
U011738,2025-10-11,8,6029.25,81,2,5,5,Loyal
U011739,2025-12-13,2,1016.5,18,4,2,1,New & Promising
U011740,2025-10-25,4,2409.34,67,2,3,3,At Risk
U011741,2025-12-13,12,7580.16,18,4,5,5,Champions
U011742,2025-11-30,7,4327.1,31,4,5,4,Champions
U011743,2025-12-05,10,5670.11,26,4,5,5,Champions
U011744,2025-12-28,6,3234.33,3,5,4,4,Champions
U011745,2025-11-11,1,1750.4,50,3,1,2,Potential Loyalists
U011747,2025-09-05,2,2117.91,117,2,2,2,Hibernating
U011748,2025-11-08,11,6546.9,53,3,5,5,Loyal
U011749,2025-12-14,7,2525.58,17,5,5,3,Champions
U011750,2025-10-31,6,5611.3,61,3,4,5,Loyal
U011751,2025-12-02,9,8557.23,29,4,5,5,Champions
U011752,2025-10-30,6,4229.2300000000005,62,3,4,4,Loyal
U011753,2025-10-24,5,3002.0699999999997,68,2,4,3,Loyal
U011754,2025-10-30,6,2413.92,62,3,4,3,Loyal
U011755,2025-09-28,1,204.07,94,2,1,1,Hibernating
U011756,2025-08-27,5,2858.05,126,2,4,3,Loyal
U011757,2025-12-24,4,1280.09,7,5,3,2,Potential Loyalists
U011758,2025-05-24,2,1267.31,221,1,2,2,Hibernating
U011759,2025-12-25,2,1188.55,6,5,2,1,New & Promising
U011760,2025-11-22,5,3114.65,39,3,4,3,Loyal
U011761,2025-08-22,2,1138.88,131,1,2,1,Hibernating
U011762,2025-06-18,1,497.08,196,1,1,1,Hibernating
U011763,2025-07-19,1,505.02,165,1,1,1,Hibernating
U011764,2025-02-19,2,1024.87,315,1,2,1,Hibernating
U011765,2025-10-31,2,820.0999999999999,61,3,2,1,Potential Loyalists
U011766,2025-08-07,1,186.51,146,1,1,1,Hibernating
U011767,2025-09-09,2,2841.89,113,2,2,3,Hibernating
U011768,2025-11-25,5,2288.08,36,4,4,3,Champions
U011769,2025-09-30,3,3027.75,92,2,2,3,Hibernating
U011770,2025-12-28,2,502.20000000000005,3,5,2,1,New & Promising
U011771,2025-12-24,5,4147.46,7,5,4,4,Champions
U011772,2025-12-13,9,6282.42,18,4,5,5,Champions
U011773,2025-11-10,7,4304.7699999999995,51,3,5,4,Loyal
U011774,2025-11-17,2,793.42,44,3,2,1,Potential Loyalists
U011776,2025-12-13,8,3250.2,18,4,5,4,Champions
U011777,2025-12-28,5,2241.16,3,5,4,3,Champions
U011778,2025-10-15,1,462.1,77,2,1,1,Hibernating
U011779,2025-11-22,4,1715.42,39,3,3,2,Potential Loyalists
U011780,2025-12-13,9,7085.870000000001,18,4,5,5,Champions
U011781,2025-11-19,9,8015.219999999999,42,3,5,5,Loyal
U011782,2025-06-22,2,1637.72,192,1,2,2,Hibernating
U011783,2025-11-01,2,1633.08,60,3,2,2,Potential Loyalists
U011784,2025-12-07,2,930.8499999999999,24,4,2,1,New & Promising
U011785,2025-09-22,1,1434.86,100,2,1,2,Hibernating
U011786,2025-06-19,1,962.33,195,1,1,1,Hibernating
U011787,2025-08-29,5,3802.44,124,2,4,4,Loyal
U011788,2025-11-12,6,3124.3500000000004,49,3,4,3,Loyal
U011789,2025-12-11,12,8376.94,20,4,5,5,Champions
U011791,2025-12-24,1,1861.08,7,5,1,2,New & Promising
U011792,2025-03-12,1,927.99,294,1,1,1,Hibernating
U011793,2025-10-30,1,441.13,62,3,1,1,Potential Loyalists
U011794,2025-12-31,7,4778.23,0,5,5,5,Champions
U011795,2025-11-29,9,7972.99,32,4,5,5,Champions
U011796,2025-12-16,3,3095.4,15,5,2,3,New & Promising
U011797,2025-12-12,7,5178.83,19,4,5,5,Champions
U011798,2025-12-11,4,1993.0,20,4,3,2,Potential Loyalists
U011799,2025-11-30,12,7696.76,31,4,5,5,Champions
U011800,2025-08-23,1,707.85,130,1,1,1,Hibernating
U011801,2025-10-29,5,2714.0,63,3,4,3,Loyal
U011802,2025-12-09,3,1304.41,22,4,2,2,New & Promising
U011803,2025-11-19,5,5210.04,42,3,4,5,Loyal
U011804,2025-08-21,1,564.44,132,1,1,1,Hibernating
U011805,2025-10-18,4,1663.1,74,2,3,2,At Risk
U011806,2025-04-01,1,1092.6,274,1,1,1,Hibernating
U011807,2025-11-23,6,2228.3,38,3,4,3,Loyal
U011808,2025-11-30,7,4630.8099999999995,31,4,5,4,Champions
U011809,2025-12-26,10,8926.74,5,5,5,5,Champions
U011810,2025-10-29,7,9778.47,63,3,5,5,Loyal
U011811,2025-12-09,5,1952.5100000000002,22,4,4,2,Champions
U011812,2025-06-04,3,2541.55,210,1,2,3,Hibernating
U011813,2025-10-05,4,3664.5,87,2,3,4,At Risk
U011814,2025-10-08,7,3241.52,84,2,5,4,Loyal
U011815,2025-12-01,5,2806.1800000000003,30,4,4,3,Champions
U011816,2025-12-03,4,2865.92,28,4,3,3,Potential Loyalists
U011817,2025-10-11,9,6051.66,81,2,5,5,Loyal
U011818,2025-09-28,6,7000.44,94,2,4,5,Loyal
U011819,2025-12-29,4,3017.63,2,5,3,3,Potential Loyalists
U011820,2025-12-10,2,963.92,21,4,2,1,New & Promising
U011821,2025-07-30,4,2357.16,154,1,3,3,At Risk
U011822,2025-06-16,2,931.67,198,1,2,1,Hibernating
U011823,2025-05-12,1,857.74,233,1,1,1,Hibernating
U011824,2025-07-09,1,390.3,175,1,1,1,Hibernating
U011825,2025-03-31,2,930.29,275,1,2,1,Hibernating
U011826,2025-12-11,5,2354.86,20,4,4,3,Champions
U011827,2025-12-23,5,2947.65,8,5,4,3,Champions
U011828,2025-12-19,5,3885.3999999999996,12,5,4,4,Champions
U011829,2025-11-26,4,3231.33,35,4,3,4,Potential Loyalists
U011830,2025-12-22,4,1431.74,9,5,3,2,Potential Loyalists
U011831,2025-12-19,6,3938.52,12,5,4,4,Champions
U011832,2025-11-30,8,4588.21,31,4,5,4,Champions
U011833,2025-12-08,6,3123.6499999999996,23,4,4,3,Champions
U011834,2025-12-31,6,3714.2799999999997,0,5,4,4,Champions
U011835,2025-12-15,5,3071.3199999999997,16,5,4,3,Champions
U011836,2025-11-18,9,6091.27,43,3,5,5,Loyal
U011837,2025-12-19,9,5774.64,12,5,5,5,Champions
U011838,2025-12-14,8,5287.96,17,5,5,5,Champions
U011839,2025-12-30,5,5525.87,1,5,4,5,Champions
U011840,2025-10-16,4,2011.79,76,2,3,2,At Risk
U011841,2025-12-18,5,1309.6299999999999,13,5,4,2,Champions
U011842,2025-06-06,5,2060.1800000000003,208,1,4,2,Loyal
U011843,2025-02-07,1,744.16,327,1,1,1,Hibernating
U011844,2025-12-11,3,1696.69,20,4,2,2,New & Promising
U011845,2025-12-09,12,9755.41,22,4,5,5,Champions
U011846,2025-12-28,8,3013.76,3,5,5,3,Champions
U011847,2025-11-16,3,2973.99,45,3,2,3,Potential Loyalists
U011848,2025-11-02,4,1416.1100000000001,59,3,3,2,Potential Loyalists
U011849,2025-09-20,3,3141.6900000000005,102,2,2,3,Hibernating
U011850,2025-12-21,7,3570.3,10,5,5,4,Champions
U011851,2025-11-03,5,1941.21,58,3,4,2,Loyal
U011852,2025-09-27,2,1105.83,95,2,2,1,Hibernating
U011853,2025-12-13,3,1222.81,18,4,2,2,New & Promising
U011854,2025-10-18,6,3041.56,74,2,4,3,Loyal
U011855,2025-04-07,2,834.48,268,1,2,1,Hibernating
U011856,2025-01-31,1,987.62,334,1,1,1,Hibernating
U011857,2025-12-31,3,1705.0,0,5,2,2,New & Promising
U011858,2025-11-11,7,3171.63,50,3,5,3,Loyal
U011859,2025-08-31,3,637.6400000000001,122,2,2,1,Hibernating
U011860,2025-12-23,10,4977.99,8,5,5,5,Champions
U011861,2025-10-24,2,1049.24,68,2,2,1,Hibernating
U011862,2025-12-30,5,2307.98,1,5,4,3,Champions
U011863,2025-12-03,3,2862.0,28,4,2,3,New & Promising
U011864,2025-12-19,10,4592.54,12,5,5,4,Champions
U011865,2025-12-07,6,2982.24,24,4,4,3,Champions
U011866,2025-09-11,9,5778.070000000001,111,2,5,5,Loyal
U011867,2025-09-15,6,4734.0599999999995,107,2,4,4,Loyal
U011868,2025-11-09,3,2313.64,52,3,2,3,Potential Loyalists
U011869,2025-05-18,1,650.69,227,1,1,1,Hibernating
U011870,2025-09-10,3,729.99,112,2,2,1,Hibernating
U011871,2025-08-30,2,732.6,123,2,2,1,Hibernating
U011872,2025-12-16,8,3412.59,15,5,5,4,Champions
U011873,2025-12-13,5,2104.91,18,4,4,2,Champions
U011875,2025-11-19,5,2167.02,42,3,4,3,Loyal
U011878,2025-09-28,7,3772.67,94,2,5,4,Loyal
U011879,2025-12-03,2,1859.15,28,4,2,2,New & Promising
U011880,2025-10-19,7,3982.2200000000003,73,2,5,4,Loyal
U011881,2025-08-29,3,1202.92,124,2,2,2,Hibernating
U011882,2025-09-28,4,2839.1,94,2,3,3,At Risk
U011883,2025-12-04,5,3589.1899999999996,27,4,4,4,Champions
U011884,2025-07-22,2,1187.16,162,1,2,1,Hibernating
U011885,2025-12-26,12,8808.92,5,5,5,5,Champions
U011887,2025-03-29,1,908.35,277,1,1,1,Hibernating
U011888,2025-10-21,3,1532.37,71,2,2,2,Hibernating
U011889,2025-09-10,1,342.69,112,2,1,1,Hibernating
U011890,2025-11-09,5,2650.92,52,3,4,3,Loyal
U011891,2025-11-10,3,804.02,51,3,2,1,Potential Loyalists
U011892,2025-12-14,9,8818.89,17,5,5,5,Champions
U011893,2025-12-30,6,3261.84,1,5,4,4,Champions
U011894,2025-12-16,7,3397.96,15,5,5,4,Champions
U011895,2025-12-24,11,5373.26,7,5,5,5,Champions
U011896,2025-10-06,2,739.64,86,2,2,1,Hibernating
U011897,2025-08-26,3,938.25,127,2,2,1,Hibernating
U011898,2025-06-08,3,1597.99,206,1,2,2,Hibernating
U011899,2025-09-17,2,911.65,105,2,2,1,Hibernating
U011900,2025-12-13,10,5953.87,18,4,5,5,Champions
U011901,2025-11-10,6,5289.87,51,3,4,5,Loyal
U011902,2025-12-25,6,4538.45,6,5,4,4,Champions
U011903,2025-10-20,1,290.98,72,2,1,1,Hibernating
U011904,2025-12-13,13,9003.41,18,4,5,5,Champions
U011905,2025-02-25,1,562.62,309,1,1,1,Hibernating
U011906,2025-08-29,3,2060.18,124,2,2,2,Hibernating
U011908,2025-04-29,1,317.48,246,1,1,1,Hibernating
U011909,2025-07-29,2,685.63,155,1,2,1,Hibernating
U011910,2025-11-23,9,6597.37,38,3,5,5,Loyal
U011911,2025-10-20,4,2238.48,72,2,3,3,At Risk
U011912,2025-12-23,4,3682.54,8,5,3,4,Potential Loyalists
U011913,2025-12-23,8,3191.67,8,5,5,3,Champions
U011914,2025-12-12,12,7210.25,19,4,5,5,Champions
U011915,2025-12-14,9,3889.42,17,5,5,4,Champions
U011916,2025-10-27,5,2269.38,65,3,4,3,Loyal
U011917,2025-10-01,2,605.58,91,2,2,1,Hibernating
U011918,2025-12-05,12,8449.57,26,4,5,5,Champions
U011919,2025-08-28,3,1965.1100000000001,125,2,2,2,Hibernating
U011920,2025-12-12,6,5974.98,19,4,4,5,Champions
U011921,2025-10-27,4,2327.2799999999997,65,3,3,3,Potential Loyalists
U011922,2025-12-23,1,259.48,8,5,1,1,New & Promising
U011923,2025-05-10,2,1128.88,235,1,2,1,Hibernating
U011924,2025-10-11,2,854.0699999999999,81,2,2,1,Hibernating
U011925,2025-08-16,2,1934.14,137,1,2,2,Hibernating
U011927,2025-11-06,8,5352.54,55,3,5,5,Loyal
U011928,2025-11-11,3,1078.97,50,3,2,1,Potential Loyalists
U011929,2025-04-06,1,885.07,269,1,1,1,Hibernating
U011930,2025-11-25,8,4030.29,36,4,5,4,Champions
U011931,2025-12-30,4,1821.7299999999998,1,5,3,2,Potential Loyalists
U011932,2025-12-14,3,2034.3600000000001,17,5,2,2,New & Promising
U011933,2025-11-02,5,4305.0,59,3,4,4,Loyal
U011934,2025-12-13,6,3467.2999999999997,18,4,4,4,Champions
U011935,2025-10-16,4,3510.01,76,2,3,4,At Risk
U011936,2025-12-14,10,4578.64,17,5,5,4,Champions
U011937,2025-10-19,5,3456.64,73,2,4,4,Loyal
U011938,2025-08-14,9,3983.09,139,1,5,4,Loyal
U011939,2025-12-26,7,4862.13,5,5,5,5,Champions
U011940,2025-10-09,3,2355.63,83,2,2,3,Hibernating
U011941,2025-05-02,3,1439.03,243,1,2,2,Hibernating
U011942,2025-12-18,6,3511.38,13,5,4,4,Champions
U011943,2025-11-02,12,8673.960000000001,59,3,5,5,Loyal
U011944,2025-04-27,3,2883.87,248,1,2,3,Hibernating
U011945,2025-12-03,5,4154.240000000001,28,4,4,4,Champions
U011946,2025-02-27,1,1304.13,307,1,1,2,Hibernating
U011947,2025-04-24,2,423.53,251,1,2,1,Hibernating
U011949,2025-11-23,7,5013.41,38,3,5,5,Loyal
U011950,2025-05-13,1,759.5,232,1,1,1,Hibernating
U011951,2025-12-17,8,5447.23,14,5,5,5,Champions
U011952,2025-12-23,10,7554.0199999999995,8,5,5,5,Champions
U011953,2025-12-29,2,756.3,2,5,2,1,New & Promising
U011954,2025-12-21,3,1605.76,10,5,2,2,New & Promising
U011955,2025-12-13,4,2196.08,18,4,3,3,Potential Loyalists
U011956,2025-12-19,8,6384.719999999999,12,5,5,5,Champions
U011957,2025-11-10,4,1262.16,51,3,3,2,Potential Loyalists
U011958,2025-11-01,4,1158.94,60,3,3,1,Potential Loyalists
U011959,2025-12-12,3,1718.75,19,4,2,2,New & Promising
U011960,2025-12-03,3,1613.18,28,4,2,2,New & Promising
U011961,2025-12-26,9,3576.02,5,5,5,4,Champions
U011962,2025-10-26,4,4725.360000000001,66,3,3,4,Potential Loyalists
U011963,2025-12-29,12,8149.99,2,5,5,5,Champions
U011964,2025-12-30,2,1298.04,1,5,2,2,New & Promising
U011965,2025-11-03,4,1791.1200000000001,58,3,3,2,Potential Loyalists
U011966,2025-08-29,1,446.0,124,2,1,1,Hibernating
U011967,2025-12-21,4,2306.96,10,5,3,3,Potential Loyalists
U011968,2025-09-06,1,279.23,116,2,1,1,Hibernating
U011969,2025-10-05,6,3682.61,87,2,4,4,Loyal
U011970,2025-12-02,7,2716.71,29,4,5,3,Champions
U011971,2025-12-17,6,5070.469999999999,14,5,4,5,Champions
U011972,2025-12-07,9,4772.37,24,4,5,5,Champions
U011973,2025-12-12,6,4224.24,19,4,4,4,Champions
U011974,2025-09-13,8,5528.1900000000005,109,2,5,5,Loyal
U011975,2025-11-18,3,2170.75,43,3,2,3,Potential Loyalists
U011976,2025-08-24,2,434.33000000000004,129,1,2,1,Hibernating
U011977,2025-10-11,3,1944.7399999999998,81,2,2,2,Hibernating
U011978,2025-12-31,4,1868.79,0,5,3,2,Potential Loyalists
U011979,2025-12-11,5,3583.8599999999997,20,4,4,4,Champions
U011980,2025-07-02,1,438.8,182,1,1,1,Hibernating
U011981,2025-11-09,4,2671.2799999999997,52,3,3,3,Potential Loyalists
U011982,2025-12-13,4,1311.79,18,4,3,2,Potential Loyalists
U011983,2025-07-12,2,677.35,172,1,2,1,Hibernating
U011984,2025-12-12,2,1314.47,19,4,2,2,New & Promising
U011986,2025-12-12,1,436.78,19,4,1,1,New & Promising
U011987,2025-03-23,4,1647.15,283,1,3,2,At Risk
U011989,2025-12-29,12,10648.78,2,5,5,5,Champions
U011990,2025-12-10,8,8422.09,21,4,5,5,Champions
U011991,2025-04-02,1,670.25,273,1,1,1,Hibernating
U011992,2025-09-09,4,2536.7200000000003,113,2,3,3,At Risk
U011993,2025-10-28,2,571.97,64,3,2,1,Potential Loyalists
U011994,2025-10-29,4,1633.94,63,3,3,2,Potential Loyalists
U011995,2025-09-17,5,3121.8300000000004,105,2,4,3,Loyal
U011996,2025-03-30,2,2375.3,276,1,2,3,Hibernating
U011997,2025-09-24,9,6610.0,98,2,5,5,Loyal
U011998,2025-11-10,6,3891.4,51,3,4,4,Loyal
U011999,2025-09-17,6,3663.22,105,2,4,4,Loyal
U012000,2025-11-16,9,6234.75,45,3,5,5,Loyal
